{"name":"Gray Elephant","icon":"livingthings:elephant_spawn_egg","category":"livingthings:neutral_mobs_category","pages":[{"type":"text","text":"Huge animals that will be angry when you attack them!$(br2)$(bold)Health: $()30 Hearts$(br)$(bold)Attack-Damage: $()3.5 Hearts$(br2)$(bold)Breeding Items: $()$(li)Wheat (only tamed ones)$(br2)Can be tamed with apples. Tamed Gray Elephants can be equipped with a saddle, and then with a chest."},{"type":"entity","entity":"livingthings:elephant","rotate":false,"scale":0.9,"default_rotation":45,"text":"Can be found in all $(bold)Savanna$() biomes."}]}