{"name":"Raccoon Dog","icon":"livingthings:raccoon_spawn_egg","category":"livingthings:neutral_mobs_category","pages":[{"type":"text","text":"Medium-sized mammals that clean their food thoroughly before eating it.$(br2)$(bold)Health: $()5 Hearts$(br)$(bold)Attack-Damage: $()1 Hearts$(br2)$(bold)Breeding Items: $()$(li)Wheat$(li)Apple$(li)Carrot$(li)Potato$(li)Beetroot"},{"type":"entity","entity":"livingthings:raccoon","rotate":false,"scale":0.9,"default_rotation":35,"text":"Can be found in $(bold)Forest$() and $(bold)Plain$() biomes."}]}