{
	"credit": "Made with Blockbench",
	"ambientocclusion": false,
	"textures": {
		"1": "block/oak_planks",
		"2": "block/dark_oak_planks",
		"particle": "block/oak_planks"
	},
	"elements": [
		{
			"name": "top ending_NW",
			"from": [5, 8, 5],
			"to": [8, 11, 8],
			"rotation": {"angle": 0, "axis": "y", "origin": [8, 8, 8]},
			"faces": {
				"north": {"uv": [13, 0, 16, 3], "texture": "#1"},
				"west": {"uv": [0, 0, 3, 3], "texture": "#1"},
				"up": {"uv": [0, 0, 3, 3], "texture": "#1"},
				"down": {"uv": [15, 4, 12, 1], "rotation": 180, "texture": "#1"}
			}
		},
		{
			"name": "top ending_NE",
			"from": [8, 8, 5],
			"to": [11, 11, 8],
			"rotation": {"angle": 0, "axis": "y", "origin": [8, 8, 8]},
			"faces": {
				"north": {"uv": [0, 0, 3, 3], "texture": "#1"},
				"east": {"uv": [13, 0, 16, 3], "texture": "#1"},
				"up": {"uv": [13, 0, 16, 3], "texture": "#1"},
				"down": {"uv": [15, 4, 12, 1], "rotation": 90, "texture": "#1"}
			}
		},
		{
			"name": "top ending_SE",
			"from": [8, 8, 8],
			"to": [11, 11, 11],
			"rotation": {"angle": 0, "axis": "y", "origin": [8, 8, 8]},
			"faces": {
				"east": {"uv": [0, 0, 3, 3], "texture": "#1"},
				"south": {"uv": [13, 0, 16, 3], "texture": "#1"},
				"up": {"uv": [13, 13, 16, 16], "texture": "#1"},
				"down": {"uv": [15, 4, 12, 1], "texture": "#1"}
			}
		},
		{
			"name": "top ending/back.10",
			"from": [8, 8, 0],
			"to": [10, 11, 5],
			"rotation": {"angle": 0, "axis": "y", "origin": [8, 8, 8]},
			"faces": {
				"east": {"uv": [1, 4, 6, 7], "texture": "#1"},
				"up": {"uv": [0, 0, 5, 2], "rotation": 90, "texture": "#1"}
			}
		},
		{
			"name": "top ending/back.9",
			"from": [6, 8, 0],
			"to": [8, 11, 5],
			"rotation": {"angle": 0, "axis": "y", "origin": [8, 8, 8]},
			"faces": {
				"west": {"uv": [1, 4, 6, 7], "texture": "#1"},
				"up": {"uv": [0, 14, 5, 16], "rotation": 90, "texture": "#1"}
			}
		},
		{
			"name": "top ending_SW",
			"from": [5, 8, 8],
			"to": [8, 11, 11],
			"rotation": {"angle": 0, "axis": "y", "origin": [8, 8, 8]},
			"faces": {
				"south": {"uv": [0, 0, 3, 3], "texture": "#1"},
				"west": {"uv": [13, 0, 16, 3], "texture": "#1"},
				"up": {"uv": [0, 13, 3, 16], "texture": "#1"},
				"down": {"uv": [15, 4, 12, 1], "rotation": 270, "texture": "#1"}
			}
		},
		{
			"name": "shingle_middle_E",
			"from": [10.19879, 6.98233, 7],
			"to": [15.19879, 9.87233, 13],
			"rotation": {"angle": -22.5, "axis": "z", "origin": [8, 8, 8]},
			"faces": {
				"east": {"uv": [13.11, 3, 16, 9], "rotation": 270, "texture": "#1"},
				"south": {"uv": [0, 0, 5, 2.89], "texture": "#1"},
				"west": {"uv": [13.11, 3, 16, 9], "rotation": 270, "texture": "#1"},
				"up": {"uv": [0, 3, 5, 9], "rotation": 180, "texture": "#1"},
				"down": {"uv": [0, 9, 5, 3], "rotation": 180, "texture": "#1"}
			}
		},
		{
			"name": "shingle_middle_E",
			"from": [7.19879, 6.98233, 0],
			"to": [15.19879, 9.87233, 7],
			"rotation": {"angle": -22.5, "axis": "z", "origin": [8, 8, 2]},
			"faces": {
				"north": {"uv": [0, 4, 8, 6.89], "texture": "#1"},
				"east": {"uv": [13.11, 9, 16, 16], "rotation": 270, "texture": "#1"},
				"south": {"uv": [0, 0, 8, 2.89], "texture": "#1"},
				"west": {"uv": [13.11, 9, 16, 16], "rotation": 270, "texture": "#1"},
				"up": {"uv": [0, 9, 8, 16], "rotation": 180, "texture": "#1"},
				"down": {"uv": [0, 16, 8, 9], "rotation": 180, "texture": "#1"}
			}
		},
		{
			"name": "shingle_down_E2",
			"from": [13.16715, 4.09589, 0],
			"to": [22.16715, 6.98589, 14],
			"rotation": {"angle": -22.5, "axis": "z", "origin": [8, 8, 8]},
			"faces": {
				"north": {"uv": [0, 0, 9, 2.89], "texture": "#1"},
				"east": {"uv": [13.11, 2, 16, 16], "rotation": 270, "texture": "#1"},
				"west": {"uv": [13.11, 2, 16, 16], "rotation": 270, "texture": "#1", "cullface": "west"},
				"up": {"uv": [0, 2, 9, 16], "rotation": 180, "texture": "#1"},
				"down": {"uv": [0, 16, 9, 2], "rotation": 180, "texture": "#1"}
			}
		},
		{
			"name": "shingle_down_E3",
			"from": [17.16715, 4.09589, 14],
			"to": [22.16715, 6.98589, 16],
			"rotation": {"angle": -22.5, "axis": "z", "origin": [8, 8, 8]},
			"faces": {
				"east": {"uv": [13.11, 0, 16, 2], "rotation": 270, "texture": "#1"},
				"west": {"uv": [13.11, 0, 16, 2], "rotation": 270, "texture": "#1", "cullface": "east"},
				"up": {"uv": [0, 0, 5, 2], "rotation": 180, "texture": "#1", "cullface": "east"},
				"down": {"uv": [0, 2, 5, 0], "rotation": 180, "texture": "#1"}
			}
		},
		{
			"name": "shingle_down_E4",
			"from": [17.16715, 4.09589, 16],
			"to": [22.16715, 6.98589, 18],
			"rotation": {"angle": -22.5, "axis": "z", "origin": [8, 8, 8]},
			"faces": {
				"east": {"uv": [13.11, 14, 16, 16], "rotation": 270, "texture": "#1"},
				"south": {"uv": [0, 0, 5, 2.89], "texture": "#1"},
				"west": {"uv": [13.11, 14, 16, 16], "rotation": 270, "texture": "#1", "cullface": "east"},
				"up": {"uv": [0, 14, 5, 16], "rotation": 180, "texture": "#1", "cullface": "east"},
				"down": {"uv": [0, 16, 5, 14], "rotation": 180, "texture": "#1"}
			}
		},
		{
			"name": "shingle_middle_S",
			"from": [3, 6.98233, 10.19879],
			"to": [13, 9.87233, 15.19879],
			"rotation": {"angle": 22.5, "axis": "x", "origin": [8, 8, 8]},
			"faces": {
				"north": {"uv": [3, 0, 13, 2.89], "texture": "#1"},
				"east": {"uv": [0, 0, 5, 2.89], "texture": "#1"},
				"south": {"uv": [13.11, 3, 16, 13], "rotation": 270, "texture": "#1"},
				"west": {"uv": [0, 0, 5, 2.89], "texture": "#1"},
				"up": {"uv": [0, 3, 5, 13], "rotation": 270, "texture": "#1"},
				"down": {"uv": [3, 7, 13, 12], "rotation": 180, "texture": "#1"}
			}
		},
		{
			"name": "shingle_down_S1",
			"from": [14, 4.09589, 17.16715],
			"to": [16, 6.98589, 22.16715],
			"rotation": {"angle": 22.5, "axis": "x", "origin": [8, 8, 8]},
			"faces": {
				"north": {"uv": [0, 0, 0, 0], "texture": "#1"},
				"south": {"uv": [13.11, 14, 16, 16], "rotation": 270, "texture": "#1"},
				"up": {"uv": [0, 14, 5, 16], "rotation": 270, "texture": "#1", "cullface": "south"},
				"down": {"uv": [5, 14, 0, 16], "rotation": 270, "texture": "#1"}
			}
		},
		{
			"name": "shingle_down_S2",
			"from": [16, 4.09589, 17.16715],
			"to": [18, 6.98589, 22.16715],
			"rotation": {"angle": 22.5, "axis": "x", "origin": [8, 8, 8]},
			"faces": {
				"north": {"uv": [0, 0, 0, 0], "texture": "#1"},
				"east": {"uv": [4, 0, 9, 2.89], "texture": "#1"},
				"south": {"uv": [13.11, 0, 16, 2], "rotation": 270, "texture": "#1"},
				"up": {"uv": [0, 0, 5, 2], "rotation": 270, "texture": "#1", "cullface": "east"},
				"down": {"uv": [5, 0, 0, 2], "rotation": 270, "texture": "#1"}
			}
		},
		{
			"name": "shingle_down_S2",
			"from": [2, 4.09589, 13.16715],
			"to": [14, 6.98589, 22.16715],
			"rotation": {"angle": 22.5, "axis": "x", "origin": [8, 8, 8]},
			"faces": {
				"north": {"uv": [2, 0, 14, 2.89], "texture": "#1"},
				"east": {"uv": [0, 0, 9, 2.89], "texture": "#1"},
				"south": {"uv": [13.11, 2, 16, 14], "rotation": 270, "texture": "#1"},
				"west": {"uv": [0, 0, 9, 2.89], "texture": "#1"},
				"up": {"uv": [0, 2, 9, 14], "rotation": 270, "texture": "#1"},
				"down": {"uv": [9, 2, 0, 14], "rotation": 270, "texture": "#1"}
			}
		},
		{
			"name": "shingle_down_S3",
			"from": [0, 4.09589, 17.16715],
			"to": [2, 6.98589, 22.16715],
			"rotation": {"angle": 22.5, "axis": "x", "origin": [8, 8, 8]},
			"faces": {
				"north": {"uv": [0, 0, 0, 0], "texture": "#1"},
				"south": {"uv": [13.11, 0, 16, 2], "rotation": 270, "texture": "#1"},
				"up": {"uv": [0, 0, 5, 2], "rotation": 270, "texture": "#1", "cullface": "south"},
				"down": {"uv": [5, 0, 0, 2], "rotation": 270, "texture": "#1"}
			}
		},
		{
			"name": "shingle_down_S4",
			"from": [-2, 4.09589, 17.16715],
			"to": [0, 6.98589, 22.16715],
			"rotation": {"angle": 22.5, "axis": "x", "origin": [8, 8, 8]},
			"faces": {
				"north": {"uv": [0, 0, 0, 0], "texture": "#1"},
				"south": {"uv": [13.11, 14, 16, 16], "rotation": 270, "texture": "#1"},
				"west": {"uv": [4, 0, 9, 2.89], "texture": "#1"},
				"up": {"uv": [0, 14, 5, 16], "rotation": 270, "texture": "#1", "cullface": "west"},
				"down": {"uv": [5, 14, 0, 16], "rotation": 270, "texture": "#1"}
			}
		},
		{
			"name": "shingle_hip_middle_SE",
			"from": [9.86777, 5.02, 5.98959],
			"to": [17.86777, 10.02, 9.98959],
			"rotation": {"angle": -45, "axis": "y", "origin": [8, 8, 8]},
			"faces": {
				"north": {"uv": [0, 4, 8, 9], "texture": "#1"},
				"east": {"uv": [11, 4, 16, 8], "rotation": 270, "texture": "#1"},
				"south": {"uv": [0, 3, 8, 8], "rotation": 180, "texture": "#1"},
				"west": {"uv": [11, 4, 16, 8], "rotation": 270, "texture": "#1"},
				"up": {"uv": [0, 8, 8, 12], "rotation": 180, "texture": "#1"},
				"down": {"uv": [0, 8, 8, 12], "rotation": 180, "texture": "#1"}
			}
		},
		{
			"name": "shingle_hip_down_SE",
			"from": [13.89741, 0.02, 5.98959],
			"to": [25.89741, 5.02, 9.98959],
			"rotation": {"angle": -45, "axis": "y", "origin": [8, 8, 8]},
			"faces": {
				"north": {"uv": [0, 8, 12, 13], "texture": "#1"},
				"east": {"uv": [11, 8, 16, 12], "rotation": 270, "texture": "#1", "cullface": "west"},
				"south": {"uv": [0, 7, 12, 12], "rotation": 180, "texture": "#1"},
				"west": {"uv": [11, 8, 16, 12], "rotation": 270, "texture": "#1", "cullface": "west"},
				"up": {"uv": [0, 4, 12, 8], "rotation": 180, "texture": "#1"},
				"down": {"uv": [0, 4, 4, 16], "rotation": 270, "texture": "#1"}
			}
		},
		{
			"name": "shingle_middle_W",
			"from": [0.80121, 6.98233, 6.99],
			"to": [5.80121, 9.87233, 12.99],
			"rotation": {"angle": 22.5, "axis": "z", "origin": [8, 8, 8]},
			"faces": {
				"east": {"uv": [13.11, 13, 16, 7], "rotation": 270, "texture": "#1"},
				"south": {"uv": [0, 0, 5, 2.89], "texture": "#1"},
				"west": {"uv": [13.11, 7, 16, 13], "rotation": 270, "texture": "#1"},
				"up": {"uv": [0, 7, 5, 13], "texture": "#1"},
				"down": {"uv": [0, 13, 5, 7], "texture": "#1"}
			}
		},
		{
			"name": "shingle_middle_W",
			"from": [0.80121, 6.98233, -0.01],
			"to": [8.80121, 9.87233, 6.99],
			"rotation": {"angle": 22.5, "axis": "z", "origin": [8, 8, 2]},
			"faces": {
				"north": {"uv": [8, 8, 0, 10.89], "texture": "#1"},
				"east": {"uv": [13.11, 0, 16, 7], "rotation": 270, "texture": "#1"},
				"south": {"uv": [0, 0, 8, 2.89], "texture": "#1"},
				"west": {"uv": [13.11, 0, 16, 7], "rotation": 270, "texture": "#1"},
				"up": {"uv": [0, 0, 8, 7], "texture": "#1"},
				"down": {"uv": [0, 7, 8, 0], "texture": "#1"}
			}
		},
		{
			"name": "shingle_down_W1",
			"from": [-6.16715, 4.09589, 14],
			"to": [-1.16715, 6.98589, 16],
			"rotation": {"angle": 22.5, "axis": "z", "origin": [8, 8, 8]},
			"faces": {
				"east": {"uv": [13.11, 14, 16, 16], "rotation": 270, "texture": "#1", "cullface": "west"},
				"west": {"uv": [13.11, 14, 16, 16], "rotation": 270, "texture": "#1"},
				"up": {"uv": [0, 14, 5, 16], "texture": "#1", "cullface": "west"},
				"down": {"uv": [0, 16, 5, 14], "texture": "#1"}
			}
		},
		{
			"name": "shingle_down_W2",
			"from": [-6.16715, 4.09589, 16],
			"to": [-1.16715, 6.98589, 18],
			"rotation": {"angle": 22.5, "axis": "z", "origin": [8, 8, 8]},
			"faces": {
				"east": {"uv": [13.11, 0, 16, 2], "rotation": 270, "texture": "#1", "cullface": "west"},
				"south": {"uv": [4, 0, 9, 2.89], "texture": "#1"},
				"west": {"uv": [13.11, 0, 16, 2], "rotation": 270, "texture": "#1"},
				"up": {"uv": [0, 0, 5, 2], "texture": "#1", "cullface": "west"},
				"down": {"uv": [0, 2, 5, 0], "texture": "#1"}
			}
		},
		{
			"name": "shingle_down_W2",
			"from": [-6.16715, 4.09589, 0],
			"to": [2.83285, 6.98589, 14],
			"rotation": {"angle": 22.5, "axis": "z", "origin": [8, 8, 8]},
			"faces": {
				"north": {"uv": [9, 12, 0, 14.89], "texture": "#1"},
				"east": {"uv": [13.11, 0, 16, 14], "rotation": 270, "texture": "#1", "cullface": "west"},
				"west": {"uv": [13.11, 0, 16, 14], "rotation": 270, "texture": "#1"},
				"up": {"uv": [0, 0, 9, 14], "texture": "#1"},
				"down": {"uv": [0, 14, 9, 0], "texture": "#1"}
			}
		},
		{
			"name": "shingle_hip_middle_SW",
			"from": [6.01041, 5.02, 9.86777],
			"to": [10.01041, 10.02, 17.86777],
			"rotation": {"angle": -45, "axis": "y", "origin": [8, 8, 8]},
			"faces": {
				"north": {"uv": [11, 8, 16, 12], "rotation": 270, "texture": "#1"},
				"east": {"uv": [0, 4, 8, 9], "texture": "#1"},
				"south": {"uv": [11, 8, 16, 12], "rotation": 270, "texture": "#1"},
				"west": {"uv": [0, 3, 8, 8], "rotation": 180, "texture": "#1"},
				"up": {"uv": [0, 4, 8, 8], "rotation": 270, "texture": "#1"},
				"down": {"uv": [0, 4, 8, 8], "rotation": 270, "texture": "#1"}
			}
		},
		{
			"from": [0, 0, 0],
			"to": [16, 2, 16],
			"faces": {
				"up": {"uv": [0, 0, 16, 16], "texture": "#2"},
				"down": {"uv": [0, 0, 16, 16], "texture": "#2", "cullface": "down"}
			}
		},
		{
			"from": [-2, -0.01, 0],
			"to": [0, 1.99, 16],
			"faces": {
				"down": {"uv": [14, 0, 16, 16], "texture": "#2", "cullface": "down"}
			}
		},
		{
			"from": [-2, -0.0012, 16],
			"to": [0, 1.9988, 18],
			"faces": {
				"down": {"uv": [14, 14, 16, 16], "texture": "#2", "cullface": "down"}
			}
		},
		{
			"from": [16, 0.01, 0],
			"to": [18, 2.01, 16],
			"faces": {
				"down": {"uv": [0, 0, 2, 16], "texture": "#2", "cullface": "down"}
			}
		},
		{
			"from": [16, -0.001, 16],
			"to": [18, 1.999, 18],
			"faces": {
				"down": {"uv": [0, 14, 2, 16], "texture": "#2", "cullface": "down"}
			}
		},
		{
			"from": [0, 0, 16],
			"to": [16, 2, 18],
			"faces": {
				"down": {"uv": [0, 14, 16, 16], "texture": "#2", "cullface": "down"}
			}
		},
		{
			"name": "shingle_hip_down_SW",
			"from": [6.01041, 0.02, 13.89741],
			"to": [10.01041, 5.02, 25.89741],
			"rotation": {"angle": -45, "axis": "y", "origin": [8, 8, 8]},
			"faces": {
				"north": {"uv": [11, 4, 16, 8], "rotation": 270, "texture": "#1", "cullface": "west"},
				"east": {"uv": [0, 8, 12, 13], "texture": "#1"},
				"south": {"uv": [11, 4, 16, 8], "rotation": 270, "texture": "#1", "cullface": "west"},
				"west": {"uv": [0, 7, 12, 12], "rotation": 180, "texture": "#1"},
				"up": {"uv": [0, 8, 12, 12], "rotation": 270, "texture": "#1"},
				"down": {"uv": [0, 4, 4, 16], "rotation": 180, "texture": "#1"}
			}
		}
	],
	"display": {
		"thirdperson_righthand": {
			"rotation": [75, 45, 0],
			"translation": [0, 2.5, 0],
			"scale": [0.375, 0.375, 0.375]
		},
		"thirdperson_lefthand": {
			"rotation": [75, -135, 0],
			"translation": [0, 2.5, 0],
			"scale": [0.375, 0.375, 0.375]
		},
		"firstperson_righthand": {
			"rotation": [0, 45, 0],
			"scale": [0.4, 0.4, 0.4]
		},
		"firstperson_lefthand": {
			"rotation": [0, 225, 0],
			"scale": [0.4, 0.4, 0.4]
		},
		"gui": {
			"rotation": [30, 135, 0],
			"scale": [0.625, 0.625, 0.625]
		}
	}
}