{
	"credit": "Made with Blockbench",
	"ambientocclusion": false,
	"textures": {
		"0": "block/oak_planks",
		"1": "block/jungle_door_top",
		"particle": "block/oak_planks"
	},
	"elements": [
		{
			"from": [0, 0, 0],
			"to": [3, 4, 16],
			"faces": {
				"north": {"uv": [13, 12, 16, 16], "texture": "#0", "cullface": "north"},
				"east": {"uv": [0, 12, 16, 16], "texture": "#0"},
				"south": {"uv": [0, 12, 3, 16], "texture": "#0", "cullface": "south"},
				"west": {"uv": [0, 12, 16, 16], "texture": "#0", "cullface": "west"}
			}
		},
		{
			"from": [0, 4, 12],
			"to": [3, 16, 16],
			"faces": {
				"east": {"uv": [0, 0, 4, 12], "texture": "#0"},
				"south": {"uv": [0, 0, 3, 12], "texture": "#0", "cullface": "south"},
				"west": {"uv": [12, 0, 16, 12], "texture": "#0", "cullface": "west"},
				"up": {"uv": [0, 0, 4, 3], "rotation": 270, "texture": "#0", "cullface": "up"}
			}
		},
		{
			"from": [0, 4, 0],
			"to": [3, 16, 4],
			"faces": {
				"north": {"uv": [13, 0, 16, 12], "texture": "#0", "cullface": "north"},
				"east": {"uv": [12, 0, 16, 12], "texture": "#0"},
				"west": {"uv": [0, 0, 4, 12], "texture": "#0", "cullface": "west"},
				"up": {"uv": [12, 0, 16, 3], "rotation": 270, "texture": "#0", "cullface": "up"}
			}
		},
		{
			"from": [0, 13, 4],
			"to": [3, 16, 12],
			"faces": {
				"east": {"uv": [4, 0, 12, 3], "texture": "#0"},
				"west": {"uv": [4, 0, 12, 3], "texture": "#0"},
				"up": {"uv": [4, 0, 12, 3], "rotation": 270, "texture": "#0", "cullface": "up"}
			}
		},
		{
			"from": [0, 6, 4],
			"to": [3, 8, 12],
			"faces": {
				"east": {"uv": [4, 8, 12, 10], "texture": "#0"},
				"west": {"uv": [4, 8, 12, 10], "texture": "#0", "cullface": "west"}
			}
		},
		{
			"from": [0, 4, 4],
			"to": [3, 6, 6],
			"faces": {
				"east": {"uv": [10, 10, 12, 12], "texture": "#0"},
				"west": {"uv": [4, 10, 6, 12], "texture": "#0", "cullface": "west"}
			}
		},
		{
			"from": [0, 4, 10],
			"to": [3, 6, 12],
			"faces": {
				"east": {"uv": [4, 10, 6, 12], "texture": "#0"},
				"west": {"uv": [10, 10, 12, 12], "texture": "#0", "cullface": "west"}
			}
		},
		{
			"from": [0, 12, 4],
			"to": [3, 13, 7],
			"faces": {
				"east": {"uv": [9, 3, 12, 4], "texture": "#0"},
				"west": {"uv": [4, 3, 7, 4], "texture": "#0", "cullface": "west"}
			}
		},
		{
			"from": [0, 12, 9],
			"to": [3, 13, 12],
			"faces": {
				"east": {"uv": [4, 3, 7, 4], "texture": "#0"},
				"west": {"uv": [9, 3, 12, 4], "texture": "#0", "cullface": "west"}
			}
		},
		{
			"from": [0, 4, 6],
			"to": [3, 5, 7],
			"faces": {
				"east": {"uv": [9, 11, 10, 12], "texture": "#0"},
				"west": {"uv": [6, 11, 7, 12], "texture": "#0", "cullface": "west"}
			}
		},
		{
			"from": [0, 4, 9],
			"to": [3, 5, 10],
			"faces": {
				"east": {"uv": [6, 11, 7, 12], "texture": "#0"},
				"west": {"uv": [9, 11, 10, 12], "texture": "#0", "cullface": "west"}
			}
		},
		{
			"from": [0, 11, 4],
			"to": [3, 12, 5],
			"faces": {
				"east": {"uv": [11, 4, 12, 5], "texture": "#0"},
				"west": {"uv": [4, 4, 5, 5], "texture": "#0", "cullface": "west"}
			}
		},
		{
			"from": [0, 11, 11],
			"to": [3, 12, 12],
			"faces": {
				"east": {"uv": [4, 4, 5, 5], "texture": "#0"},
				"west": {"uv": [10, 4, 11, 5], "texture": "#0", "cullface": "west"}
			}
		},
		{
			"from": [0, 8, 6],
			"to": [3, 12, 7],
			"faces": {
				"east": {"uv": [9, 4, 10, 8], "texture": "#0"},
				"west": {"uv": [6, 4, 7, 8], "texture": "#0", "cullface": "west"}
			}
		},
		{
			"from": [0, 8, 9],
			"to": [3, 12, 10],
			"faces": {
				"east": {"uv": [6, 4, 7, 8], "texture": "#0"},
				"west": {"uv": [9, 4, 10, 8], "texture": "#0", "cullface": "west"}
			}
		},
		{
			"name": "door_handle",
			"from": [-0.01, 1, 12],
			"to": [3.01, 2, 15],
			"rotation": {"angle": 0, "axis": "y", "origin": [1.5, 8, 8]},
			"faces": {
				"east": {"uv": [11, 14, 14, 15], "rotation": 180, "texture": "#1"},
				"west": {"uv": [11, 14, 14, 15], "texture": "#1"}
			}
		},
		{
			"name": "door_handle",
			"from": [-0.01, 0, 12],
			"to": [3.01, 1, 13],
			"rotation": {"angle": 0, "axis": "y", "origin": [1.5, 8, 8]},
			"faces": {
				"east": {"uv": [11, 15, 12, 16], "texture": "#1"},
				"west": {"uv": [11, 15, 12, 16], "texture": "#1"}
			}
		},
		{
			"name": "hinge",
			"from": [-0.01, 0, 0],
			"to": [3.01, 1, 1],
			"rotation": {"angle": 0, "axis": "y", "origin": [1.5, 8, 8]},
			"faces": {
				"east": {"uv": [0, 15, 1, 16], "texture": "#1"},
				"west": {"uv": [0, 15, 1, 16], "texture": "#1"}
			}
		},
		{
			"name": "hinge",
			"from": [-0.01, 10, 0],
			"to": [3.01, 12, 1],
			"rotation": {"angle": 0, "axis": "y", "origin": [1.5, 8, 8]},
			"faces": {
				"east": {"uv": [0, 4, 1, 6], "texture": "#1"},
				"west": {"uv": [0, 4, 1, 6], "texture": "#1"}
			}
		}
	],
	"groups": [
		{
			"name": "window",
			"origin": [0, 0, 0],
			"color": 0,
			"children": []
		},
		{
			"name": "knob",
			"origin": [13.5, 1, 2],
			"color": 0,
			"children": []
		},
		{
			"name": "main",
			"origin": [0, 0, 0],
			"color": 0,
			"children": [0, 1, 2, 3, 4, 5, 6, 7, 8, 9, 10, 11, 12, 13, 14]
		},
		{
			"name": "decor",
			"origin": [8, 8, 8],
			"color": 0,
			"children": [15, 16, 17, 18]
		}
	]
}