{
	"credit": "Made with Blockbench",
	"ambientocclusion": false,
	"textures": {
		"0": "block/oak_planks",
		"1": "block/acacia_door_top",
		"particle": "block/oak_planks"
	},
	"elements": [
		{
			"from": [0, 0, 0],
			"to": [3, 14, 3],
			"rotation": {"angle": 0, "axis": "y", "origin": [1.5, 8, 8]},
			"faces": {
				"north": {"uv": [0, 0, 14, 3], "rotation": 270, "texture": "#0", "cullface": "south"},
				"east": {"uv": [1, 13, 15, 16], "rotation": 270, "texture": "#0", "cullface": "west"},
				"west": {"uv": [1, 13, 15, 16], "rotation": 90, "texture": "#0"}
			}
		},
		{
			"from": [0, 0, 13],
			"to": [3, 13, 16],
			"rotation": {"angle": 0, "axis": "y", "origin": [1.5, 8, 8]},
			"faces": {
				"east": {"uv": [1, 1, 14, 4], "rotation": 270, "texture": "#0", "cullface": "west"},
				"south": {"uv": [0, 0, 13, 3], "rotation": 270, "texture": "#0", "cullface": "north"},
				"west": {"uv": [1, 9, 14, 12], "rotation": 90, "texture": "#0"}
			}
		},
		{
			"from": [0, 13, 3],
			"to": [3, 16, 14],
			"rotation": {"angle": 0, "axis": "y", "origin": [1.5, 8, 8]},
			"faces": {
				"east": {"uv": [2, 1, 13, 4], "texture": "#0", "cullface": "west"},
				"west": {"uv": [2, 1, 13, 4], "texture": "#0"},
				"up": {"uv": [2, 0, 13, 3], "rotation": 270, "texture": "#0", "cullface": "up"}
			}
		},
		{
			"from": [0, 0, 3],
			"to": [3, 1, 13],
			"rotation": {"angle": 0, "axis": "y", "origin": [1.5, 8, 8]},
			"faces": {
				"east": {"uv": [3, 12, 13, 13], "texture": "#0", "cullface": "west"},
				"west": {"uv": [3, 12, 13, 13], "texture": "#0"}
			}
		},
		{
			"from": [0, 13, 14],
			"to": [3, 16, 16],
			"rotation": {"angle": 0, "axis": "y", "origin": [1.5, 8, 8]},
			"faces": {
				"east": {"uv": [1, 4, 3, 7], "texture": "#0", "cullface": "west"},
				"south": {"uv": [13, 0, 16, 3], "rotation": 270, "texture": "#0", "cullface": "north"},
				"west": {"uv": [13, 4, 15, 7], "texture": "#0"},
				"up": {"uv": [0, 0, 2, 3], "rotation": 270, "texture": "#0", "cullface": "up"}
			}
		},
		{
			"from": [0, 1, 5],
			"to": [3, 13, 7],
			"rotation": {"angle": 0, "axis": "y", "origin": [1.5, 8, 8]},
			"faces": {
				"east": {"uv": [1, 10, 13, 12], "rotation": 270, "texture": "#0", "cullface": "west"},
				"west": {"uv": [1, 7, 13, 9], "rotation": 270, "texture": "#0"}
			}
		},
		{
			"from": [0, 1, 9],
			"to": [3, 13, 11],
			"rotation": {"angle": 0, "axis": "y", "origin": [1.5, 8, 8]},
			"faces": {
				"east": {"uv": [1, 6, 13, 8], "rotation": 270, "texture": "#0", "cullface": "west"},
				"west": {"uv": [1, 11, 13, 13], "rotation": 270, "texture": "#0"}
			}
		},
		{
			"from": [0, 14, 0],
			"to": [3, 16, 3],
			"rotation": {"angle": 0, "axis": "y", "origin": [1.5, 8, 8]},
			"faces": {
				"north": {"uv": [14, 0, 16, 3], "rotation": 270, "texture": "#0", "cullface": "south"},
				"east": {"uv": [13, 13, 15, 16], "rotation": 270, "texture": "#0", "cullface": "west"},
				"west": {"uv": [2, 13, 4, 16], "rotation": 90, "texture": "#0"},
				"up": {"uv": [13, 0, 16, 3], "rotation": 270, "texture": "#0", "cullface": "up"}
			}
		},
		{
			"name": "door_handle",
			"from": [-0.01, 0, 1],
			"to": [3.01, 1, 4],
			"rotation": {"angle": 0, "axis": "y", "origin": [1.5, 8, 8]},
			"faces": {
				"east": {"uv": [12, 15, 15, 16], "texture": "#1", "cullface": "west"},
				"west": {"uv": [12, 15, 15, 16], "rotation": 180, "texture": "#1"}
			}
		},
		{
			"name": "hinge",
			"from": [-0.01, 0, 15],
			"to": [3.01, 1, 16],
			"rotation": {"angle": 0, "axis": "y", "origin": [1.5, 8, 8]},
			"faces": {
				"east": {"uv": [0, 15, 1, 16], "rotation": 180, "texture": "#1", "cullface": "west"},
				"west": {"uv": [0, 15, 1, 16], "texture": "#1"}
			}
		},
		{
			"name": "hinge",
			"from": [-0.01, 10, 15],
			"to": [3.01, 12, 16],
			"rotation": {"angle": 0, "axis": "y", "origin": [1.5, 8, 8]},
			"faces": {
				"east": {"uv": [0, 4, 1, 6], "texture": "#1", "cullface": "west"},
				"west": {"uv": [0, 4, 1, 6], "texture": "#1"}
			}
		}
	],
	"groups": [
		{
			"name": "main",
			"origin": [0, 8, 8],
			"color": 0,
			"children": [0, 1, 2, 3, 4, 5, 6, 7]
		},
		{
			"name": "decor",
			"origin": [8, 8, 8],
			"color": 0,
			"children": [8, 9, 10]
		}
	]
}