{
	"credit": "Made with Blockbench",
	"ambientocclusion": false,
	"textures": {
		"0": "block/oak_planks",
		"1": "block/jungle_door_bottom",
		"particle": "block/oak_planks"
	},
	"elements": [
		{
			"name": "main",
			"from": [0, 0, 0],
			"to": [3, 16, 16],
			"faces": {
				"north": {"uv": [13, 0, 16, 16], "texture": "#0", "cullface": "north"},
				"east": {"uv": [0, 0, 16, 16], "texture": "#0"},
				"south": {"uv": [0, 0, 3, 16], "texture": "#0", "cullface": "south"},
				"west": {"uv": [0, 0, 16, 16], "texture": "#0", "cullface": "west"},
				"down": {"uv": [0, 12, 16, 15], "rotation": 270, "texture": "#0", "cullface": "down"}
			}
		},
		{
			"name": "hinge",
			"from": [-0.01, 15, 0],
			"to": [3.01, 16, 1],
			"rotation": {"angle": 0, "axis": "y", "origin": [1.5, 8, 8]},
			"faces": {
				"east": {"uv": [0, 0, 1, 1], "texture": "#1"},
				"west": {"uv": [0, 0, 1, 1], "texture": "#1"}
			}
		},
		{
			"name": "hinge",
			"from": [-0.01, 5, 0],
			"to": [3.01, 7, 1],
			"rotation": {"angle": 0, "axis": "y", "origin": [1.5, 8, 8]},
			"faces": {
				"east": {"uv": [0, 9, 1, 11], "texture": "#1"},
				"west": {"uv": [0, 9, 1, 11], "texture": "#1"}
			}
		}
	],
	"groups": [
		0,
		{
			"name": "decor",
			"origin": [8, 8, 8],
			"color": 0,
			"children": [1, 2]
		}
	]
}