{
	"credit": "Made with Blockbench",
	"ambientocclusion": false,
	"textures": {
		"0": "block/oak_planks",
		"1": "block/acacia_door_bottom",
		"particle": "block/oak_planks"
	},
	"elements": [
		{
			"from": [0, 3, 13],
			"to": [3, 16, 16],
			"rotation": {"angle": 0, "axis": "y", "origin": [1.5, 8, 8]},
			"faces": {
				"east": {"uv": [1, 13, 14, 16], "rotation": 90, "texture": "#0"},
				"south": {"uv": [3, 0, 16, 3], "rotation": 270, "texture": "#0", "cullface": "south"},
				"west": {"uv": [2, 13, 15, 16], "rotation": 270, "texture": "#0", "cullface": "west"}
			}
		},
		{
			"from": [0, 3, 0],
			"to": [3, 16, 3],
			"rotation": {"angle": 0, "axis": "y", "origin": [1.5, 8, 8]},
			"faces": {
				"north": {"uv": [3, 0, 16, 3], "rotation": 270, "texture": "#0", "cullface": "north"},
				"east": {"uv": [1, 1, 14, 4], "rotation": 90, "texture": "#0"},
				"west": {"uv": [1, 9, 14, 12], "rotation": 270, "texture": "#0", "cullface": "west"}
			}
		},
		{
			"from": [0, 0, 2],
			"to": [3, 3, 15],
			"rotation": {"angle": 0, "axis": "y", "origin": [1.5, 8, 8]},
			"faces": {
				"east": {"uv": [1, 13, 14, 16], "texture": "#0"},
				"west": {"uv": [2, 13, 15, 16], "texture": "#0", "cullface": "west"},
				"down": {"uv": [1, 12, 14, 15], "rotation": 90, "texture": "#0", "cullface": "down"}
			}
		},
		{
			"from": [0, 15, 3],
			"to": [3, 16, 13],
			"rotation": {"angle": 0, "axis": "y", "origin": [1.5, 8, 8]},
			"faces": {
				"east": {"uv": [3, 3, 13, 4], "texture": "#0"},
				"west": {"uv": [3, 3, 13, 4], "texture": "#0", "cullface": "west"}
			}
		},
		{
			"from": [0, 3, 9],
			"to": [3, 15, 11],
			"rotation": {"angle": 0, "axis": "y", "origin": [1.5, 8, 8]},
			"faces": {
				"east": {"uv": [1, 7, 13, 9], "rotation": 270, "texture": "#0"},
				"west": {"uv": [1, 10, 13, 12], "rotation": 270, "texture": "#0", "cullface": "west"}
			}
		},
		{
			"from": [0, 3, 5],
			"to": [3, 15, 7],
			"rotation": {"angle": 0, "axis": "y", "origin": [1.5, 8, 8]},
			"faces": {
				"east": {"uv": [3, 11, 15, 13], "rotation": 270, "texture": "#0"},
				"west": {"uv": [3, 6, 15, 8], "rotation": 270, "texture": "#0", "cullface": "west"}
			}
		},
		{
			"from": [0, 0, 15],
			"to": [3, 1, 16],
			"faces": {
				"east": {"uv": [0, 15, 1, 16], "texture": "#0"},
				"south": {"uv": [0, 0, 1, 3], "rotation": 90, "texture": "#0", "cullface": "south"},
				"west": {"uv": [15, 15, 16, 16], "texture": "#0", "cullface": "west"},
				"down": {"uv": [15, 12, 16, 15], "rotation": 90, "texture": "#0", "cullface": "down"}
			}
		},
		{
			"from": [0, 1, 15],
			"to": [3, 3, 16],
			"faces": {
				"east": {"uv": [1, 15, 3, 16], "rotation": 90, "texture": "#0"},
				"south": {"uv": [1, 0, 3, 3], "rotation": 270, "texture": "#0", "cullface": "south"},
				"west": {"uv": [0, 15, 2, 16], "rotation": 90, "texture": "#0", "cullface": "west"}
			}
		},
		{
			"from": [0, 0, 0],
			"to": [3, 3, 2],
			"rotation": {"angle": 0, "axis": "y", "origin": [1.5, 8, 8]},
			"faces": {
				"north": {"uv": [0, 0, 3, 3], "rotation": 270, "texture": "#0", "cullface": "north"},
				"east": {"uv": [13, 13, 15, 16], "texture": "#0"},
				"west": {"uv": [1, 13, 3, 16], "texture": "#0", "cullface": "west"},
				"down": {"uv": [0, 12, 2, 15], "rotation": 90, "texture": "#0", "cullface": "down"}
			}
		},
		{
			"name": "door_handle",
			"from": [-0.01, 15, 14],
			"to": [3.01, 16, 15],
			"rotation": {"angle": 0, "axis": "y", "origin": [1.5, 8, 8]},
			"faces": {
				"east": {"uv": [14, 0, 15, 1], "texture": "#1"},
				"west": {"uv": [14, 0, 15, 1], "rotation": 180, "texture": "#1", "cullface": "west"}
			}
		},
		{
			"name": "hinge",
			"from": [-0.01, 15, 0],
			"to": [3.01, 16, 1],
			"rotation": {"angle": 0, "axis": "y", "origin": [1.5, 8, 8]},
			"faces": {
				"east": {"uv": [0, 0, 1, 1], "texture": "#1"},
				"west": {"uv": [0, 0, 1, 1], "rotation": 180, "texture": "#1", "cullface": "west"}
			}
		},
		{
			"name": "hinge",
			"from": [-0.01, 4, 0],
			"to": [3.01, 6, 1],
			"rotation": {"angle": 0, "axis": "y", "origin": [1.5, 8, 8]},
			"faces": {
				"east": {"uv": [0, 10, 1, 12], "texture": "#1"},
				"west": {"uv": [0, 10, 1, 12], "texture": "#1", "cullface": "west"}
			}
		}
	],
	"groups": [
		{
			"name": "main",
			"origin": [0, 8, 8],
			"color": 0,
			"children": [0, 1, 2, 3, 4, 5, 6, 7, 8]
		},
		{
			"name": "decor",
			"origin": [8, 8, 8],
			"color": 0,
			"children": [9, 10, 11]
		}
	]
}