{
	"credit": "Made with Blockbench",
	"parent": "minecraft:block/door_bottom",
	"ambientocclusion": false,
	"textures": {
		"0": "block/oak_planks",
		"particle": "#0"
	},
	"elements": [
		{
			"name": "jungle_door_top_0",
			"from": [0, 11, 0],
			"to": [3, 16, 5],
			"faces": {
				"north": {"uv": [13, 0, 16, 5], "texture": "#0", "cullface": "north"},
				"east": {"uv": [0, 5, 5, 0], "rotation": 180, "texture": "#0"},
				"south": {"uv": [0, 0, 3, 5], "texture": "#0"},
				"west": {"uv": [0, 0, 5, 5], "texture": "#0", "cullface": "west"},
				"up": {"uv": [5, 0, 0, 3], "rotation": 270, "texture": "#0", "cullface": "up"},
				"down": {"uv": [11, 13, 16, 16], "rotation": 270, "texture": "#0"}
			}
		},
		{
			"name": "jungle_door_top_1",
			"from": [0, 13, 5],
			"to": [3, 16, 16],
			"faces": {
				"east": {"uv": [5, 3, 16, 0], "rotation": 180, "texture": "#0"},
				"south": {"uv": [0, 0, 3, 3], "texture": "#0", "cullface": "south"},
				"west": {"uv": [5, 0, 16, 3], "texture": "#0", "cullface": "west"},
				"up": {"uv": [16, 0, 5, 3], "rotation": 270, "texture": "#0", "cullface": "up"},
				"down": {"uv": [0, 13, 11, 16], "rotation": 270, "texture": "#0"}
			}
		},
		{
			"name": "jungle_door_top_2",
			"from": [0, 12, 5],
			"to": [3, 13, 7],
			"faces": {
				"east": {"uv": [5, 4, 7, 3], "rotation": 180, "texture": "#0"},
				"south": {"uv": [6, 3, 7, 4], "texture": "#0"},
				"west": {"uv": [5, 3, 7, 4], "texture": "#0", "cullface": "west"},
				"down": {"uv": [9, 13, 11, 16], "texture": "#0"}
			}
		},
		{
			"name": "jungle_door_top_3",
			"from": [0, 12, 9],
			"to": [3, 13, 16],
			"faces": {
				"north": {"uv": [13, 3, 16, 4], "texture": "#0"},
				"east": {"uv": [9, 4, 16, 3], "rotation": 180, "texture": "#0"},
				"south": {"uv": [0, 3, 3, 4], "texture": "#0", "cullface": "south"},
				"west": {"uv": [9, 3, 16, 4], "texture": "#0", "cullface": "west"},
				"down": {"uv": [0, 13, 7, 16], "rotation": 270, "texture": "#0"}
			}
		},
		{
			"name": "jungle_door_top_4",
			"from": [0, 6, 6],
			"to": [3, 12, 7],
			"faces": {
				"north": {"uv": [13, 4, 16, 10], "texture": "#0"},
				"east": {"uv": [6, 10, 7, 4], "rotation": 180, "texture": "#0"},
				"south": {"uv": [0, 4, 3, 10], "texture": "#0"},
				"west": {"uv": [6, 4, 7, 10], "texture": "#0", "cullface": "west"},
				"down": {"uv": [9, 13, 10, 16], "rotation": 270, "texture": "#0"}
			}
		},
		{
			"name": "jungle_door_top_5",
			"from": [0, 6, 9],
			"to": [3, 12, 10],
			"faces": {
				"north": {"uv": [13, 4, 16, 10], "texture": "#0"},
				"east": {"uv": [9, 10, 10, 4], "rotation": 180, "texture": "#0"},
				"south": {"uv": [0, 4, 3, 10], "texture": "#0"},
				"west": {"uv": [9, 4, 10, 10], "texture": "#0", "cullface": "west"},
				"down": {"uv": [6, 13, 7, 16], "rotation": 270, "texture": "#0"}
			}
		},
		{
			"name": "jungle_door_top_6",
			"from": [0, 11, 11],
			"to": [3, 12, 16],
			"faces": {
				"north": {"uv": [13, 4, 16, 5], "texture": "#0"},
				"east": {"uv": [11, 5, 16, 4], "rotation": 180, "texture": "#0"},
				"south": {"uv": [0, 4, 3, 5], "texture": "#0", "cullface": "south"},
				"west": {"uv": [11, 4, 16, 5], "texture": "#0", "cullface": "west"},
				"down": {"uv": [0, 13, 5, 16], "rotation": 270, "texture": "#0"}
			}
		},
		{
			"name": "jungle_door_top_7",
			"from": [0, 0, 0],
			"to": [3, 11, 4],
			"faces": {
				"north": {"uv": [13, 5, 16, 16], "texture": "#0", "cullface": "north"},
				"east": {"uv": [0, 16, 4, 5], "rotation": 180, "texture": "#0"},
				"south": {"uv": [0, 5, 3, 16], "texture": "#0"},
				"west": {"uv": [0, 5, 4, 16], "texture": "#0", "cullface": "west"},
				"down": {"uv": [0, 13, 4, 16], "rotation": 270, "texture": "#0", "cullface": "down"}
			}
		},
		{
			"name": "jungle_door_top_8",
			"from": [0, 0, 12],
			"to": [3, 11, 16],
			"faces": {
				"north": {"uv": [13, 5, 16, 16], "texture": "#0"},
				"east": {"uv": [12, 16, 16, 5], "rotation": 180, "texture": "#0"},
				"south": {"uv": [0, 5, 3, 16], "texture": "#0", "cullface": "south"},
				"west": {"uv": [12, 5, 16, 16], "texture": "#0", "cullface": "west"},
				"down": {"uv": [12, 13, 16, 16], "rotation": 270, "texture": "#0", "cullface": "down"}
			}
		},
		{
			"name": "jungle_door_top_9",
			"from": [0, 0, 4],
			"to": [3, 8, 6],
			"faces": {
				"east": {"uv": [4, 16, 6, 8], "rotation": 180, "texture": "#0"},
				"south": {"uv": [0, 8, 3, 16], "texture": "#0"},
				"west": {"uv": [4, 8, 6, 16], "texture": "#0", "cullface": "west"},
				"up": {"uv": [10, 0, 12, 3], "rotation": 270, "texture": "#0"},
				"down": {"uv": [4, 13, 6, 16], "rotation": 270, "texture": "#0", "cullface": "down"}
			}
		},
		{
			"name": "jungle_door_top_10",
			"from": [0, 6, 7],
			"to": [3, 8, 9],
			"faces": {
				"east": {"uv": [7, 10, 9, 8], "rotation": 180, "texture": "#0"},
				"west": {"uv": [7, 8, 9, 10], "texture": "#0", "cullface": "west"},
				"up": {"uv": [7, 0, 9, 3], "rotation": 270, "texture": "#0"},
				"down": {"uv": [7, 13, 9, 16], "rotation": 270, "texture": "#0"}
			}
		},
		{
			"name": "jungle_door_top_11",
			"from": [0, 0, 10],
			"to": [3, 8, 12],
			"faces": {
				"north": {"uv": [13, 8, 16, 16], "texture": "#0"},
				"east": {"uv": [10, 16, 12, 8], "rotation": 180, "texture": "#0"},
				"west": {"uv": [10, 8, 12, 16], "texture": "#0", "cullface": "west"},
				"up": {"uv": [4, 0, 6, 3], "rotation": 270, "texture": "#0"},
				"down": {"uv": [10, 13, 12, 16], "rotation": 270, "texture": "#0", "cullface": "down"}
			}
		},
		{
			"name": "jungle_door_top_12",
			"from": [0, 0, 6],
			"to": [3, 5, 7],
			"faces": {
				"east": {"uv": [6, 16, 7, 11], "rotation": 180, "texture": "#0"},
				"south": {"uv": [0, 11, 3, 16], "texture": "#0"},
				"west": {"uv": [6, 11, 7, 16], "texture": "#0", "cullface": "west"},
				"up": {"uv": [9, 0, 10, 3], "rotation": 270, "texture": "#0"},
				"down": {"uv": [6, 13, 7, 16], "rotation": 270, "texture": "#0", "cullface": "down"}
			}
		},
		{
			"name": "jungle_door_top_13",
			"from": [0, 0, 9],
			"to": [3, 5, 10],
			"faces": {
				"north": {"uv": [13, 11, 16, 16], "texture": "#0"},
				"east": {"uv": [9, 16, 10, 11], "rotation": 180, "texture": "#0"},
				"west": {"uv": [9, 11, 10, 16], "texture": "#0", "cullface": "west"},
				"up": {"uv": [6, 0, 7, 3], "rotation": 270, "texture": "#0"},
				"down": {"uv": [9, 13, 10, 16], "rotation": 270, "texture": "#0", "cullface": "down"}
			}
		},
		{
			"name": "jungle_door_top_14",
			"from": [0, 0, 7],
			"to": [3, 4, 9],
			"faces": {
				"east": {"uv": [7, 16, 9, 12], "rotation": 180, "texture": "#0"},
				"west": {"uv": [7, 12, 9, 16], "texture": "#0", "cullface": "west"},
				"up": {"uv": [7, 0, 9, 3], "rotation": 270, "texture": "#0"},
				"down": {"uv": [7, 13, 9, 16], "rotation": 270, "texture": "#0", "cullface": "down"}
			}
		}
	],
	"groups": [
		{
			"name": "jungle_door_top",
			"origin": [8, 8, 8],
			"color": 0,
			"children": [0, 1, 2, 3, 4, 5, 6, 7, 8, 9, 10, 11, 12, 13, 14]
		}
	]
}