{
	"credit": "Made with Blockbench",
	"ambientocclusion": false,
	"textures": {
		"0": "block/oak_planks",
		"1": "block/oak_door_top",
		"particle": "block/oak_planks"
	},
	"elements": [
		{
			"name": "door_handle",
			"from": [-0.01, 1, 11],
			"to": [3.01, 2, 14],
			"rotation": {"angle": 0, "axis": "y", "origin": [1.5, 8, 8]},
			"faces": {
				"east": {"uv": [11, 14, 14, 15], "rotation": 180, "texture": "#1"},
				"west": {"uv": [11, 14, 14, 15], "texture": "#1", "cullface": "west"}
			}
		},
		{
			"name": "door_handle",
			"from": [-0.01, 0, 11],
			"to": [3.01, 1, 12],
			"rotation": {"angle": 0, "axis": "y", "origin": [1.5, 8, 8]},
			"faces": {
				"east": {"uv": [11, 15, 12, 16], "texture": "#1"},
				"west": {"uv": [11, 15, 12, 16], "texture": "#1", "cullface": "west"}
			}
		},
		{
			"name": "hinge",
			"from": [-0.01, 0, 0],
			"to": [3.01, 1, 1],
			"rotation": {"angle": 0, "axis": "y", "origin": [1.5, 8, 8]},
			"faces": {
				"east": {"uv": [0, 15, 1, 16], "texture": "#1"},
				"west": {"uv": [0, 15, 1, 16], "texture": "#1", "cullface": "west"}
			}
		},
		{
			"name": "hinge",
			"from": [-0.01, 10, 0],
			"to": [3.01, 12, 1],
			"rotation": {"angle": 0, "axis": "y", "origin": [1.5, 8, 8]},
			"faces": {
				"east": {"uv": [0, 4, 1, 6], "texture": "#1"},
				"west": {"uv": [0, 4, 1, 6], "texture": "#1", "cullface": "west"}
			}
		},
		{
			"from": [0, 0, 12],
			"to": [3, 2, 13],
			"rotation": {"angle": 0, "axis": "y", "origin": [1.5, 8, 8]},
			"faces": {
				"east": {"uv": [13, 11, 15, 12], "rotation": 90, "texture": "#0"},
				"west": {"uv": [13, 11, 15, 12], "rotation": 90, "texture": "#0", "cullface": "west"}
			}
		},
		{
			"from": [0, 1, 13],
			"to": [3, 15, 16],
			"rotation": {"angle": 0, "axis": "y", "origin": [1.5, 8, 8]},
			"faces": {
				"east": {"uv": [1, 13, 15, 16], "rotation": 90, "texture": "#0"},
				"south": {"uv": [1, 0, 15, 3], "rotation": 90, "texture": "#0", "cullface": "south"},
				"west": {"uv": [1, 13, 15, 16], "rotation": 270, "texture": "#0", "cullface": "west"}
			}
		},
		{
			"from": [0, 5, 0],
			"to": [3, 14, 3],
			"rotation": {"angle": 0, "axis": "y", "origin": [1.5, 8, 8]},
			"faces": {
				"north": {"uv": [5, 0, 14, 3], "rotation": 270, "texture": "#0", "cullface": "north"},
				"east": {"uv": [5, 9, 14, 12], "rotation": 90, "texture": "#0"},
				"west": {"uv": [5, 1, 14, 4], "rotation": 270, "texture": "#0", "cullface": "west"}
			}
		},
		{
			"from": [0, 14, 0],
			"to": [3, 16, 13],
			"rotation": {"angle": 0, "axis": "y", "origin": [1.5, 8, 8]},
			"faces": {
				"north": {"uv": [14, 0, 16, 3], "rotation": 270, "texture": "#0", "cullface": "north"},
				"east": {"uv": [2, 8, 15, 10], "texture": "#0"},
				"west": {"uv": [1, 8, 14, 10], "texture": "#0", "cullface": "west"},
				"up": {"uv": [3, 0, 16, 3], "rotation": 270, "texture": "#0", "cullface": "up"}
			}
		},
		{
			"from": [0, 13, 3],
			"to": [3, 14, 13],
			"rotation": {"angle": 0, "axis": "y", "origin": [1.5, 8, 8]},
			"faces": {
				"east": {"uv": [3, 3, 13, 4], "texture": "#0"},
				"west": {"uv": [3, 3, 13, 4], "texture": "#0", "cullface": "west"}
			}
		},
		{
			"from": [0, 5, 7],
			"to": [3, 8, 9],
			"rotation": {"angle": 0, "axis": "y", "origin": [1.5, 8, 8]},
			"faces": {
				"east": {"uv": [3, 14, 6, 16], "rotation": 270, "texture": "#0"},
				"west": {"uv": [3, 14, 6, 16], "rotation": 270, "texture": "#0", "cullface": "west"}
			}
		},
		{
			"from": [0, 10, 7],
			"to": [3, 13, 9],
			"rotation": {"angle": 0, "axis": "y", "origin": [1.5, 8, 8]},
			"faces": {
				"east": {"uv": [10, 14, 13, 16], "rotation": 270, "texture": "#0"},
				"west": {"uv": [10, 14, 13, 16], "rotation": 270, "texture": "#0", "cullface": "west"}
			}
		},
		{
			"from": [0, 8, 3],
			"to": [3, 10, 13],
			"rotation": {"angle": 0, "axis": "y", "origin": [1.5, 8, 8]},
			"faces": {
				"east": {"uv": [3, 14, 13, 16], "texture": "#0"},
				"west": {"uv": [3, 14, 13, 16], "texture": "#0", "cullface": "west"}
			}
		},
		{
			"from": [0, 2, 2],
			"to": [3, 5, 13],
			"rotation": {"angle": 0, "axis": "y", "origin": [1.5, 8, 8]},
			"faces": {
				"east": {"uv": [2, 9, 13, 12], "texture": "#0"},
				"west": {"uv": [3, 9, 14, 12], "texture": "#0", "cullface": "west"}
			}
		},
		{
			"from": [0, 2, 0],
			"to": [3, 5, 2],
			"rotation": {"angle": 0, "axis": "y", "origin": [1.5, 8, 8]},
			"faces": {
				"north": {"uv": [2, 0, 5, 3], "rotation": 270, "texture": "#0", "cullface": "north"},
				"east": {"uv": [2, 13, 5, 15], "rotation": 90, "texture": "#0"},
				"west": {"uv": [2, 1, 5, 3], "rotation": 270, "texture": "#0", "cullface": "west"}
			}
		},
		{
			"from": [0, 0, 0],
			"to": [3, 2, 3],
			"rotation": {"angle": 0, "axis": "y", "origin": [1.5, 8, 8]},
			"faces": {
				"north": {"uv": [0, 0, 2, 3], "rotation": 270, "texture": "#0", "cullface": "north"},
				"east": {"uv": [13, 9, 15, 12], "rotation": 90, "texture": "#0"},
				"west": {"uv": [1, 1, 3, 4], "rotation": 270, "texture": "#0", "cullface": "west"}
			}
		},
		{
			"from": [0, 0, 3],
			"to": [3, 2, 12],
			"rotation": {"angle": 0, "axis": "x", "origin": [1.5, 8, 8]},
			"faces": {
				"east": {"uv": [3, 12, 12, 14], "texture": "#0"},
				"west": {"uv": [3, 12, 12, 14], "texture": "#0", "cullface": "west"}
			}
		},
		{
			"from": [0, 0, 13],
			"to": [3, 1, 16],
			"rotation": {"angle": 0, "axis": "y", "origin": [1.5, 8, 8]},
			"faces": {
				"east": {"uv": [14, 13, 15, 16], "rotation": 90, "texture": "#0"},
				"south": {"uv": [15, 0, 16, 3], "rotation": 90, "texture": "#0", "cullface": "south"},
				"west": {"uv": [14, 13, 15, 16], "rotation": 270, "texture": "#0", "cullface": "west"}
			}
		},
		{
			"from": [0, 15, 13],
			"to": [3, 16, 16],
			"rotation": {"angle": 0, "axis": "y", "origin": [1.5, 8, 8]},
			"faces": {
				"east": {"uv": [1, 13, 2, 16], "rotation": 90, "texture": "#0"},
				"south": {"uv": [0, 0, 1, 3], "rotation": 90, "texture": "#0", "cullface": "south"},
				"west": {"uv": [1, 13, 2, 16], "rotation": 270, "texture": "#0", "cullface": "west"},
				"up": {"uv": [0, 0, 3, 3], "rotation": 270, "texture": "#0", "cullface": "up"}
			}
		}
	],
	"groups": [
		{
			"name": "decor",
			"origin": [8, 8, 8],
			"color": 0,
			"children": [0, 1, 2, 3]
		},
		{
			"name": "main",
			"origin": [1.5, 8, 8],
			"color": 0,
			"children": [4, 5, 6, 7, 8, 9, 10, 11, 12, 13, 14, 15, 16, 17]
		}
	]
}