{
	"credit": "Made with Blockbench",
	"ambientocclusion": false,
	"textures": {
		"0": "block/oak_planks",
		"1": "block/oak_door_bottom",
		"particle": "block/oak_planks"
	},
	"elements": [
		{
			"name": "hinge",
			"from": [-0.01, 15, 0],
			"to": [3.01, 16, 1],
			"rotation": {"angle": 0, "axis": "y", "origin": [1.5, 8, 8]},
			"faces": {
				"east": {"uv": [0, 0, 1, 1], "texture": "#1"},
				"west": {"uv": [0, 0, 1, 1], "texture": "#1", "cullface": "west"}
			}
		},
		{
			"name": "hinge",
			"from": [-0.01, 4, 0],
			"to": [3.01, 6, 1],
			"rotation": {"angle": 0, "axis": "y", "origin": [1.5, 8, 8]},
			"faces": {
				"east": {"uv": [0, 10, 1, 12], "texture": "#1"},
				"west": {"uv": [0, 10, 1, 12], "texture": "#1", "cullface": "west"}
			}
		},
		{
			"from": [0, 0, 2],
			"to": [3, 3, 15],
			"rotation": {"angle": 0, "axis": "y", "origin": [1.5, 8, 8]},
			"faces": {
				"east": {"uv": [1, 13, 14, 16], "texture": "#0"},
				"west": {"uv": [2, 13, 15, 16], "texture": "#0", "cullface": "west"},
				"down": {"uv": [1, 0, 14, 3], "rotation": 90, "texture": "#0", "cullface": "down"}
			}
		},
		{
			"from": [0, 0, 15],
			"to": [3, 3, 16],
			"rotation": {"angle": 0, "axis": "y", "origin": [1.5, 8, 8]},
			"faces": {
				"east": {"uv": [0, 15, 3, 16], "rotation": 90, "texture": "#0"},
				"south": {"uv": [13, 0, 16, 3], "rotation": 90, "texture": "#0", "cullface": "south"},
				"west": {"uv": [1, 15, 4, 16], "rotation": 90, "texture": "#0", "cullface": "west"},
				"down": {"uv": [0, 0, 1, 3], "rotation": 90, "texture": "#0", "cullface": "down"}
			}
		},
		{
			"from": [0, 3, 13],
			"to": [3, 16, 16],
			"rotation": {"angle": 0, "axis": "y", "origin": [1.5, 8, 8]},
			"faces": {
				"east": {"uv": [1, 13, 14, 16], "rotation": 90, "texture": "#0"},
				"south": {"uv": [0, 0, 13, 3], "rotation": 90, "texture": "#0", "cullface": "south"},
				"west": {"uv": [2, 13, 15, 16], "rotation": 270, "texture": "#0", "cullface": "west"}
			}
		},
		{
			"from": [0, 3, 0],
			"to": [3, 16, 3],
			"rotation": {"angle": 0, "axis": "y", "origin": [1.5, 8, 8]},
			"faces": {
				"north": {"uv": [3, 0, 16, 3], "rotation": 270, "texture": "#0", "cullface": "north"},
				"east": {"uv": [1, 9, 14, 12], "rotation": 90, "texture": "#0"},
				"west": {"uv": [2, 1, 15, 4], "rotation": 270, "texture": "#0", "cullface": "west"}
			}
		},
		{
			"from": [0, 3, 3],
			"to": [3, 7, 12],
			"rotation": {"angle": 0, "axis": "y", "origin": [1.5, 8, 8]},
			"faces": {
				"east": {"uv": [4, 8, 13, 12], "texture": "#0"},
				"west": {"uv": [3, 8, 12, 12], "texture": "#0", "cullface": "west"}
			}
		},
		{
			"from": [0, 7, 3],
			"to": [3, 11, 12],
			"rotation": {"angle": 0, "axis": "y", "origin": [1.5, 8, 8]},
			"faces": {
				"east": {"uv": [4, 4, 13, 8], "texture": "#0"},
				"west": {"uv": [3, 4, 12, 8], "texture": "#0", "cullface": "west"}
			}
		},
		{
			"from": [0, 11, 3],
			"to": [3, 15, 12],
			"rotation": {"angle": 0, "axis": "y", "origin": [1.5, 8, 8]},
			"faces": {
				"east": {"uv": [4, 8, 13, 12], "texture": "#0"},
				"west": {"uv": [3, 8, 12, 12], "texture": "#0", "cullface": "west"}
			}
		},
		{
			"from": [0, 3, 12],
			"to": [3, 16, 13],
			"rotation": {"angle": 0, "axis": "y", "origin": [1.5, 8, 8]},
			"faces": {
				"east": {"uv": [1, 7, 14, 8], "rotation": 90, "texture": "#0"},
				"west": {"uv": [2, 11, 15, 12], "rotation": 270, "texture": "#0", "cullface": "west"}
			}
		},
		{
			"from": [0, 15, 3],
			"to": [3, 16, 12],
			"rotation": {"angle": 0, "axis": "y", "origin": [1.5, 8, 8]},
			"faces": {
				"east": {"uv": [4, 3, 13, 4], "texture": "#0"},
				"west": {"uv": [3, 3, 12, 4], "texture": "#0", "cullface": "west"}
			}
		},
		{
			"from": [0, 0, 0],
			"to": [3, 3, 2],
			"rotation": {"angle": 0, "axis": "y", "origin": [1.5, 8, 8]},
			"faces": {
				"north": {"uv": [0, 0, 3, 3], "rotation": 270, "texture": "#0", "cullface": "north"},
				"east": {"uv": [13, 13, 15, 16], "texture": "#0"},
				"west": {"uv": [1, 13, 3, 16], "texture": "#0", "cullface": "west"},
				"down": {"uv": [14, 0, 16, 3], "rotation": 90, "texture": "#0", "cullface": "down"}
			}
		}
	],
	"groups": [
		{
			"name": "decor",
			"origin": [8, 8, 8],
			"color": 0,
			"children": [0, 1]
		},
		{
			"name": "main",
			"origin": [0, 0, 0],
			"color": 0,
			"children": [2, 3, 4, 5, 6, 7, 8, 9, 10, 11]
		}
	]
}