{
	"credit": "Made with Blockbench",
	"parent": "block/thin_block",
	"textures": {
		"0": "block/oak_planks",
		"particle": "block/oak_planks"
	},
	"elements": [
		{
			"from": [0, 0, 0],
			"to": [16, 3, 3],
			"faces": {
				"north": {"uv": [0, 13, 16, 16], "texture": "#0", "cullface": "north"},
				"east": {"uv": [13, 13, 16, 16], "texture": "#0", "cullface": "east"},
				"west": {"uv": [0, 13, 3, 16], "texture": "#0", "cullface": "west"},
				"up": {"uv": [0, 0, 16, 3], "texture": "#0"},
				"down": {"uv": [0, 13, 16, 16], "texture": "#0", "cullface": "down"}
			}
		},
		{
			"from": [0, 0, 3],
			"to": [3, 3, 13],
			"faces": {
				"west": {"uv": [3, 13, 13, 16], "texture": "#0", "cullface": "west"},
				"up": {"uv": [0, 3, 3, 13], "texture": "#0"},
				"down": {"uv": [0, 3, 3, 13], "texture": "#0", "cullface": "down"}
			}
		},
		{
			"from": [6, 0, 3],
			"to": [10, 3, 13],
			"faces": {
				"up": {"uv": [6, 3, 10, 13], "texture": "#0"},
				"down": {"uv": [6, 3, 10, 13], "texture": "#0", "cullface": "down"}
			}
		},
		{
			"from": [13, 0, 3],
			"to": [16, 3, 13],
			"faces": {
				"east": {"uv": [3, 13, 13, 16], "texture": "#0", "cullface": "east"},
				"up": {"uv": [13, 3, 16, 13], "texture": "#0"},
				"down": {"uv": [13, 3, 16, 13], "texture": "#0", "cullface": "down"}
			}
		},
		{
			"from": [3, 0, 6],
			"to": [6, 3, 10],
			"faces": {
				"up": {"uv": [3, 6, 6, 10], "texture": "#0"},
				"down": {"uv": [3, 6, 6, 10], "texture": "#0", "cullface": "down"}
			}
		},
		{
			"from": [10, 0, 6],
			"to": [13, 3, 10],
			"faces": {
				"up": {"uv": [10, 6, 13, 10], "texture": "#0"},
				"down": {"uv": [10, 6, 13, 10], "texture": "#0", "cullface": "down"}
			}
		},
		{
			"from": [0, 0, 13],
			"to": [16, 3, 16],
			"faces": {
				"east": {"uv": [0, 13, 3, 16], "texture": "#0", "cullface": "east"},
				"south": {"uv": [0, 13, 16, 16], "texture": "#0", "cullface": "south"},
				"west": {"uv": [13, 13, 16, 16], "texture": "#0", "cullface": "west"},
				"up": {"uv": [0, 13, 16, 16], "texture": "#0"},
				"down": {"uv": [0, 3, 16, 0], "texture": "#0", "cullface": "down"}
			}
		}
	],
	"groups": [
		{
			"name": "main",
			"origin": [8, 8, 8],
			"color": 0,
			"nbt": "{}",
			"children": [0, 1, 2, 3, 4, 5, 6]
		}
	]
}