{
	"credit": "Made with Blockbench",
	"parent": "block/thin_block",
	"textures": {
		"1": "block/oak_planks",
		"particle": "block/oak_planks"
	},
	"elements": [
		{
			"from": [13, 0, 0],
			"to": [16, 3, 16],
			"rotation": {"angle": 0, "axis": "y", "origin": [8, 1.5, 8]},
			"faces": {
				"north": {"uv": [0, 13, 3, 16], "texture": "#1", "cullface": "north"},
				"east": {"uv": [0, 13, 16, 16], "texture": "#1", "cullface": "east"},
				"south": {"uv": [13, 13, 16, 16], "texture": "#1", "cullface": "south"},
				"up": {"uv": [13, 0, 16, 16], "texture": "#1"},
				"down": {"uv": [13, 0, 16, 16], "texture": "#1", "cullface": "down"}
			}
		},
		{
			"from": [0, 0, 0],
			"to": [3, 3, 16],
			"rotation": {"angle": 0, "axis": "y", "origin": [8, 1.5, 8]},
			"faces": {
				"north": {"uv": [13, 13, 16, 16], "texture": "#1", "cullface": "north"},
				"south": {"uv": [0, 13, 3, 16], "texture": "#1", "cullface": "south"},
				"west": {"uv": [0, 13, 16, 16], "texture": "#1", "cullface": "west"},
				"up": {"uv": [0, 0, 3, 16], "texture": "#1"},
				"down": {"uv": [0, 0, 3, 16], "texture": "#1", "cullface": "down"}
			}
		},
		{
			"from": [3, 0, 0],
			"to": [13, 3, 3],
			"rotation": {"angle": 0, "axis": "y", "origin": [8, 1.5, 8]},
			"faces": {
				"north": {"uv": [3, 13, 13, 16], "texture": "#1", "cullface": "north"},
				"up": {"uv": [3, 0, 13, 3], "texture": "#1"},
				"down": {"uv": [4, 13, 14, 16], "texture": "#1", "cullface": "down"}
			}
		},
		{
			"from": [3, 0, 13],
			"to": [13, 3, 16],
			"rotation": {"angle": 0, "axis": "y", "origin": [8, 1.5, 8]},
			"faces": {
				"south": {"uv": [3, 13, 13, 16], "texture": "#1", "cullface": "south"},
				"up": {"uv": [3, 13, 13, 16], "texture": "#1"},
				"down": {"uv": [3, 0, 13, 3], "texture": "#1", "cullface": "down"}
			}
		},
		{
			"from": [5, 0, 3],
			"to": [10, 3, 4],
			"rotation": {"angle": 0, "axis": "y", "origin": [8, 1.5, 8]},
			"faces": {
				"up": {"uv": [5, 4, 10, 3], "texture": "#1"},
				"down": {"uv": [5, 13, 10, 12], "texture": "#1", "cullface": "down"}
			}
		},
		{
			"from": [12, 0, 4],
			"to": [13, 3, 5],
			"rotation": {"angle": 0, "axis": "y", "origin": [8, 1.5, 8]},
			"faces": {
				"up": {"uv": [12, 4, 13, 5], "texture": "#1"},
				"down": {"uv": [12, 11, 13, 12], "texture": "#1", "cullface": "down"}
			}
		},
		{
			"from": [5, 0, 5],
			"to": [12, 3, 6],
			"rotation": {"angle": 0, "axis": "y", "origin": [8, 1.5, 8]},
			"faces": {
				"up": {"uv": [5, 5, 12, 6], "texture": "#1"},
				"down": {"uv": [5, 10, 12, 11], "texture": "#1", "cullface": "down"}
			}
		},
		{
			"from": [3, 0, 5],
			"to": [4, 3, 6],
			"rotation": {"angle": 0, "axis": "y", "origin": [8, 1.5, 8]},
			"faces": {
				"up": {"uv": [3, 5, 4, 6], "texture": "#1"},
				"down": {"uv": [3, 10, 4, 11], "texture": "#1", "cullface": "down"}
			}
		},
		{
			"from": [10, 0, 6],
			"to": [13, 3, 7],
			"rotation": {"angle": 0, "axis": "y", "origin": [8, 1.5, 8]},
			"faces": {
				"up": {"uv": [10, 5, 13, 6], "texture": "#1"},
				"down": {"uv": [10, 9, 13, 10], "texture": "#1", "cullface": "down"}
			}
		},
		{
			"from": [3, 0, 6],
			"to": [7, 3, 7],
			"rotation": {"angle": 0, "axis": "y", "origin": [8, 1.5, 8]},
			"faces": {
				"up": {"uv": [3, 6, 7, 7], "texture": "#1"},
				"down": {"uv": [3, 9, 7, 10], "texture": "#1", "cullface": "down"}
			}
		},
		{
			"from": [3, 0, 7],
			"to": [4, 3, 8],
			"rotation": {"angle": 0, "axis": "y", "origin": [8, 1.5, 8]},
			"faces": {
				"up": {"uv": [3, 7, 4, 8], "texture": "#1"},
				"down": {"uv": [3, 8, 4, 9], "texture": "#1", "cullface": "down"}
			}
		},
		{
			"from": [12, 0, 9],
			"to": [13, 3, 10],
			"rotation": {"angle": 0, "axis": "y", "origin": [8, 1.5, 8]},
			"faces": {
				"up": {"uv": [12, 9, 13, 10], "texture": "#1"},
				"down": {"uv": [12, 6, 13, 7], "texture": "#1", "cullface": "down"}
			}
		},
		{
			"from": [4, 0, 9],
			"to": [10, 3, 10],
			"rotation": {"angle": 0, "axis": "y", "origin": [8, 1.5, 8]},
			"faces": {
				"up": {"uv": [4, 9, 10, 10], "texture": "#1"},
				"down": {"uv": [4, 6, 10, 7], "texture": "#1", "cullface": "down"}
			}
		},
		{
			"from": [9, 0, 10],
			"to": [13, 3, 12],
			"rotation": {"angle": 0, "axis": "y", "origin": [8, 1.5, 8]},
			"faces": {
				"up": {"uv": [9, 10, 13, 12], "texture": "#1"},
				"down": {"uv": [9, 4, 13, 6], "texture": "#1", "cullface": "down"}
			}
		},
		{
			"from": [8, 0, 10],
			"to": [9, 3, 11],
			"rotation": {"angle": 0, "axis": "y", "origin": [8, 1.5, 8]},
			"faces": {
				"up": {"uv": [8, 10, 9, 11], "texture": "#1"},
				"down": {"uv": [8, 5, 9, 6], "texture": "#1", "cullface": "down"}
			}
		},
		{
			"from": [3, 0, 10],
			"to": [6, 3, 11],
			"rotation": {"angle": 0, "axis": "y", "origin": [8, 1.5, 8]},
			"faces": {
				"up": {"uv": [3, 10, 6, 11], "texture": "#1"},
				"down": {"uv": [3, 5, 6, 6], "texture": "#1", "cullface": "down"}
			}
		},
		{
			"from": [3, 0, 11],
			"to": [5, 3, 12],
			"rotation": {"angle": 0, "axis": "y", "origin": [8, 1.5, 8]},
			"faces": {
				"up": {"uv": [3, 11, 5, 12], "texture": "#1"},
				"down": {"uv": [3, 4, 5, 5], "texture": "#1", "cullface": "down"}
			}
		},
		{
			"from": [6, 0, 12],
			"to": [8, 3, 13],
			"rotation": {"angle": 0, "axis": "y", "origin": [8, 1.5, 8]},
			"faces": {
				"up": {"uv": [6, 12, 8, 13], "texture": "#1"},
				"down": {"uv": [6, 3, 8, 4], "texture": "#1", "cullface": "down"}
			}
		}
	],
	"groups": [
		{
			"name": "main",
			"origin": [0, 0, 0],
			"color": 0,
			"nbt": "{}",
			"children": [0, 1, 2, 3, 4, 5, 6, 7, 8, 9, 10, 11, 12, 13, 14, 15, 16, 17]
		}
	]
}