{
	"credit": "Made with Blockbench",
	"parent": "block/thin_block",
	"textures": {
		"0": "block/oak_planks",
		"particle": "block/oak_planks"
	},
	"elements": [
		{
			"from": [0, 0, 0],
			"to": [16, 3, 3],
			"rotation": {"angle": 0, "axis": "y", "origin": [8, 1.5, 8]},
			"faces": {
				"north": {"uv": [0, 13, 16, 16], "texture": "#0", "cullface": "north"},
				"east": {"uv": [13, 13, 16, 16], "texture": "#0", "cullface": "east"},
				"west": {"uv": [0, 13, 3, 16], "texture": "#0", "cullface": "west"},
				"up": {"uv": [0, 0, 16, 3], "texture": "#0"},
				"down": {"uv": [0, 13, 16, 16], "texture": "#0", "cullface": "down"}
			}
		},
		{
			"from": [0, 0, 12],
			"to": [16, 3, 16],
			"rotation": {"angle": 0, "axis": "y", "origin": [8, 1.5, 8]},
			"faces": {
				"east": {"uv": [0, 13, 4, 16], "texture": "#0", "cullface": "east"},
				"south": {"uv": [0, 13, 16, 16], "texture": "#0", "cullface": "south"},
				"west": {"uv": [12, 13, 16, 16], "texture": "#0", "cullface": "west"},
				"up": {"uv": [0, 12, 16, 16], "texture": "#0"},
				"down": {"uv": [0, 0, 16, 4], "texture": "#0", "cullface": "down"}
			}
		},
		{
			"from": [0, 0, 3],
			"to": [3, 3, 12],
			"rotation": {"angle": 0, "axis": "y", "origin": [8, 1.5, 8]},
			"faces": {
				"west": {"uv": [4, 13, 13, 16], "texture": "#0", "cullface": "west"},
				"up": {"uv": [0, 3, 3, 12], "texture": "#0"},
				"down": {"uv": [0, 4, 3, 13], "texture": "#0", "cullface": "down"}
			}
		},
		{
			"from": [13, 0, 3],
			"to": [16, 3, 12],
			"rotation": {"angle": 0, "axis": "y", "origin": [8, 1.5, 8]},
			"faces": {
				"east": {"uv": [4, 13, 13, 16], "texture": "#0", "cullface": "east"},
				"up": {"uv": [13, 3, 16, 12], "texture": "#0"},
				"down": {"uv": [13, 4, 16, 13], "texture": "#0", "cullface": "down"}
			}
		},
		{
			"from": [3, 0, 7],
			"to": [13, 3, 9],
			"rotation": {"angle": 0, "axis": "y", "origin": [8, 1.5, 8]},
			"faces": {
				"up": {"uv": [3, 7, 13, 9], "texture": "#0"},
				"down": {"uv": [3, 7, 13, 9], "texture": "#0", "cullface": "down"}
			}
		},
		{
			"from": [6, 0.01, 3],
			"to": [7, 3.03, 12],
			"rotation": {"angle": 0, "axis": "y", "origin": [8, 1.5, 8]},
			"faces": {
				"up": {"uv": [5, 3, 6, 12], "texture": "#0"},
				"down": {"uv": [5, 4, 6, 13], "texture": "#0"}
			}
		},
		{
			"from": [9, 0.01, 3],
			"to": [10, 3.01, 12],
			"rotation": {"angle": 0, "axis": "y", "origin": [8, 1.5, 8]},
			"faces": {
				"up": {"uv": [9, 3, 10, 12], "texture": "#0"},
				"down": {"uv": [9, 4, 10, 13], "texture": "#0"}
			}
		},
		{
			"from": [3, 0, 3],
			"to": [4, 3, 5],
			"rotation": {"angle": 0, "axis": "y", "origin": [8, 1.5, 8]},
			"faces": {
				"up": {"uv": [3, 3, 4, 5], "texture": "#0"},
				"down": {"uv": [3, 11, 4, 13], "texture": "#0", "cullface": "down"}
			}
		},
		{
			"from": [12, 0, 3],
			"to": [13, 3, 5],
			"rotation": {"angle": 0, "axis": "y", "origin": [8, 1.5, 8]},
			"faces": {
				"up": {"uv": [12, 3, 13, 5], "texture": "#0"},
				"down": {"uv": [12, 11, 13, 13], "texture": "#0", "cullface": "down"}
			}
		},
		{
			"from": [3, 0, 9],
			"to": [4, 3, 12],
			"rotation": {"angle": 0, "axis": "y", "origin": [8, 1.5, 8]},
			"faces": {
				"up": {"uv": [3, 9, 4, 12], "texture": "#0"},
				"down": {"uv": [3, 4, 4, 7], "texture": "#0", "cullface": "down"}
			}
		},
		{
			"from": [12, 0, 9],
			"to": [13, 3, 12],
			"rotation": {"angle": 0, "axis": "y", "origin": [8, 1.5, 8]},
			"faces": {
				"up": {"uv": [12, 9, 13, 12], "texture": "#0"},
				"down": {"uv": [12, 4, 13, 7], "texture": "#0", "cullface": "down"}
			}
		},
		{
			"from": [4, 0, 3],
			"to": [5, 3, 4],
			"rotation": {"angle": 0, "axis": "y", "origin": [8, 1.5, 8]},
			"faces": {
				"up": {"uv": [4, 3, 5, 4], "texture": "#0"},
				"down": {"uv": [4, 12, 5, 13], "texture": "#0", "cullface": "down"}
			}
		},
		{
			"from": [11, 0, 3],
			"to": [12, 3, 4],
			"rotation": {"angle": 0, "axis": "y", "origin": [8, 1.5, 8]},
			"faces": {
				"up": {"uv": [11, 3, 12, 4], "texture": "#0"},
				"down": {"uv": [11, 12, 12, 13], "texture": "#0", "cullface": "down"}
			}
		},
		{
			"from": [4, 0, 11],
			"to": [5, 3, 12],
			"rotation": {"angle": 0, "axis": "y", "origin": [8, 1.5, 8]},
			"faces": {
				"up": {"uv": [4, 11, 5, 12], "texture": "#0"},
				"down": {"uv": [6, 4, 5, 5], "texture": "#0", "cullface": "down"}
			}
		},
		{
			"from": [11, 0, 11],
			"to": [12, 3, 12],
			"rotation": {"angle": 0, "axis": "y", "origin": [8, 1.5, 8]},
			"faces": {
				"up": {"uv": [11, 11, 12, 12], "texture": "#0"},
				"down": {"uv": [11, 4, 12, 5], "texture": "#0", "cullface": "down"}
			}
		}
	],
	"groups": [
		{
			"name": "main",
			"origin": [8, 8, 8],
			"color": 0,
			"nbt": "{}",
			"children": [0, 1, 2, 3]
		},
		{
			"name": "center",
			"origin": [8, 1.5, 8],
			"color": 0,
			"nbt": "{}",
			"children": [4, 5, 6, 7, 8, 9, 10, 11, 12, 13, 14]
		}
	]
}