{
	"credit": "Made with Blockbench",
	"parent": "block/thin_block",
	"textures": {
		"1": "block/oak_planks",
		"particle": "block/oak_planks"
	},
	"elements": [
		{
			"from": [0, 0, 0],
			"to": [16, 3, 3],
			"faces": {
				"north": {"uv": [0, 13, 16, 16], "texture": "#1", "cullface": "north"},
				"east": {"uv": [13, 13, 16, 16], "texture": "#1", "cullface": "east"},
				"west": {"uv": [0, 13, 3, 16], "texture": "#1", "cullface": "west"},
				"up": {"uv": [0, 0, 16, 3], "texture": "#1"},
				"down": {"uv": [0, 13, 16, 16], "texture": "#1", "cullface": "down"}
			}
		},
		{
			"from": [0, 0, 3],
			"to": [2, 3, 13],
			"faces": {
				"west": {"uv": [3, 13, 13, 16], "texture": "#1", "cullface": "west"},
				"up": {"uv": [0, 3, 2, 13], "texture": "#1"},
				"down": {"uv": [0, 3, 2, 13], "texture": "#1", "cullface": "down"}
			}
		},
		{
			"from": [4, 0, 3],
			"to": [7, 3, 13],
			"faces": {
				"up": {"uv": [4, 3, 7, 13], "texture": "#1"},
				"down": {"uv": [4, 3, 7, 13], "texture": "#1", "cullface": "down"}
			}
		},
		{
			"from": [9, 0, 3],
			"to": [12, 3, 13],
			"faces": {
				"up": {"uv": [9, 3, 12, 13], "texture": "#1"},
				"down": {"uv": [9, 3, 12, 13], "texture": "#1", "cullface": "down"}
			}
		},
		{
			"from": [14, 0, 3],
			"to": [16, 3, 13],
			"faces": {
				"east": {"uv": [3, 13, 13, 16], "texture": "#1", "cullface": "east"},
				"up": {"uv": [14, 3, 16, 13], "texture": "#1"},
				"down": {"uv": [14, 3, 16, 13], "texture": "#1", "cullface": "down"}
			}
		},
		{
			"from": [0, 0, 13],
			"to": [16, 3, 16],
			"faces": {
				"east": {"uv": [0, 13, 3, 16], "texture": "#1", "cullface": "east"},
				"south": {"uv": [0, 13, 16, 16], "texture": "#1", "cullface": "south"},
				"west": {"uv": [13, 13, 16, 16], "texture": "#1", "cullface": "west"},
				"up": {"uv": [0, 13, 16, 16], "texture": "#1"},
				"down": {"uv": [0, 3, 16, 0], "texture": "#1", "cullface": "down"}
			}
		}
	],
	"groups": [
		{
			"name": "main",
			"origin": [8, 8, 8],
			"color": 0,
			"nbt": "{}",
			"children": [0, 1, 2, 3, 4, 5]
		}
	]
}