{
	"credit": "Made with Blockbench",
	"parent": "block/thin_block",
	"textures": {
		"1": "block/oak_planks",
		"particle": "block/oak_planks"
	},
	"elements": [
		{
			"from": [0, 0, 0],
			"to": [16, 3, 3],
			"faces": {
				"north": {"uv": [0, 13, 16, 16], "texture": "#1", "cullface": "north"},
				"east": {"uv": [13, 13, 16, 16], "texture": "#1", "cullface": "east"},
				"west": {"uv": [0, 13, 3, 16], "texture": "#1", "cullface": "west"},
				"up": {"uv": [0, 0, 16, 3], "texture": "#1"},
				"down": {"uv": [0, 13, 16, 16], "texture": "#1", "cullface": "down"}
			}
		},
		{
			"from": [0, 0, 13],
			"to": [16, 3, 16],
			"faces": {
				"east": {"uv": [0, 13, 3, 16], "texture": "#1", "cullface": "east"},
				"south": {"uv": [0, 13, 16, 16], "texture": "#1", "cullface": "south"},
				"west": {"uv": [13, 13, 16, 16], "texture": "#1", "cullface": "west"},
				"up": {"uv": [0, 13, 16, 16], "texture": "#1"},
				"down": {"uv": [0, 0, 16, 3], "texture": "#1", "cullface": "down"}
			}
		},
		{
			"from": [0, 0, 3],
			"to": [3, 3, 13],
			"faces": {
				"west": {"uv": [3, 13, 13, 16], "texture": "#1", "cullface": "west"},
				"up": {"uv": [0, 3, 3, 13], "texture": "#1"},
				"down": {"uv": [0, 3, 3, 13], "texture": "#1", "cullface": "down"}
			}
		},
		{
			"from": [13, 0, 3],
			"to": [16, 3, 13],
			"faces": {
				"east": {"uv": [3, 13, 13, 16], "texture": "#1", "cullface": "east"},
				"up": {"uv": [13, 3, 16, 13], "texture": "#1"},
				"down": {"uv": [13, 3, 16, 13], "texture": "#1", "cullface": "down"}
			}
		},
		{
			"from": [3, 0, 6],
			"to": [4, 3, 11],
			"faces": {
				"up": {"uv": [2, 6, 1, 11], "texture": "#1"},
				"down": {"uv": [1, 5, 2, 10], "texture": "#1", "cullface": "down"}
			}
		},
		{
			"from": [4, 0, 3],
			"to": [5, 3, 4],
			"faces": {
				"up": {"uv": [4, 3, 5, 4], "texture": "#1"},
				"down": {"uv": [4, 12, 5, 13], "texture": "#1", "cullface": "down"}
			}
		},
		{
			"from": [5, 0, 4],
			"to": [6, 3, 11],
			"faces": {
				"up": {"uv": [5, 4, 6, 11], "texture": "#1"},
				"down": {"uv": [5, 5, 6, 12], "texture": "#1", "cullface": "down"}
			}
		},
		{
			"from": [5, 0, 12],
			"to": [6, 3, 13],
			"faces": {
				"up": {"uv": [5, 12, 6, 13], "texture": "#1"},
				"down": {"uv": [5, 3, 6, 4], "texture": "#1", "cullface": "down"}
			}
		},
		{
			"from": [6, 0, 3],
			"to": [7, 3, 6],
			"faces": {
				"up": {"uv": [6, 3, 7, 6], "texture": "#1"},
				"down": {"uv": [6, 10, 7, 13], "texture": "#1", "cullface": "down"}
			}
		},
		{
			"from": [6, 0, 9],
			"to": [7, 3, 13],
			"faces": {
				"up": {"uv": [6, 9, 7, 13], "texture": "#1"},
				"down": {"uv": [6, 3, 7, 7], "texture": "#1", "cullface": "down"}
			}
		},
		{
			"from": [7, 0, 12],
			"to": [8, 3, 13],
			"faces": {
				"up": {"uv": [7, 12, 8, 13], "texture": "#1"},
				"down": {"uv": [7, 3, 8, 4], "texture": "#1", "cullface": "down"}
			}
		},
		{
			"from": [9, 0, 3],
			"to": [10, 3, 4],
			"faces": {
				"up": {"uv": [9, 3, 10, 4], "texture": "#1"},
				"down": {"uv": [9, 12, 10, 13], "texture": "#1", "cullface": "down"}
			}
		},
		{
			"from": [9, 0, 6],
			"to": [10, 3, 12],
			"faces": {
				"up": {"uv": [10, 6, 11, 12], "texture": "#1"},
				"down": {"uv": [10, 4, 11, 10], "texture": "#1", "cullface": "down"}
			}
		},
		{
			"from": [10, 0, 3],
			"to": [12, 3, 7],
			"faces": {
				"up": {"uv": [10, 3, 12, 7], "texture": "#1"},
				"down": {"uv": [10, 9, 12, 13], "texture": "#1", "cullface": "down"}
			}
		},
		{
			"from": [10, 0, 7],
			"to": [11, 3, 8],
			"faces": {
				"up": {"uv": [11, 7, 12, 8], "texture": "#1"},
				"down": {"uv": [11, 8, 12, 9], "texture": "#1", "cullface": "down"}
			}
		},
		{
			"from": [10, 0, 10],
			"to": [11, 3, 13],
			"faces": {
				"up": {"uv": [11, 10, 12, 13], "texture": "#1"},
				"down": {"uv": [11, 3, 12, 6], "texture": "#1", "cullface": "down"}
			}
		},
		{
			"from": [11, 0, 11],
			"to": [12, 3, 13],
			"faces": {
				"up": {"uv": [11, 11, 12, 13], "texture": "#1"},
				"down": {"uv": [11, 3, 12, 5], "texture": "#1", "cullface": "down"}
			}
		},
		{
			"from": [12, 0, 8],
			"to": [13, 3, 10],
			"faces": {
				"up": {"uv": [12, 8, 13, 10], "texture": "#1"},
				"down": {"uv": [12, 6, 13, 8], "texture": "#1", "cullface": "down"}
			}
		}
	],
	"groups": [
		{
			"name": "main",
			"origin": [0, 0, 0],
			"color": 0,
			"nbt": "{}",
			"children": [0, 1, 2, 3, 4, 5, 6, 7, 8, 9, 10, 11, 12, 13, 14, 15, 16, 17]
		}
	]
}