{
	"credit": "Made with Blockbench",
	"parent": "minecolonies:block/blockrackfulldouble",
	"ambientocclusion": false,
	"textures": {
		"acacia_log": "block/acacia_log",
		"acacia_log_top": "block/acacia_log_top",
		"crimson_planks": "block/crimson_planks",
		"details2": "minecolonies:block/rack_details2",
		"diorite": "block/diorite",
		"netherrack": "block/netherrack",
		"orange_concrete_powder": "block/orange_concrete_powder",
		"packed_ice": "block/packed_ice",
		"red_terracotta": "block/red_terracotta",
		"particle": "minecolonies:block/hut_base_side",
		"shelf": "minecolonies:block/hut_base_side",
		"shelf_left": "minecolonies:block/double_rack_left",
		"shelf_right": "minecolonies:block/double_rack_right",
		"legs": "minecolonies:block/rack_legs"
	},
	"elements": [
		{
			"name": "packed_ice",
			"from": [7, 16, 2],
			"to": [11, 20, 6],
			"rotation": {"angle": -22.5, "axis": "y", "origin": [9, 18, 4]},
			"faces": {
				"north": {"uv": [12, 12, 16, 16], "texture": "#packed_ice", "cullface": "up"},
				"east": {"uv": [6, 12, 10, 16], "texture": "#packed_ice", "cullface": "up"},
				"south": {"uv": [12, 3, 16, 7], "texture": "#packed_ice", "cullface": "up"},
				"west": {"uv": [1, 11, 5, 15], "texture": "#packed_ice", "cullface": "up"},
				"up": {"uv": [8, 7, 12, 11], "texture": "#packed_ice", "cullface": "up"}
			}
		},
		{
			"name": "planks",
			"from": [2, 8, 6],
			"to": [7, 13, 11],
			"rotation": {"angle": 22.5, "axis": "y", "origin": [7, 8, 7]},
			"faces": {
				"north": {"uv": [11, 4, 16, 9], "texture": "#crimson_planks"},
				"east": {"uv": [5, 4, 10, 9], "texture": "#crimson_planks"},
				"south": {"uv": [7, 8, 12, 13], "texture": "#crimson_planks"},
				"west": {"uv": [5, 4, 10, 9], "texture": "#crimson_planks"},
				"up": {"uv": [5, 9, 10, 14], "texture": "#crimson_planks"}
			}
		},
		{
			"name": "log",
			"from": [22, 8, 3],
			"to": [28, 14, 9],
			"rotation": {"angle": 0, "axis": "y", "origin": [15, 8, 4]},
			"faces": {
				"north": {"uv": [0, 0, 6, 6], "texture": "#acacia_log", "cullface": "east"},
				"east": {"uv": [6, 7, 12, 13], "texture": "#acacia_log", "cullface": "east"},
				"south": {"uv": [6, 0, 12, 6], "texture": "#acacia_log", "cullface": "east"},
				"west": {"uv": [0, 7, 6, 13], "texture": "#acacia_log", "cullface": "east"},
				"up": {"uv": [5, 5, 11, 11], "texture": "#acacia_log_top", "cullface": "east"}
			}
		},
		{
			"name": "concrete_powder",
			"from": [13, 8, 4],
			"to": [19, 14, 10],
			"rotation": {"angle": 45, "axis": "y", "origin": [20, 8, 7]},
			"faces": {
				"north": {"uv": [2, 7, 8, 13], "texture": "#orange_concrete_powder"},
				"east": {"uv": [9, 6, 15, 12], "texture": "#orange_concrete_powder", "cullface": "east"},
				"south": {"uv": [6, 4, 12, 10], "texture": "#orange_concrete_powder", "cullface": "east"},
				"west": {"uv": [1, 4, 7, 10], "texture": "#orange_concrete_powder"},
				"up": {"uv": [0, 10, 6, 16], "texture": "#orange_concrete_powder"}
			}
		},
		{
			"name": "diorite",
			"from": [11, 8, 8],
			"to": [16, 13, 13],
			"rotation": {"angle": -22.5, "axis": "y", "origin": [28, 8, 4]},
			"faces": {
				"north": {"uv": [1, 2, 7, 8], "texture": "#diorite"},
				"east": {"uv": [8, 7, 14, 13], "texture": "#diorite"},
				"south": {"uv": [4, 0, 10, 6], "texture": "#diorite"},
				"west": {"uv": [0, 0, 6, 6], "texture": "#diorite"},
				"up": {"uv": [1, 9, 7, 15], "texture": "#diorite"}
			}
		},
		{
			"name": "emerald",
			"from": [18, 16, 1],
			"to": [24, 22, 7],
			"rotation": {"angle": -22.5, "axis": "y", "origin": [18, 16, 7]},
			"faces": {
				"north": {"uv": [6, 0, 12, 6], "texture": "#details2", "cullface": "up"},
				"east": {"uv": [6, 0, 12, 6], "texture": "#details2", "cullface": "up"},
				"south": {"uv": [6, 0, 12, 6], "texture": "#details2", "cullface": "up"},
				"west": {"uv": [6, 0, 12, 6], "texture": "#details2", "cullface": "up"},
				"up": {"uv": [6, 0, 12, 6], "texture": "#details2", "cullface": "up"}
			}
		},
		{
			"name": "stone_slab",
			"from": [10, 16, 2],
			"to": [15, 19, 7],
			"rotation": {"angle": 22.5, "axis": "y", "origin": [24, 16, 2]},
			"faces": {
				"north": {"uv": [0, 6, 5, 9], "texture": "#details2", "cullface": "up"},
				"east": {"uv": [0, 6, 5, 9], "texture": "#details2"},
				"south": {"uv": [0, 6, 5, 9], "texture": "#details2", "cullface": "up"},
				"west": {"uv": [0, 6, 5, 9], "texture": "#details2", "cullface": "up"},
				"up": {"uv": [5, 6, 10, 11], "texture": "#details2", "cullface": "up"}
			}
		},
		{
			"name": "netherrack",
			"from": [18, 16, 23],
			"to": [23, 21, 28],
			"rotation": {"angle": 45, "axis": "y", "origin": [6, 18.5, 11]},
			"faces": {
				"north": {"uv": [5, 6, 10, 11], "texture": "#netherrack", "cullface": "east"},
				"east": {"uv": [8, 8, 3, 13], "texture": "#netherrack", "cullface": "east"},
				"south": {"uv": [5, 5, 10, 10], "texture": "#netherrack", "cullface": "east"},
				"west": {"uv": [14, 4, 9, 9], "texture": "#netherrack", "cullface": "east"},
				"up": {"uv": [4, 9, 9, 14], "texture": "#netherrack", "cullface": "east"}
			}
		},
		{
			"name": "terracotta",
			"from": [3, 16, 8],
			"to": [9, 22, 14],
			"rotation": {"angle": 0, "axis": "y", "origin": [28, 16, 9]},
			"faces": {
				"north": {"uv": [5, 5, 11, 11], "texture": "#red_terracotta", "cullface": "up"},
				"east": {"uv": [10, 6, 16, 12], "texture": "#red_terracotta", "cullface": "up"},
				"south": {"uv": [5, 5, 11, 11], "texture": "#red_terracotta", "cullface": "up"},
				"west": {"uv": [10, 6, 16, 12], "texture": "#red_terracotta", "cullface": "up"},
				"up": {"uv": [0, 10, 6, 16], "texture": "#red_terracotta", "cullface": "up"}
			}
		},
		{
			"name": "top_shelf",
			"from": [0, 15, 0],
			"to": [16, 16, 16],
			"faces": {
				"north": {"uv": [0, 0, 16, 1], "rotation": 180, "texture": "#shelf", "cullface": "north"},
				"south": {"uv": [0, 15, 16, 16], "texture": "#shelf", "cullface": "south"},
				"west": {"uv": [0, 0, 1, 16], "rotation": 270, "texture": "#shelf", "cullface": "west"},
				"up": {"uv": [0, 0, 16, 16], "texture": "#shelf_right", "cullface": "up"},
				"down": {"uv": [16, 0, 0, 16], "rotation": 180, "texture": "#shelf_right"}
			}
		},
		{
			"name": "bottom_shelf",
			"from": [0, 7, 0],
			"to": [16, 8, 16],
			"faces": {
				"north": {"uv": [0, 0, 16, 1], "rotation": 180, "texture": "#shelf", "cullface": "north"},
				"south": {"uv": [0, 15, 16, 16], "texture": "#shelf", "cullface": "south"},
				"west": {"uv": [0, 0, 1, 16], "rotation": 270, "texture": "#shelf", "cullface": "west"},
				"up": {"uv": [0, 0, 16, 16], "texture": "#shelf_right"},
				"down": {"uv": [16, 0, 0, 16], "rotation": 180, "texture": "#shelf_right"}
			}
		},
		{
			"name": "leg_sw",
			"from": [1, 0, 14],
			"to": [1, 15, 15],
			"faces": {
				"east": {"uv": [0, 1, 1, 16], "texture": "#legs"},
				"west": {"uv": [0, 1, 1, 16], "texture": "#legs"}
			}
		},
		{
			"name": "leg_sw",
			"from": [1, 0, 15],
			"to": [2, 15, 15],
			"faces": {
				"north": {"uv": [0, 1, 1, 16], "texture": "#legs"},
				"south": {"uv": [0, 1, 1, 16], "texture": "#legs"}
			}
		},
		{
			"name": "leg_nw",
			"from": [1, 0, 1],
			"to": [1, 15, 2],
			"faces": {
				"east": {"uv": [0, 1, 1, 16], "texture": "#legs"},
				"west": {"uv": [0, 1, 1, 16], "texture": "#legs"}
			}
		},
		{
			"name": "leg_nw",
			"from": [1, 0, 1],
			"to": [2, 15, 1],
			"faces": {
				"north": {"uv": [0, 1, 1, 16], "texture": "#legs"},
				"south": {"uv": [0, 1, 1, 16], "texture": "#legs"}
			}
		},
		{
			"name": "top_shelf",
			"from": [16, 15, 0],
			"to": [32, 16, 16],
			"faces": {
				"north": {"uv": [0, 0, 16, 1], "rotation": 180, "texture": "#shelf", "cullface": "north"},
				"east": {"uv": [15, 0, 16, 16], "rotation": 90, "texture": "#shelf", "cullface": "east"},
				"south": {"uv": [0, 15, 16, 16], "texture": "#shelf", "cullface": "south"},
				"up": {"uv": [0, 0, 16, 16], "texture": "#shelf_left", "cullface": "up"},
				"down": {"uv": [16, 0, 0, 16], "rotation": 180, "texture": "#shelf_left"}
			}
		},
		{
			"name": "bottom_shelf",
			"from": [16, 7, 0],
			"to": [32, 8, 16],
			"faces": {
				"north": {"uv": [0, 0, 16, 1], "rotation": 180, "texture": "#shelf", "cullface": "north"},
				"east": {"uv": [15, 0, 16, 16], "rotation": 90, "texture": "#shelf", "cullface": "east"},
				"south": {"uv": [0, 15, 16, 16], "texture": "#shelf", "cullface": "south"},
				"up": {"uv": [0, 0, 16, 16], "texture": "#shelf_left"},
				"down": {"uv": [16, 0, 0, 16], "rotation": 180, "texture": "#shelf_left"}
			}
		},
		{
			"name": "leg_se",
			"from": [31, 0, 14],
			"to": [31, 15, 15],
			"faces": {
				"east": {"uv": [0, 1, 1, 16], "texture": "#legs"},
				"west": {"uv": [0, 1, 1, 16], "texture": "#legs"}
			}
		},
		{
			"name": "leg_se",
			"from": [30, 0, 15],
			"to": [31, 15, 15],
			"faces": {
				"north": {"uv": [0, 1, 1, 16], "texture": "#legs"},
				"south": {"uv": [0, 1, 1, 16], "texture": "#legs"}
			}
		},
		{
			"name": "leg_ne",
			"from": [31, 0, 1],
			"to": [31, 15, 2],
			"faces": {
				"east": {"uv": [0, 1, 1, 16], "texture": "#legs"},
				"west": {"uv": [0, 1, 1, 16], "texture": "#legs"}
			}
		},
		{
			"name": "leg_ne",
			"from": [30, 0, 1],
			"to": [31, 15, 1],
			"faces": {
				"north": {"uv": [0, 1, 1, 16], "texture": "#legs"},
				"south": {"uv": [0, 1, 1, 16], "texture": "#legs"}
			}
		}
	],
	"display": {
		"thirdperson_righthand": {
			"rotation": [75, 45, 0],
			"translation": [0, 2.5, 0],
			"scale": [0.375, 0.375, 0.375]
		},
		"thirdperson_lefthand": {
			"rotation": [75, 45, 0],
			"translation": [0, 2.5, 0],
			"scale": [0.375, 0.375, 0.375]
		},
		"firstperson_righthand": {
			"rotation": [0, 45, 0],
			"scale": [0.4, 0.4, 0.4]
		},
		"firstperson_lefthand": {
			"rotation": [0, 225, 0],
			"scale": [0.4, 0.4, 0.4]
		},
		"ground": {
			"translation": [0, 3, 0],
			"scale": [0.25, 0.25, 0.25]
		},
		"gui": {
			"rotation": [30, 225, 0],
			"scale": [0.625, 0.625, 0.625]
		},
		"fixed": {
			"scale": [0.5, 0.5, 0.5]
		}
	},
	"groups": [
		{
			"name": "block",
			"origin": [28, 16, 9],
			"color": 0,
			"nbt": "{}",
			"children": [0, 1, 2, 3, 4, 5, 6, 7, 8]
		},
		{
			"name": "rack_right",
			"origin": [8, 8, 8],
			"color": 0,
			"nbt": "{}",
			"children": [9, 10, 11, 12, 13, 14]
		},
		{
			"name": "rack_left",
			"origin": [8, 8, 8],
			"color": 0,
			"nbt": "{}",
			"children": [15, 16, 17, 18, 19, 20]
		}
	]
}