{
	"credit": "Made with Blockbench",
	"parent": "block/block",
	"ambientocclusion": false,
	"textures": {
		"2": "minecolonies:block/blacksmith_hut_bottom",
		"particle": "minecolonies:block/blacksmith_hut_bottom",
		"body": "minecolonies:block/blacksmith_hut_side",
		"top": "minecolonies:block/blacksmith_hut_top"
	},
	"elements": [
		{
			"name": "bottom",
			"from": [2, 0, 2],
			"to": [14, 4, 14],
			"faces": {
				"north": {"uv": [14, 12, 2, 16], "texture": "#body"},
				"east": {"uv": [14, 12, 2, 16], "texture": "#body"},
				"south": {"uv": [2, 12, 14, 16], "texture": "#body"},
				"west": {"uv": [14, 12, 2, 16], "texture": "#body"},
				"up": {"uv": [2, 2, 14, 14], "rotation": 180, "texture": "#2"},
				"down": {"uv": [2, 2, 14, 14], "rotation": 180, "texture": "#2", "cullface": "down"}
			}
		},
		{
			"name": "bottom",
			"from": [3, 4, 3],
			"to": [13, 5, 13],
			"faces": {
				"north": {"uv": [3, 11, 13, 12], "texture": "#body"},
				"east": {"uv": [3, 11, 13, 12], "texture": "#body"},
				"south": {"uv": [3, 11, 13, 12], "texture": "#body"},
				"west": {"uv": [3, 11, 13, 12], "texture": "#body"},
				"up": {"uv": [3, 3, 13, 13], "rotation": 180, "texture": "#2"}
			}
		},
		{
			"name": "middle",
			"from": [4, 5, 4],
			"to": [12, 10, 12],
			"faces": {
				"north": {"uv": [4, 6, 12, 11], "texture": "#body"},
				"east": {"uv": [12, 6, 4, 11], "texture": "#body"},
				"south": {"uv": [4, 6, 12, 11], "texture": "#body"},
				"west": {"uv": [12, 6, 4, 11], "texture": "#body"}
			}
		},
		{
			"name": "top",
			"from": [0, 10, 0],
			"to": [16, 16, 16],
			"faces": {
				"north": {"uv": [0, 0, 16, 6], "texture": "#body", "cullface": "north"},
				"east": {"uv": [0, 0, 16, 6], "texture": "#body", "cullface": "east"},
				"south": {"uv": [0, 0, 16, 6], "texture": "#body", "cullface": "south"},
				"west": {"uv": [0, 0, 16, 6], "texture": "#body", "cullface": "west"},
				"up": {"uv": [0, 0, 16, 16], "rotation": 180, "texture": "#top", "cullface": "up"},
				"down": {"uv": [0, 0, 16, 16], "rotation": 180, "texture": "#2"}
			}
		}
	],
	"display": {
		"fixed": {
			"rotation": [0, 90, 0],
			"scale": [0.5, 0.5, 0.5]
		}
	}
}