{
	"credit": "Made with Blockbench",
	"parent": "block/block",
	"textures": {
		"bottom": "minecolonies:block/florist_hut_bottom",
		"front": "minecolonies:block/florist_hut_front",
		"particle": "minecolonies:block/florist_hut_side",
		"side": "minecolonies:block/florist_hut_side",
		"top": "minecolonies:block/florist_hut_top"
	},
	"elements": [
		{
			"name": "north",
			"from": [3, 0, 0],
			"to": [13, 16, 3],
			"faces": {
				"north": {"uv": [3, 0, 13, 16], "texture": "#front", "cullface": "north"},
				"south": {"uv": [3, 0, 13, 16], "texture": "#side"},
				"up": {"uv": [3, 0, 13, 3], "texture": "#top", "cullface": "up"}
			}
		},
		{
			"name": "south",
			"from": [3, 0, 13],
			"to": [13, 16, 16],
			"faces": {
				"north": {"uv": [3, 0, 13, 16], "texture": "#side"},
				"south": {"uv": [3, 0, 13, 16], "texture": "#side", "cullface": "south"},
				"up": {"uv": [3, 13, 13, 16], "texture": "#top", "cullface": "up"}
			}
		},
		{
			"name": "east",
			"from": [13, 0, 0],
			"to": [16, 16, 16],
			"faces": {
				"north": {"uv": [0, 0, 3, 16], "texture": "#front", "cullface": "north"},
				"east": {"uv": [0, 0, 16, 16], "texture": "#side", "cullface": "east"},
				"south": {"uv": [13, 0, 16, 16], "texture": "#side", "cullface": "south"},
				"west": {"uv": [0, 0, 16, 16], "texture": "#front"},
				"up": {"uv": [13, 0, 16, 16], "texture": "#top", "cullface": "up"}
			}
		},
		{
			"name": "west",
			"from": [0, 0, 0],
			"to": [3, 16, 16],
			"faces": {
				"north": {"uv": [13, 0, 16, 16], "texture": "#front", "cullface": "north"},
				"east": {"uv": [0, 0, 16, 16], "texture": "#side"},
				"south": {"uv": [0, 0, 3, 16], "texture": "#side", "cullface": "south"},
				"west": {"uv": [0, 0, 16, 16], "texture": "#side", "cullface": "west"},
				"up": {"uv": [0, 0, 3, 16], "texture": "#top", "cullface": "up"}
			}
		},
		{
			"name": "bottom",
			"from": [0, 0, 0],
			"to": [16, 2, 16],
			"faces": {
				"down": {"uv": [0, 0, 16, 16], "texture": "#bottom", "cullface": "down"}
			}
		},
		{
			"name": "seeds",
			"from": [3, 2, 3],
			"to": [13, 14, 13],
			"faces": {
				"up": {"uv": [3, 3, 13, 13], "texture": "#top"}
			}
		}
	],
	"display": {
		"thirdperson_righthand": {
			"rotation": [75, 45, 0],
			"translation": [0, 2.5, 0],
			"scale": [0.375, 0.375, 0.375]
		},
		"thirdperson_lefthand": {
			"rotation": [75, 45, 0],
			"translation": [0, 2.5, 0],
			"scale": [0.375, 0.375, 0.375]
		},
		"firstperson_righthand": {
			"rotation": [0, 135, 0],
			"scale": [0.4, 0.4, 0.4]
		},
		"firstperson_lefthand": {
			"rotation": [0, 135, 0],
			"scale": [0.4, 0.4, 0.4]
		},
		"ground": {
			"translation": [0, 3, 0],
			"scale": [0.25, 0.25, 0.25]
		},
		"gui": {
			"rotation": [30, 225, 0],
			"scale": [0.625, 0.625, 0.625]
		},
		"head": {
			"rotation": [0, 90, 0]
		},
		"fixed": {
			"scale": [0.5, 0.5, 0.5]
		}
	}
}