{
	"credit": "Made with Blockbench",
	"parent": "block/block",
	"render_type": "cutout",
	"ambientocclusion": false,
	"textures": {
		"bottom": "minecolonies:block/alchemist_hut_bottom",
		"particle": "minecolonies:block/alchemist_hut_front",
		"front": "minecolonies:block/alchemist_hut_front",
		"side": "minecolonies:block/alchemist_hut_side",
		"top": "minecolonies:block/alchemist_hut_top"
	},
	"elements": [
		{
			"name": "top",
			"from": [0, 11, 0],
			"to": [16, 16, 16],
			"rotation": {"angle": 0, "axis": "y", "origin": [8, 0, 8]},
			"faces": {
				"north": {"uv": [0, 0, 16, 5], "texture": "#front", "cullface": "north"},
				"east": {"uv": [16, 0, 0, 5], "texture": "#side", "cullface": "east"},
				"south": {"uv": [0, 0, 16, 5], "texture": "#front", "cullface": "south"},
				"west": {"uv": [0, 0, 16, 5], "texture": "#side", "cullface": "west"},
				"up": {"uv": [0, 0, 16, 16], "texture": "#top", "cullface": "up"},
				"down": {"uv": [0, 0, 16, 16], "rotation": 180, "texture": "#bottom"}
			}
		},
		{
			"name": "leg",
			"from": [11, 0, 1],
			"to": [15, 11, 15],
			"rotation": {"angle": 0, "axis": "y", "origin": [8, 0, 8]},
			"faces": {
				"north": {"uv": [1, 5, 5, 16], "texture": "#front"},
				"east": {"uv": [1, 5, 15, 16], "texture": "#side"},
				"south": {"uv": [11, 5, 15, 16], "texture": "#front"},
				"west": {"uv": [1, 5, 15, 16], "texture": "#side"},
				"down": {"uv": [1, 1, 5, 15], "rotation": 180, "texture": "#bottom", "cullface": "down"}
			}
		},
		{
			"name": "leg",
			"from": [1, 0, 1],
			"to": [5, 11, 15],
			"rotation": {"angle": 0, "axis": "y", "origin": [8, 0, 8]},
			"faces": {
				"north": {"uv": [11, 5, 15, 16], "texture": "#front"},
				"east": {"uv": [1, 5, 15, 16], "texture": "#side"},
				"south": {"uv": [1, 5, 5, 16], "texture": "#front"},
				"west": {"uv": [1, 5, 15, 16], "texture": "#side"},
				"down": {"uv": [11, 1, 15, 15], "rotation": 180, "texture": "#bottom", "cullface": "down"}
			}
		},
		{
			"name": "shelf",
			"from": [5, 5, 2],
			"to": [11, 6, 14],
			"rotation": {"angle": 0, "axis": "y", "origin": [8, 0, 8]},
			"faces": {
				"north": {"uv": [11, 11, 5, 12], "texture": "#front"},
				"south": {"uv": [11, 11, 5, 12], "texture": "#front"},
				"up": {"uv": [5, 4, 11, 16], "rotation": 180, "texture": "#bottom"},
				"down": {"uv": [11, 4, 5, 16], "texture": "#bottom"}
			}
		}
	],
	"display": {
		"thirdperson_righthand": {
			"rotation": [75, -135, 0],
			"translation": [0, 2.5, 0],
			"scale": [0.375, 0.375, 0.375]
		},
		"thirdperson_lefthand": {
			"rotation": [75, -135, 0],
			"translation": [0, 2.5, 0],
			"scale": [0.375, 0.375, 0.375]
		},
		"firstperson_righthand": {
			"rotation": [0, -45, 0],
			"scale": [0.4, 0.4, 0.4]
		},
		"firstperson_lefthand": {
			"rotation": [0, -45, 0],
			"scale": [0.4, 0.4, 0.4]
		},
		"ground": {
			"translation": [0, 3, 0],
			"scale": [0.25, 0.25, 0.25]
		},
		"gui": {
			"rotation": [30, 45, 0],
			"scale": [0.625, 0.625, 0.625]
		},
		"head": {
			"rotation": [0, -180, 0]
		},
		"fixed": {
			"rotation": [0, -180, 0],
			"scale": [0.5, 0.5, 0.5]
		}
	}
}