{
	"credit": "Made with Blockbench",
	"parent": "minecraft:block/block",
	"render_type": "cutout",
	"textures": {
		"back": "minecolonies:block/school_hut_back",
		"bottom": "minecolonies:block/school_hut_bottom",
		"front": "minecolonies:block/school_hut_front",
		"side": "minecolonies:block/hut_base_side",
		"particle": "minecolonies:block/school_hut_top",
		"top": "minecolonies:block/school_hut_top",
		"book": "minecolonies:block/school_hut_notebook"
	},
	"elements": [
		{
			"name": "top",
			"from": [0, 11, 0],
			"to": [16, 16, 16],
			"faces": {
				"north": {"uv": [0, 0, 16, 5], "texture": "#front", "cullface": "north"},
				"east": {"uv": [0, 0, 16, 5], "texture": "#side", "cullface": "east"},
				"south": {"uv": [0, 0, 16, 5], "texture": "#back", "cullface": "south"},
				"west": {"uv": [16, 0, 0, 5], "texture": "#side", "cullface": "west"},
				"up": {"uv": [0, 0, 16, 16], "rotation": 180, "texture": "#top", "cullface": "up"},
				"down": {"uv": [0, 0, 16, 16], "texture": "#bottom"}
			}
		},
		{
			"name": "leg",
			"from": [0, 0, 0],
			"to": [4, 11, 16],
			"faces": {
				"north": {"uv": [12, 5, 16, 16], "texture": "#front", "cullface": "north"},
				"east": {"uv": [0, 5, 16, 16], "texture": "#side"},
				"south": {"uv": [0, 5, 4, 16], "texture": "#back", "cullface": "south"},
				"west": {"uv": [0, 5, 16, 16], "texture": "#side", "cullface": "west"},
				"down": {"uv": [12, 0, 16, 16], "texture": "#bottom", "cullface": "down"}
			}
		},
		{
			"name": "leg",
			"from": [12, 0, 0],
			"to": [16, 11, 16],
			"faces": {
				"north": {"uv": [0, 5, 4, 16], "texture": "#front", "cullface": "north"},
				"east": {"uv": [0, 5, 16, 16], "texture": "#side", "cullface": "east"},
				"south": {"uv": [12, 5, 16, 16], "texture": "#back", "cullface": "south"},
				"west": {"uv": [0, 5, 16, 16], "texture": "#side"},
				"down": {"uv": [0, 0, 4, 16], "texture": "#bottom", "cullface": "down"}
			}
		},
		{
			"name": "pencil",
			"from": [5, 17.02, 5],
			"to": [6, 17.02, 11],
			"rotation": {"angle": -22.5, "axis": "y", "origin": [5.5, 17.02, 8]},
			"faces": {
				"up": {"uv": [10, 0, 11, 6], "rotation": 180, "texture": "#book", "cullface": "up"},
				"down": {"uv": [10, 0, 11, 6], "texture": "#book", "cullface": "up"}
			}
		},
		{
			"name": "book_cover",
			"from": [4, 16.02, 2],
			"to": [12, 16.02, 14],
			"rotation": {"angle": 0, "axis": "y", "origin": [0, 2, 0]},
			"faces": {
				"up": {"uv": [2, 0, 10, 12], "rotation": 180, "texture": "#book", "cullface": "up"}
			}
		},
		{
			"name": "pages",
			"from": [5, 16, 3],
			"to": [12, 17, 13],
			"faces": {
				"north": {"uv": [0, 13, 7, 14], "texture": "#book", "cullface": "up"},
				"east": {"uv": [0, 12, 10, 13], "texture": "#book", "cullface": "up"},
				"south": {"uv": [0, 13, 7, 14], "rotation": 180, "texture": "#book", "cullface": "up"},
				"west": {"uv": [0, 12, 10, 13], "rotation": 180, "texture": "#book", "cullface": "up"},
				"up": {"uv": [4, 3, 11, 13], "rotation": 180, "texture": "#top", "cullface": "up"}
			}
		},
		{
			"name": "binding",
			"from": [13, 16, 2],
			"to": [13, 17.02, 14],
			"faces": {
				"east": {"uv": [0, 0, 1, 12], "rotation": 270, "texture": "#book", "cullface": "up"},
				"west": {"uv": [0, 0, 2, 12], "rotation": 270, "texture": "#book", "cullface": "up"}
			}
		},
		{
			"name": "binding",
			"from": [11, 16, 2],
			"to": [11, 17, 14],
			"faces": {
				"east": {"uv": [0, 0, 1, 12], "rotation": 270, "texture": "#book", "cullface": "up"},
				"west": {"uv": [0, 0, 2, 12], "rotation": 270, "texture": "#book", "cullface": "up"}
			}
		},
		{
			"name": "binding",
			"from": [11, 17.02, 2],
			"to": [13, 17.02, 14],
			"faces": {
				"up": {"uv": [0, 0, 2, 12], "texture": "#book", "cullface": "up"},
				"down": {"uv": [0, 0, 1, 12], "texture": "#book", "cullface": "up"}
			}
		},
		{
			"name": "binding",
			"from": [11.98, 16.02, 2],
			"to": [13, 16.02, 14],
			"faces": {
				"up": {"uv": [1, 0, 2, 12], "texture": "#book", "cullface": "up"},
				"down": {"uv": [0, 0, 1, 12], "texture": "#book", "cullface": "up"}
			}
		}
	],
	"display": {
		"thirdperson_righthand": {
			"rotation": [75, 45, 0],
			"translation": [0, 2.5, 0],
			"scale": [0.375, 0.375, 0.375]
		},
		"thirdperson_lefthand": {
			"rotation": [75, 45, 0],
			"translation": [0, 2.5, 0],
			"scale": [0.375, 0.375, 0.375]
		},
		"firstperson_righthand": {
			"rotation": [0, 135, 0],
			"scale": [0.4, 0.4, 0.4]
		},
		"firstperson_lefthand": {
			"rotation": [0, 135, 0],
			"scale": [0.4, 0.4, 0.4]
		},
		"ground": {
			"translation": [0, 3, 0],
			"scale": [0.25, 0.25, 0.25]
		},
		"gui": {
			"rotation": [30, -135, 0],
			"scale": [0.625, 0.625, 0.625]
		},
		"fixed": {
			"scale": [0.5, 0.5, 0.5]
		}
	},
	"groups": [
		0,
		1,
		2,
		3,
		{
			"name": "book",
			"origin": [16, 0, 0],
			"color": 0,
			"nbt": "{}",
			"children": [4, 5, 6, 7, 8, 9]
		}
	]
}