{
	"credit": "Made with Blockbench",
	"parent": "block/cube",
	"textures": {
		"back": "minecolonies:block/hut_base_side",
		"particle": "minecolonies:block/stash_front",
		"front": "minecolonies:block/stash_front",
		"side": "minecolonies:block/stash_side",
		"top": "minecolonies:block/stash_top"
	},
	"elements": [
		{
			"name": "base",
			"from": [0, 0, 8],
			"to": [16, 16, 16],
			"rotation": {"angle": 0, "axis": "y", "origin": [8, 8, 16]},
			"faces": {
				"north": {"uv": [0, 0, 16, 16], "texture": "#front"},
				"east": {"uv": [0, 0, 8, 16], "texture": "#side", "cullface": "east"},
				"south": {"uv": [0, 0, 16, 16], "texture": "#back", "cullface": "south"},
				"west": {"uv": [0, 0, 8, 16], "texture": "#side", "cullface": "west"},
				"up": {"uv": [0, 0, 16, 8], "texture": "#top", "cullface": "up"},
				"down": {"uv": [0, 0, 16, 8], "texture": "#top", "cullface": "down"}
			}
		}
	],
	"display": {
		"thirdperson_righthand": {
			"rotation": [75, 45, 0],
			"translation": [0, 2.5, 0],
			"scale": [0.375, 0.375, 0.375]
		},
		"thirdperson_lefthand": {
			"rotation": [75, 45, 0],
			"translation": [0, 2.5, 0],
			"scale": [0.375, 0.375, 0.375]
		},
		"firstperson_righthand": {
			"rotation": [0, 123, 0],
			"translation": [0, 1.75, 0.5],
			"scale": [0.4, 0.4, 0.4]
		},
		"firstperson_lefthand": {
			"rotation": [0, 123, 0],
			"translation": [0, 1.75, 0.5],
			"scale": [0.4, 0.4, 0.4]
		},
		"ground": {
			"translation": [0, 3, 0],
			"scale": [0.25, 0.25, 0.25]
		},
		"gui": {
			"rotation": [30, 225, 0],
			"translation": [1.25, -1.25, 0],
			"scale": [0.625, 0.625, 0.625]
		},
		"head": {
			"translation": [0, 0, -8.25]
		},
		"fixed": {
			"translation": [0, 0, -2.25],
			"scale": [0.5, 0.5, 0.5]
		}
	}
}