{
	"credit": "Made with Blockbench",
	"parent": "block/block",
	"ambientocclusion": false,
	"textures": {
		"particle": "minecolonies:block/construction_tape_wood",
		"post": "minecolonies:block/construction_tape_wood",
		"tape": "minecolonies:block/construction_tape"
	},
	"elements": [
		{
			"name": "center_post",
			"from": [7, 0, 0],
			"to": [9, 16, 2],
			"faces": {
				"north": {"uv": [9, 0, 11, 16], "texture": "#post"},
				"east": {"uv": [7, 0, 9, 16], "texture": "#post"},
				"south": {"uv": [6, 0, 8, 16], "texture": "#post"},
				"west": {"uv": [10, 0, 12, 16], "texture": "#post"},
				"up": {"uv": [7, 0, 9, 1], "texture": "#post", "cullface": "up"},
				"down": {"uv": [10, 15, 12, 16], "texture": "#post", "cullface": "down"}
			}
		},
		{
			"name": "tape",
			"from": [8, 0, 1],
			"to": [8, 16, 8],
			"faces": {
				"east": {"uv": [8, 0, 15, 16], "texture": "#tape"},
				"west": {"uv": [1, 0, 8, 16], "texture": "#tape"}
			}
		},
		{
			"name": "center_post",
			"from": [7, 0, 14],
			"to": [9, 16, 16],
			"rotation": {"angle": 0, "axis": "y", "origin": [8, 8, 8]},
			"faces": {
				"north": {"uv": [6, 0, 8, 16], "texture": "#post"},
				"east": {"uv": [10, 0, 12, 16], "texture": "#post"},
				"south": {"uv": [9, 0, 11, 16], "texture": "#post"},
				"west": {"uv": [7, 0, 9, 16], "texture": "#post"},
				"up": {"uv": [7, 0, 9, 1], "rotation": 180, "texture": "#post", "cullface": "up"},
				"down": {"uv": [10, 15, 12, 16], "rotation": 180, "texture": "#post", "cullface": "down"}
			}
		},
		{
			"name": "tape",
			"from": [8, 0, 8],
			"to": [8, 16, 15],
			"rotation": {"angle": 0, "axis": "y", "origin": [8, 8, 8]},
			"faces": {
				"east": {"uv": [1, 0, 8, 16], "texture": "#tape"},
				"west": {"uv": [8, 0, 15, 16], "texture": "#tape"}
			}
		}
	],
	"display": {
		"gui": {
			"rotation": [30, 135, 0],
			"scale": [0.625, 0.625, 0.625]
		},
		"head": {
			"rotation": [0, 90, 0],
			"translation": [0, 3.5, 0]
		},
		"fixed": {
			"rotation": [0, 90, 0],
			"scale": [0.5, 0.5, 0.5]
		}
	},
	"groups": [
		{
			"name": "left",
			"origin": [0, 0, 0],
			"color": 0,
			"children": [0, 1]
		},
		{
			"name": "right",
			"origin": [0, 0, 0],
			"color": 0,
			"children": [2, 3]
		}
	]
}