{
	"credit": "Made with Blockbench",
	"parent": "block/block",
	"textures": {
		"center": "block/glowstone",
		"particle": "block/oak_planks",
		"frame": "block/oak_planks"
	},
	"elements": [
		{
			"name": "centre",
			"from": [4, 4, 4],
			"to": [12, 12, 12],
			"rotation": {"angle": 0, "axis": "y", "origin": [8, 8, 8]},
			"faces": {
				"north": {"uv": [4, 4, 12, 12], "texture": "#center"},
				"east": {"uv": [4, 4, 12, 12], "texture": "#center"},
				"south": {"uv": [4, 4, 12, 12], "texture": "#center"},
				"west": {"uv": [4, 4, 12, 12], "texture": "#center"},
				"up": {"uv": [12, 12, 4, 4], "texture": "#center"},
				"down": {"uv": [12, 4, 4, 12], "texture": "#center"}
			}
		},
		{
			"name": "north-west",
			"from": [0, 0, 0],
			"to": [4, 16, 4],
			"rotation": {"angle": 0, "axis": "y", "origin": [8, 8, 8]},
			"faces": {
				"north": {"uv": [12, 0, 16, 16], "texture": "#frame", "cullface": "north"},
				"east": {"uv": [12, 0, 16, 16], "texture": "#frame"},
				"south": {"uv": [0, 0, 4, 16], "texture": "#frame"},
				"west": {"uv": [0, 0, 4, 16], "texture": "#frame", "cullface": "west"},
				"up": {"uv": [0, 0, 4, 4], "texture": "#frame", "cullface": "up"},
				"down": {"uv": [12, 0, 16, 4], "rotation": 180, "texture": "#frame", "cullface": "down"}
			}
		},
		{
			"name": "north-east",
			"from": [12, 0, 0],
			"to": [16, 16, 4],
			"rotation": {"angle": 0, "axis": "y", "origin": [8, 8, 8]},
			"faces": {
				"north": {"uv": [0, 0, 4, 16], "texture": "#frame", "cullface": "north"},
				"east": {"uv": [12, 0, 16, 16], "texture": "#frame", "cullface": "east"},
				"south": {"uv": [12, 0, 16, 16], "texture": "#frame"},
				"west": {"uv": [0, 0, 4, 16], "texture": "#frame"},
				"up": {"uv": [12, 0, 16, 4], "texture": "#frame", "cullface": "up"},
				"down": {"uv": [0, 0, 4, 4], "rotation": 180, "texture": "#frame", "cullface": "down"}
			}
		},
		{
			"name": "south-west",
			"from": [0, 0, 12],
			"to": [4, 16, 16],
			"rotation": {"angle": 0, "axis": "y", "origin": [8, 8, 8]},
			"faces": {
				"north": {"uv": [12, 0, 16, 16], "texture": "#frame"},
				"east": {"uv": [0, 0, 4, 16], "texture": "#frame"},
				"south": {"uv": [0, 0, 4, 16], "texture": "#frame", "cullface": "south"},
				"west": {"uv": [12, 0, 16, 16], "texture": "#frame", "cullface": "west"},
				"up": {"uv": [0, 12, 4, 16], "texture": "#frame", "cullface": "up"},
				"down": {"uv": [12, 12, 16, 16], "rotation": 180, "texture": "#frame", "cullface": "down"}
			}
		},
		{
			"name": "south-east",
			"from": [12, 0, 12],
			"to": [16, 16, 16],
			"rotation": {"angle": 0, "axis": "y", "origin": [8, 8, 8]},
			"faces": {
				"north": {"uv": [0, 0, 4, 16], "texture": "#frame"},
				"east": {"uv": [0, 0, 4, 16], "texture": "#frame", "cullface": "east"},
				"south": {"uv": [12, 0, 16, 16], "texture": "#frame", "cullface": "south"},
				"west": {"uv": [12, 0, 16, 16], "texture": "#frame"},
				"up": {"uv": [12, 12, 16, 16], "texture": "#frame", "cullface": "up"},
				"down": {"uv": [0, 12, 4, 16], "rotation": 180, "texture": "#frame", "cullface": "down"}
			}
		},
		{
			"name": "north-bottom",
			"from": [4, 0, 0],
			"to": [12, 4, 4],
			"rotation": {"angle": 0, "axis": "y", "origin": [8, 8, 8]},
			"faces": {
				"north": {"uv": [4, 12, 12, 16], "texture": "#frame", "cullface": "north"},
				"south": {"uv": [4, 12, 12, 16], "texture": "#frame"},
				"up": {"uv": [4, 0, 12, 4], "texture": "#frame"},
				"down": {"uv": [4, 0, 12, 4], "rotation": 180, "texture": "#frame", "cullface": "down"}
			}
		},
		{
			"name": "north-top",
			"from": [4, 12, 0],
			"to": [12, 16, 4],
			"rotation": {"angle": 0, "axis": "y", "origin": [8, 8, 8]},
			"faces": {
				"north": {"uv": [4, 0, 12, 4], "texture": "#frame", "cullface": "north"},
				"south": {"uv": [4, 0, 12, 4], "texture": "#frame"},
				"up": {"uv": [4, 0, 12, 4], "texture": "#frame", "cullface": "up"},
				"down": {"uv": [4, 0, 12, 4], "rotation": 180, "texture": "#frame"}
			}
		},
		{
			"name": "south-bottom",
			"from": [4, 0, 12],
			"to": [12, 4, 16],
			"rotation": {"angle": 0, "axis": "y", "origin": [8, 8, 8]},
			"faces": {
				"north": {"uv": [4, 12, 12, 16], "texture": "#frame"},
				"south": {"uv": [4, 12, 12, 16], "texture": "#frame", "cullface": "south"},
				"up": {"uv": [4, 12, 12, 16], "texture": "#frame"},
				"down": {"uv": [4, 12, 12, 16], "rotation": 180, "texture": "#frame", "cullface": "down"}
			}
		},
		{
			"name": "south-top",
			"from": [4, 12, 12],
			"to": [12, 16, 16],
			"rotation": {"angle": 0, "axis": "y", "origin": [8, 8, 8]},
			"faces": {
				"north": {"uv": [4, 0, 12, 4], "texture": "#frame"},
				"south": {"uv": [4, 0, 12, 4], "texture": "#frame", "cullface": "south"},
				"up": {"uv": [4, 12, 12, 16], "texture": "#frame", "cullface": "up"},
				"down": {"uv": [4, 0, 12, 4], "rotation": 180, "texture": "#frame"}
			}
		},
		{
			"name": "west-bottom",
			"from": [0, 0, 4],
			"to": [4, 4, 12],
			"rotation": {"angle": 0, "axis": "y", "origin": [8, 8, 8]},
			"faces": {
				"east": {"uv": [4, 12, 12, 16], "texture": "#frame"},
				"west": {"uv": [4, 12, 12, 16], "texture": "#frame", "cullface": "west"},
				"up": {"uv": [0, 4, 4, 12], "texture": "#frame"},
				"down": {"uv": [12, 4, 16, 12], "rotation": 180, "texture": "#frame", "cullface": "down"}
			}
		},
		{
			"name": "west-top",
			"from": [0, 12, 4],
			"to": [4, 16, 12],
			"rotation": {"angle": 0, "axis": "y", "origin": [8, 8, 8]},
			"faces": {
				"east": {"uv": [4, 0, 12, 4], "texture": "#frame"},
				"west": {"uv": [4, 0, 12, 4], "texture": "#frame", "cullface": "west"},
				"up": {"uv": [0, 4, 4, 12], "texture": "#frame", "cullface": "up"},
				"down": {"uv": [12, 4, 16, 12], "rotation": 180, "texture": "#frame"}
			}
		},
		{
			"name": "east-bottom",
			"from": [12, 0, 4],
			"to": [16, 4, 12],
			"rotation": {"angle": 0, "axis": "y", "origin": [8, 8, 8]},
			"faces": {
				"east": {"uv": [4, 12, 12, 16], "texture": "#frame", "cullface": "east"},
				"west": {"uv": [4, 12, 12, 16], "texture": "#frame"},
				"up": {"uv": [12, 4, 16, 12], "texture": "#frame"},
				"down": {"uv": [0, 4, 4, 12], "rotation": 180, "texture": "#frame", "cullface": "down"}
			}
		},
		{
			"name": "east-top",
			"from": [12, 12, 4],
			"to": [16, 16, 12],
			"rotation": {"angle": 0, "axis": "y", "origin": [8, 8, 8]},
			"faces": {
				"east": {"uv": [4, 0, 12, 4], "texture": "#frame", "cullface": "east"},
				"west": {"uv": [4, 0, 12, 4], "texture": "#frame"},
				"up": {"uv": [12, 4, 16, 12], "texture": "#frame", "cullface": "up"},
				"down": {"uv": [0, 4, 4, 12], "rotation": 180, "texture": "#frame"}
			}
		}
	]
}