{
	"credit": "Made with Blockbench",
	"parent": "block/block",
	"textures": {
		"particle": "block/glowstone",
		"centre": "block/glowstone",
		"frame": "block/oak_planks"
	},
	"elements": [
		{
			"name": "main",
			"from": [1, 1, 1],
			"to": [15, 15, 15],
			"faces": {
				"north": {"uv": [1.02, 1.02, 15.02, 15.02], "texture": "#centre"},
				"east": {"uv": [1, 1.02, 15, 15.02], "texture": "#centre"},
				"south": {"uv": [1, 1.02, 15, 15.02], "texture": "#centre"},
				"west": {"uv": [1, 1.02, 15, 15.02], "texture": "#centre"},
				"up": {"uv": [1, 1.02, 15, 15.02], "texture": "#centre"},
				"down": {"uv": [1, 1.02, 15, 15.02], "texture": "#centre"}
			}
		},
		{
			"from": [0, 0, 0],
			"to": [16, 2, 2],
			"faces": {
				"north": {"uv": [0, 14, 16, 16], "texture": "#frame", "cullface": "north"},
				"east": {"uv": [14, 14, 16, 16], "texture": "#frame", "cullface": "east"},
				"south": {"uv": [0, 14, 16, 16], "texture": "#frame"},
				"west": {"uv": [0, 14, 2, 16], "texture": "#frame", "cullface": "west"},
				"up": {"uv": [0, 0, 16, 2], "texture": "#frame"},
				"down": {"uv": [0, 14, 16, 16], "texture": "#frame", "cullface": "down"}
			}
		},
		{
			"from": [0, 0, 14],
			"to": [16, 2, 16],
			"faces": {
				"north": {"uv": [0, 14, 16, 16], "texture": "#frame"},
				"east": {"uv": [0, 14, 2, 16], "texture": "#frame", "cullface": "east"},
				"south": {"uv": [0, 14, 16, 16], "texture": "#frame", "cullface": "south"},
				"west": {"uv": [14, 14, 16, 16], "texture": "#frame", "cullface": "west"},
				"up": {"uv": [0, 14, 16, 16], "texture": "#frame"},
				"down": {"uv": [0, 0, 16, 2], "texture": "#frame", "cullface": "down"}
			}
		},
		{
			"from": [0, 0, 2],
			"to": [2, 2, 14],
			"faces": {
				"east": {"uv": [2, 14, 14, 16], "texture": "#frame"},
				"west": {"uv": [2, 14, 14, 16], "texture": "#frame", "cullface": "west"},
				"up": {"uv": [0, 2, 2, 14], "texture": "#frame"},
				"down": {"uv": [0, 2, 2, 14], "texture": "#frame", "cullface": "down"}
			}
		},
		{
			"from": [14, 0, 2],
			"to": [16, 2, 14],
			"faces": {
				"east": {"uv": [2, 14, 14, 16], "texture": "#frame", "cullface": "east"},
				"west": {"uv": [2, 14, 14, 16], "texture": "#frame"},
				"up": {"uv": [14, 2, 16, 14], "texture": "#frame"},
				"down": {"uv": [14, 2, 16, 14], "texture": "#frame", "cullface": "down"}
			}
		},
		{
			"from": [0, 14, 2],
			"to": [2, 16, 14],
			"faces": {
				"east": {"uv": [2, 0, 14, 2], "texture": "#frame"},
				"west": {"uv": [2, 0, 14, 2], "texture": "#frame", "cullface": "west"},
				"up": {"uv": [0, 2, 2, 14], "texture": "#frame", "cullface": "up"},
				"down": {"uv": [0, 2, 2, 14], "texture": "#frame"}
			}
		},
		{
			"from": [0, 14, 14],
			"to": [16, 16, 16],
			"faces": {
				"north": {"uv": [0, 0, 16, 2], "texture": "#frame"},
				"east": {"uv": [0, 0, 2, 2], "texture": "#frame", "cullface": "east"},
				"south": {"uv": [0, 0, 16, 2], "texture": "#frame", "cullface": "south"},
				"west": {"uv": [14, 0, 16, 2], "texture": "#frame", "cullface": "west"},
				"up": {"uv": [0, 14, 16, 16], "texture": "#frame", "cullface": "up"},
				"down": {"uv": [0, 0, 16, 2], "texture": "#frame"}
			}
		},
		{
			"from": [0, 14, 0],
			"to": [16, 16, 2],
			"faces": {
				"north": {"uv": [0, 0, 16, 2], "texture": "#frame", "cullface": "north"},
				"east": {"uv": [14, 0, 16, 2], "texture": "#frame", "cullface": "east"},
				"south": {"uv": [0, 0, 16, 2], "texture": "#frame"},
				"west": {"uv": [0, 0, 2, 2], "texture": "#frame", "cullface": "west"},
				"up": {"uv": [0, 0, 16, 2], "texture": "#frame", "cullface": "up"},
				"down": {"uv": [0, 0, 16, 2], "texture": "#frame"}
			}
		},
		{
			"from": [14, 14, 2],
			"to": [16, 16, 14],
			"faces": {
				"east": {"uv": [2, 0, 14, 2], "texture": "#frame", "cullface": "east"},
				"west": {"uv": [2, 0, 14, 2], "texture": "#frame"},
				"up": {"uv": [14, 2, 16, 14], "texture": "#frame", "cullface": "up"},
				"down": {"uv": [0, 2, 2, 14], "texture": "#frame"}
			}
		},
		{
			"from": [0, 2, 0],
			"to": [2, 14, 2],
			"faces": {
				"north": {"uv": [14, 2, 16, 14], "texture": "#frame", "cullface": "north"},
				"east": {"uv": [14, 2, 16, 14], "texture": "#frame"},
				"south": {"uv": [0, 2, 2, 14], "texture": "#frame"},
				"west": {"uv": [0, 2, 2, 14], "texture": "#frame", "cullface": "west"}
			}
		},
		{
			"from": [0, 2, 14],
			"to": [2, 14, 16],
			"faces": {
				"north": {"uv": [14, 2, 16, 14], "texture": "#frame"},
				"east": {"uv": [0, 2, 2, 14], "texture": "#frame"},
				"south": {"uv": [0, 2, 2, 14], "texture": "#frame", "cullface": "south"},
				"west": {"uv": [14, 2, 16, 14], "texture": "#frame", "cullface": "west"}
			}
		},
		{
			"from": [14, 2, 0],
			"to": [16, 14, 2],
			"faces": {
				"north": {"uv": [0, 2, 2, 14], "texture": "#frame", "cullface": "north"},
				"east": {"uv": [14, 2, 16, 14], "texture": "#frame", "cullface": "east"},
				"south": {"uv": [14, 2, 16, 14], "texture": "#frame"},
				"west": {"uv": [0, 2, 2, 14], "texture": "#frame"}
			}
		},
		{
			"from": [14, 2, 14],
			"to": [16, 14, 16],
			"faces": {
				"north": {"uv": [0, 2, 2, 14], "texture": "#frame"},
				"east": {"uv": [0, 2, 2, 14], "texture": "#frame", "cullface": "east"},
				"south": {"uv": [14, 2, 16, 14], "texture": "#frame", "cullface": "south"},
				"west": {"uv": [14, 2, 16, 14], "texture": "#frame"}
			}
		},
		{
			"from": [2, 15.98, 2],
			"to": [3, 16, 4],
			"rotation": {"angle": 0, "axis": "x", "origin": [8, 8, 8]},
			"faces": {
				"up": {"uv": [2, 2, 3, 4], "texture": "#frame", "cullface": "south"}
			}
		},
		{
			"from": [3, 15.98, 2],
			"to": [4, 16, 5],
			"rotation": {"angle": 0, "axis": "x", "origin": [8, 8, 8]},
			"faces": {
				"up": {"uv": [3, 2, 4, 5], "texture": "#frame", "cullface": "south"}
			}
		},
		{
			"from": [4, 15.98, 3],
			"to": [5, 16, 6],
			"rotation": {"angle": 0, "axis": "x", "origin": [8, 8, 8]},
			"faces": {
				"up": {"uv": [4, 3, 5, 6], "texture": "#frame", "cullface": "south"}
			}
		},
		{
			"from": [5, 15.98, 4],
			"to": [6, 16, 7],
			"rotation": {"angle": 0, "axis": "x", "origin": [8, 8, 8]},
			"faces": {
				"up": {"uv": [5, 4, 6, 7], "texture": "#frame", "cullface": "south"}
			}
		},
		{
			"from": [6, 15.98, 5],
			"to": [7, 16, 8],
			"rotation": {"angle": 0, "axis": "x", "origin": [8, 8, 8]},
			"faces": {
				"up": {"uv": [6, 5, 7, 8], "texture": "#frame", "cullface": "south"}
			}
		},
		{
			"from": [7, 15.98, 6],
			"to": [8, 16, 10],
			"rotation": {"angle": 0, "axis": "x", "origin": [8, 8, 8]},
			"faces": {
				"up": {"uv": [7, 6, 8, 10], "texture": "#frame", "cullface": "south"}
			}
		},
		{
			"from": [8, 15.98, 6],
			"to": [9, 16, 10],
			"rotation": {"angle": 0, "axis": "x", "origin": [8, 8, 8]},
			"faces": {
				"up": {"uv": [8, 6, 9, 10], "texture": "#frame", "cullface": "south"}
			}
		},
		{
			"from": [9, 15.98, 8],
			"to": [10, 16, 11],
			"rotation": {"angle": 0, "axis": "x", "origin": [8, 8, 8]},
			"faces": {
				"up": {"uv": [9, 8, 10, 11], "texture": "#frame", "cullface": "south"}
			}
		},
		{
			"from": [10, 15.98, 9],
			"to": [11, 16, 12],
			"rotation": {"angle": 0, "axis": "x", "origin": [8, 8, 8]},
			"faces": {
				"up": {"uv": [10, 9, 11, 12], "texture": "#frame", "cullface": "south"}
			}
		},
		{
			"from": [11, 15.98, 10],
			"to": [12, 16, 13],
			"rotation": {"angle": 0, "axis": "x", "origin": [8, 8, 8]},
			"faces": {
				"up": {"uv": [11, 10, 12, 13], "texture": "#frame", "cullface": "south"}
			}
		},
		{
			"from": [12, 15.98, 11],
			"to": [13, 16, 14],
			"rotation": {"angle": 0, "axis": "x", "origin": [8, 8, 8]},
			"faces": {
				"up": {"uv": [12, 11, 13, 14], "texture": "#frame", "cullface": "south"}
			}
		},
		{
			"from": [13, 15.98, 12],
			"to": [14, 16, 14],
			"rotation": {"angle": 0, "axis": "x", "origin": [8, 8, 8]},
			"faces": {
				"up": {"uv": [13, 12, 14, 14], "texture": "#frame", "cullface": "south"}
			}
		},
		{
			"from": [13, 12, 0],
			"to": [14, 14, 0.02],
			"rotation": {"angle": 0, "axis": "y", "origin": [8, 8, 8]},
			"faces": {
				"north": {"uv": [2, 2, 3, 4], "texture": "#frame", "cullface": "north"}
			}
		},
		{
			"from": [12, 11, 0],
			"to": [13, 14, 0.02],
			"rotation": {"angle": 0, "axis": "y", "origin": [8, 8, 8]},
			"faces": {
				"north": {"uv": [3, 2, 4, 5], "texture": "#frame", "cullface": "north"}
			}
		},
		{
			"from": [11, 10, 0],
			"to": [12, 13, 0.02],
			"rotation": {"angle": 0, "axis": "y", "origin": [8, 8, 8]},
			"faces": {
				"north": {"uv": [4, 3, 5, 6], "texture": "#frame", "cullface": "north"}
			}
		},
		{
			"from": [10, 9, 0],
			"to": [11, 12, 0.02],
			"rotation": {"angle": 0, "axis": "y", "origin": [8, 8, 8]},
			"faces": {
				"north": {"uv": [5, 4, 6, 7], "texture": "#frame", "cullface": "north"}
			}
		},
		{
			"from": [9, 8, 0],
			"to": [10, 11, 0.02],
			"rotation": {"angle": 0, "axis": "y", "origin": [8, 8, 8]},
			"faces": {
				"north": {"uv": [6, 5, 7, 8], "texture": "#frame", "cullface": "north"}
			}
		},
		{
			"from": [8, 6, 0],
			"to": [9, 10, 0.02],
			"rotation": {"angle": 0, "axis": "y", "origin": [8, 8, 8]},
			"faces": {
				"north": {"uv": [7, 6, 8, 10], "texture": "#frame", "cullface": "north"}
			}
		},
		{
			"from": [7, 6, 0],
			"to": [8, 10, 0.02],
			"rotation": {"angle": 0, "axis": "y", "origin": [8, 8, 8]},
			"faces": {
				"north": {"uv": [8, 6, 9, 10], "texture": "#frame", "cullface": "north"}
			}
		},
		{
			"from": [6, 5, 0],
			"to": [7, 8, 0.02],
			"rotation": {"angle": 0, "axis": "y", "origin": [8, 8, 8]},
			"faces": {
				"north": {"uv": [9, 8, 10, 11], "texture": "#frame", "cullface": "north"}
			}
		},
		{
			"from": [5, 4, 0],
			"to": [6, 7, 0.02],
			"rotation": {"angle": 0, "axis": "y", "origin": [8, 8, 8]},
			"faces": {
				"north": {"uv": [10, 9, 11, 12], "texture": "#frame", "cullface": "north"}
			}
		},
		{
			"from": [4, 3, 0],
			"to": [5, 6, 0.02],
			"rotation": {"angle": 0, "axis": "y", "origin": [8, 8, 8]},
			"faces": {
				"north": {"uv": [11, 10, 12, 13], "texture": "#frame", "cullface": "north"}
			}
		},
		{
			"from": [3, 2, 0],
			"to": [4, 5, 0.02],
			"rotation": {"angle": 0, "axis": "y", "origin": [8, 8, 8]},
			"faces": {
				"north": {"uv": [12, 11, 13, 14], "texture": "#frame", "cullface": "north"}
			}
		},
		{
			"from": [2, 2, 0],
			"to": [3, 4, 0.02],
			"rotation": {"angle": 0, "axis": "y", "origin": [8, 8, 8]},
			"faces": {
				"north": {"uv": [13, 12, 14, 14], "texture": "#frame", "cullface": "north"}
			}
		},
		{
			"from": [15.98, 12, 13],
			"to": [16, 14, 14],
			"rotation": {"angle": 0, "axis": "y", "origin": [8, 8, 8]},
			"faces": {
				"east": {"uv": [2, 2, 3, 4], "texture": "#frame", "cullface": "east"}
			}
		},
		{
			"from": [15.98, 11, 12],
			"to": [16, 14, 13],
			"rotation": {"angle": 0, "axis": "y", "origin": [8, 8, 8]},
			"faces": {
				"east": {"uv": [3, 2, 4, 5], "texture": "#frame", "cullface": "east"}
			}
		},
		{
			"from": [15.98, 10, 11],
			"to": [16, 13, 12],
			"rotation": {"angle": 0, "axis": "y", "origin": [8, 8, 8]},
			"faces": {
				"east": {"uv": [4, 3, 5, 6], "texture": "#frame", "cullface": "east"}
			}
		},
		{
			"from": [15.98, 9, 10],
			"to": [16, 12, 11],
			"rotation": {"angle": 0, "axis": "y", "origin": [8, 8, 8]},
			"faces": {
				"east": {"uv": [5, 4, 6, 7], "texture": "#frame", "cullface": "east"}
			}
		},
		{
			"from": [15.98, 8, 9],
			"to": [16, 11, 10],
			"rotation": {"angle": 0, "axis": "y", "origin": [8, 8, 8]},
			"faces": {
				"east": {"uv": [6, 5, 7, 8], "texture": "#frame", "cullface": "east"}
			}
		},
		{
			"from": [15.98, 6, 8],
			"to": [16, 10, 9],
			"rotation": {"angle": 0, "axis": "y", "origin": [8, 8, 8]},
			"faces": {
				"east": {"uv": [7, 6, 8, 10], "texture": "#frame", "cullface": "east"}
			}
		},
		{
			"from": [15.98, 6, 7],
			"to": [16, 10, 8],
			"rotation": {"angle": 0, "axis": "y", "origin": [8, 8, 8]},
			"faces": {
				"east": {"uv": [8, 6, 9, 10], "texture": "#frame", "cullface": "east"}
			}
		},
		{
			"from": [15.98, 5, 6],
			"to": [16, 8, 7],
			"rotation": {"angle": 0, "axis": "y", "origin": [8, 8, 8]},
			"faces": {
				"east": {"uv": [9, 8, 10, 11], "texture": "#frame", "cullface": "east"}
			}
		},
		{
			"from": [15.98, 4, 5],
			"to": [16, 7, 6],
			"rotation": {"angle": 0, "axis": "y", "origin": [8, 8, 8]},
			"faces": {
				"east": {"uv": [10, 9, 11, 12], "texture": "#frame", "cullface": "east"}
			}
		},
		{
			"from": [15.98, 3, 4],
			"to": [16, 6, 5],
			"rotation": {"angle": 0, "axis": "y", "origin": [8, 8, 8]},
			"faces": {
				"east": {"uv": [11, 10, 12, 13], "texture": "#frame", "cullface": "east"}
			}
		},
		{
			"from": [15.98, 2, 3],
			"to": [16, 5, 4],
			"rotation": {"angle": 0, "axis": "y", "origin": [8, 8, 8]},
			"faces": {
				"east": {"uv": [12, 11, 13, 14], "texture": "#frame", "cullface": "east"}
			}
		},
		{
			"from": [15.98, 2, 2],
			"to": [16, 4, 3],
			"rotation": {"angle": 0, "axis": "y", "origin": [8, 8, 8]},
			"faces": {
				"east": {"uv": [13, 12, 14, 14], "texture": "#frame", "cullface": "east"}
			}
		},
		{
			"from": [2, 12, 15.98],
			"to": [3, 14, 16],
			"rotation": {"angle": 0, "axis": "y", "origin": [8, 8, 8]},
			"faces": {
				"south": {"uv": [2, 2, 3, 4], "texture": "#frame", "cullface": "south"}
			}
		},
		{
			"from": [3, 11, 15.98],
			"to": [4, 14, 16],
			"rotation": {"angle": 0, "axis": "y", "origin": [8, 8, 8]},
			"faces": {
				"south": {"uv": [3, 2, 4, 5], "texture": "#frame", "cullface": "south"}
			}
		},
		{
			"from": [4, 10, 15.98],
			"to": [5, 13, 16],
			"rotation": {"angle": 0, "axis": "y", "origin": [8, 8, 8]},
			"faces": {
				"south": {"uv": [4, 3, 5, 6], "texture": "#frame", "cullface": "south"}
			}
		},
		{
			"from": [5, 9, 15.98],
			"to": [6, 12, 16],
			"rotation": {"angle": 0, "axis": "y", "origin": [8, 8, 8]},
			"faces": {
				"south": {"uv": [5, 4, 6, 7], "texture": "#frame", "cullface": "south"}
			}
		},
		{
			"from": [6, 8, 15.98],
			"to": [7, 11, 16],
			"rotation": {"angle": 0, "axis": "y", "origin": [8, 8, 8]},
			"faces": {
				"south": {"uv": [6, 5, 7, 8], "texture": "#frame", "cullface": "south"}
			}
		},
		{
			"from": [7, 6, 15.98],
			"to": [8, 10, 16],
			"rotation": {"angle": 0, "axis": "y", "origin": [8, 8, 8]},
			"faces": {
				"south": {"uv": [7, 6, 8, 10], "texture": "#frame", "cullface": "south"}
			}
		},
		{
			"from": [8, 6, 15.98],
			"to": [9, 10, 16],
			"rotation": {"angle": 0, "axis": "y", "origin": [8, 8, 8]},
			"faces": {
				"south": {"uv": [8, 6, 9, 10], "texture": "#frame", "cullface": "south"}
			}
		},
		{
			"from": [9, 5, 15.98],
			"to": [10, 8, 16],
			"rotation": {"angle": 0, "axis": "y", "origin": [8, 8, 8]},
			"faces": {
				"south": {"uv": [9, 8, 10, 11], "texture": "#frame", "cullface": "south"}
			}
		},
		{
			"from": [10, 4, 15.98],
			"to": [11, 7, 16],
			"rotation": {"angle": 0, "axis": "y", "origin": [8, 8, 8]},
			"faces": {
				"south": {"uv": [10, 9, 11, 12], "texture": "#frame", "cullface": "south"}
			}
		},
		{
			"from": [11, 3, 15.98],
			"to": [12, 6, 16],
			"rotation": {"angle": 0, "axis": "y", "origin": [8, 8, 8]},
			"faces": {
				"south": {"uv": [11, 10, 12, 13], "texture": "#frame", "cullface": "south"}
			}
		},
		{
			"from": [12, 2, 15.98],
			"to": [13, 5, 16],
			"rotation": {"angle": 0, "axis": "y", "origin": [8, 8, 8]},
			"faces": {
				"south": {"uv": [12, 11, 13, 14], "texture": "#frame", "cullface": "south"}
			}
		},
		{
			"from": [13, 2, 15.98],
			"to": [14, 4, 16],
			"rotation": {"angle": 0, "axis": "y", "origin": [8, 8, 8]},
			"faces": {
				"south": {"uv": [13, 12, 14, 14], "texture": "#frame", "cullface": "south"}
			}
		},
		{
			"from": [0, 12, 2],
			"to": [0.02, 14, 3],
			"rotation": {"angle": 0, "axis": "y", "origin": [8, 8, 8]},
			"faces": {
				"west": {"uv": [2, 2, 3, 4], "texture": "#frame", "cullface": "west"}
			}
		},
		{
			"from": [0, 11, 3],
			"to": [0.02, 14, 4],
			"rotation": {"angle": 0, "axis": "y", "origin": [8, 8, 8]},
			"faces": {
				"west": {"uv": [3, 2, 4, 5], "texture": "#frame", "cullface": "west"}
			}
		},
		{
			"from": [0, 10, 4],
			"to": [0.02, 13, 5],
			"rotation": {"angle": 0, "axis": "y", "origin": [8, 8, 8]},
			"faces": {
				"west": {"uv": [4, 3, 5, 6], "texture": "#frame", "cullface": "west"}
			}
		},
		{
			"from": [0, 9, 5],
			"to": [0.02, 12, 6],
			"rotation": {"angle": 0, "axis": "y", "origin": [8, 8, 8]},
			"faces": {
				"west": {"uv": [5, 4, 6, 7], "texture": "#frame", "cullface": "west"}
			}
		},
		{
			"from": [0, 8, 6],
			"to": [0.02, 11, 7],
			"rotation": {"angle": 0, "axis": "y", "origin": [8, 8, 8]},
			"faces": {
				"west": {"uv": [6, 5, 7, 8], "texture": "#frame", "cullface": "west"}
			}
		},
		{
			"from": [0, 6, 7],
			"to": [0.02, 10, 8],
			"rotation": {"angle": 0, "axis": "y", "origin": [8, 8, 8]},
			"faces": {
				"west": {"uv": [7, 6, 8, 10], "texture": "#frame", "cullface": "west"}
			}
		},
		{
			"from": [0, 6, 8],
			"to": [0.02, 10, 9],
			"rotation": {"angle": 0, "axis": "y", "origin": [8, 8, 8]},
			"faces": {
				"west": {"uv": [8, 6, 9, 10], "texture": "#frame", "cullface": "west"}
			}
		},
		{
			"from": [0, 5, 9],
			"to": [0.02, 8, 10],
			"rotation": {"angle": 0, "axis": "y", "origin": [8, 8, 8]},
			"faces": {
				"west": {"uv": [9, 8, 10, 11], "texture": "#frame", "cullface": "west"}
			}
		},
		{
			"from": [0, 4, 10],
			"to": [0.02, 7, 11],
			"rotation": {"angle": 0, "axis": "y", "origin": [8, 8, 8]},
			"faces": {
				"west": {"uv": [10, 9, 11, 12], "texture": "#frame", "cullface": "west"}
			}
		},
		{
			"from": [0, 3, 11],
			"to": [0.02, 6, 12],
			"rotation": {"angle": 0, "axis": "y", "origin": [8, 8, 8]},
			"faces": {
				"west": {"uv": [11, 10, 12, 13], "texture": "#frame", "cullface": "west"}
			}
		},
		{
			"from": [0, 2, 12],
			"to": [0.02, 5, 13],
			"rotation": {"angle": 0, "axis": "y", "origin": [8, 8, 8]},
			"faces": {
				"west": {"uv": [12, 11, 13, 14], "texture": "#frame", "cullface": "west"}
			}
		},
		{
			"from": [0, 2, 13],
			"to": [0.02, 4, 14],
			"rotation": {"angle": 0, "axis": "y", "origin": [8, 8, 8]},
			"faces": {
				"west": {"uv": [13, 12, 14, 14], "texture": "#frame", "cullface": "west"}
			}
		},
		{
			"from": [2, 0, 12],
			"to": [3, 0.02, 14],
			"rotation": {"angle": 0, "axis": "x", "origin": [8, 8, 8]},
			"faces": {
				"down": {"uv": [2, 2, 3, 4], "texture": "#frame", "cullface": "down"}
			}
		},
		{
			"from": [3, 0, 11],
			"to": [4, 0.02, 14],
			"rotation": {"angle": 0, "axis": "x", "origin": [8, 8, 8]},
			"faces": {
				"down": {"uv": [3, 2, 4, 5], "texture": "#frame", "cullface": "down"}
			}
		},
		{
			"from": [4, 0, 10],
			"to": [5, 0.02, 13],
			"rotation": {"angle": 0, "axis": "x", "origin": [8, 8, 8]},
			"faces": {
				"down": {"uv": [4, 3, 5, 6], "texture": "#frame", "cullface": "down"}
			}
		},
		{
			"from": [5, 0, 9],
			"to": [6, 0.02, 12],
			"rotation": {"angle": 0, "axis": "x", "origin": [8, 8, 8]},
			"faces": {
				"down": {"uv": [5, 4, 6, 7], "texture": "#frame", "cullface": "down"}
			}
		},
		{
			"from": [6, 0, 8],
			"to": [7, 0.02, 11],
			"rotation": {"angle": 0, "axis": "x", "origin": [8, 8, 8]},
			"faces": {
				"down": {"uv": [6, 5, 7, 8], "texture": "#frame", "cullface": "down"}
			}
		},
		{
			"from": [7, 0, 6],
			"to": [8, 0.02, 10],
			"rotation": {"angle": 0, "axis": "x", "origin": [8, 8, 8]},
			"faces": {
				"down": {"uv": [7, 6, 8, 10], "texture": "#frame", "cullface": "down"}
			}
		},
		{
			"from": [8, 0, 6],
			"to": [9, 0.02, 10],
			"rotation": {"angle": 0, "axis": "x", "origin": [8, 8, 8]},
			"faces": {
				"down": {"uv": [8, 6, 9, 10], "texture": "#frame", "cullface": "down"}
			}
		},
		{
			"from": [9, 0, 5],
			"to": [10, 0.02, 8],
			"rotation": {"angle": 0, "axis": "x", "origin": [8, 8, 8]},
			"faces": {
				"down": {"uv": [9, 8, 10, 11], "texture": "#frame", "cullface": "down"}
			}
		},
		{
			"from": [10, 0, 4],
			"to": [11, 0.02, 7],
			"rotation": {"angle": 0, "axis": "x", "origin": [8, 8, 8]},
			"faces": {
				"down": {"uv": [10, 9, 11, 12], "texture": "#frame", "cullface": "down"}
			}
		},
		{
			"from": [11, 0, 3],
			"to": [12, 0.02, 6],
			"rotation": {"angle": 0, "axis": "x", "origin": [8, 8, 8]},
			"faces": {
				"down": {"uv": [11, 10, 12, 13], "texture": "#frame", "cullface": "down"}
			}
		},
		{
			"from": [12, 0, 2],
			"to": [13, 0.02, 5],
			"rotation": {"angle": 0, "axis": "x", "origin": [8, 8, 8]},
			"faces": {
				"down": {"uv": [12, 11, 13, 14], "texture": "#frame", "cullface": "down"}
			}
		},
		{
			"from": [13, 0, 2],
			"to": [14, 0.02, 4],
			"rotation": {"angle": 0, "axis": "x", "origin": [8, 8, 8]},
			"faces": {
				"down": {"uv": [13, 12, 14, 14], "texture": "#frame", "cullface": "down"}
			}
		},
		{
			"from": [13, 15.98, 2],
			"to": [14, 16, 4],
			"rotation": {"angle": 0, "axis": "x", "origin": [8, 8, 8]},
			"faces": {
				"up": {"uv": [13, 2, 14, 4], "texture": "#frame", "cullface": "south"}
			}
		},
		{
			"from": [12, 15.98, 2],
			"to": [13, 16, 5],
			"rotation": {"angle": 0, "axis": "x", "origin": [8, 8, 8]},
			"faces": {
				"up": {"uv": [12, 2, 13, 5], "texture": "#frame", "cullface": "south"}
			}
		},
		{
			"from": [11, 15.98, 3],
			"to": [12, 16, 6],
			"rotation": {"angle": 0, "axis": "x", "origin": [8, 8, 8]},
			"faces": {
				"up": {"uv": [11, 3, 12, 6], "texture": "#frame", "cullface": "south"}
			}
		},
		{
			"from": [10, 15.98, 4],
			"to": [11, 16, 7],
			"rotation": {"angle": 0, "axis": "x", "origin": [8, 8, 8]},
			"faces": {
				"up": {"uv": [10, 4, 11, 7], "texture": "#frame", "cullface": "south"}
			}
		},
		{
			"from": [9, 15.98, 5],
			"to": [10, 16, 8],
			"rotation": {"angle": 0, "axis": "x", "origin": [8, 8, 8]},
			"faces": {
				"up": {"uv": [9, 5, 10, 8], "texture": "#frame", "cullface": "south"}
			}
		},
		{
			"from": [6, 15.98, 8],
			"to": [7, 16, 11],
			"rotation": {"angle": 0, "axis": "x", "origin": [8, 8, 8]},
			"faces": {
				"up": {"uv": [6, 8, 7, 11], "texture": "#frame", "cullface": "south"}
			}
		},
		{
			"from": [5, 15.98, 9],
			"to": [6, 16, 12],
			"rotation": {"angle": 0, "axis": "x", "origin": [8, 8, 8]},
			"faces": {
				"up": {"uv": [5, 9, 6, 12], "texture": "#frame", "cullface": "south"}
			}
		},
		{
			"from": [4, 15.98, 10],
			"to": [5, 16, 13],
			"rotation": {"angle": 0, "axis": "x", "origin": [8, 8, 8]},
			"faces": {
				"up": {"uv": [4, 10, 5, 13], "texture": "#frame", "cullface": "south"}
			}
		},
		{
			"from": [3, 15.98, 11],
			"to": [4, 16, 14],
			"rotation": {"angle": 0, "axis": "x", "origin": [8, 8, 8]},
			"faces": {
				"up": {"uv": [3, 11, 4, 14], "texture": "#frame", "cullface": "south"}
			}
		},
		{
			"from": [2, 15.98, 12],
			"to": [3, 16, 14],
			"rotation": {"angle": 0, "axis": "x", "origin": [8, 8, 8]},
			"faces": {
				"up": {"uv": [2, 12, 3, 14], "texture": "#frame", "cullface": "south"}
			}
		},
		{
			"from": [2, 12, 0],
			"to": [3, 14, 0.02],
			"rotation": {"angle": 0, "axis": "y", "origin": [8, 8, 8]},
			"faces": {
				"north": {"uv": [13, 2, 14, 4], "texture": "#frame", "cullface": "north"}
			}
		},
		{
			"from": [3, 11, 0],
			"to": [4, 14, 0.02],
			"rotation": {"angle": 0, "axis": "y", "origin": [8, 8, 8]},
			"faces": {
				"north": {"uv": [12, 2, 13, 5], "texture": "#frame", "cullface": "north"}
			}
		},
		{
			"from": [4, 10, 0],
			"to": [5, 13, 0.02],
			"rotation": {"angle": 0, "axis": "y", "origin": [8, 8, 8]},
			"faces": {
				"north": {"uv": [11, 3, 12, 6], "texture": "#frame", "cullface": "north"}
			}
		},
		{
			"from": [5, 9, 0],
			"to": [6, 12, 0.02],
			"rotation": {"angle": 0, "axis": "y", "origin": [8, 8, 8]},
			"faces": {
				"north": {"uv": [10, 4, 11, 7], "texture": "#frame", "cullface": "north"}
			}
		},
		{
			"from": [6, 8, 0],
			"to": [7, 11, 0.02],
			"rotation": {"angle": 0, "axis": "y", "origin": [8, 8, 8]},
			"faces": {
				"north": {"uv": [9, 5, 10, 8], "texture": "#frame", "cullface": "north"}
			}
		},
		{
			"from": [9, 5, 0],
			"to": [10, 8, 0.02],
			"rotation": {"angle": 0, "axis": "y", "origin": [8, 8, 8]},
			"faces": {
				"north": {"uv": [6, 8, 7, 11], "texture": "#frame", "cullface": "north"}
			}
		},
		{
			"from": [10, 4, 0],
			"to": [11, 7, 0.02],
			"rotation": {"angle": 0, "axis": "y", "origin": [8, 8, 8]},
			"faces": {
				"north": {"uv": [5, 9, 6, 12], "texture": "#frame", "cullface": "north"}
			}
		},
		{
			"from": [11, 3, 0],
			"to": [12, 6, 0.02],
			"rotation": {"angle": 0, "axis": "y", "origin": [8, 8, 8]},
			"faces": {
				"north": {"uv": [4, 10, 5, 13], "texture": "#frame", "cullface": "north"}
			}
		},
		{
			"from": [12, 2, 0],
			"to": [13, 5, 0.02],
			"rotation": {"angle": 0, "axis": "y", "origin": [8, 8, 8]},
			"faces": {
				"north": {"uv": [3, 11, 4, 14], "texture": "#frame", "cullface": "north"}
			}
		},
		{
			"from": [13, 2, 0],
			"to": [14, 4, 0.02],
			"rotation": {"angle": 0, "axis": "y", "origin": [8, 8, 8]},
			"faces": {
				"north": {"uv": [2, 12, 3, 14], "texture": "#frame", "cullface": "north"}
			}
		},
		{
			"from": [15.98, 12, 2],
			"to": [16, 14, 3],
			"rotation": {"angle": 0, "axis": "y", "origin": [8, 8, 8]},
			"faces": {
				"east": {"uv": [13, 2, 14, 4], "texture": "#frame", "cullface": "east"}
			}
		},
		{
			"from": [15.98, 11, 3],
			"to": [16, 14, 4],
			"rotation": {"angle": 0, "axis": "y", "origin": [8, 8, 8]},
			"faces": {
				"east": {"uv": [12, 2, 13, 5], "texture": "#frame", "cullface": "east"}
			}
		},
		{
			"from": [15.98, 10, 4],
			"to": [16, 13, 5],
			"rotation": {"angle": 0, "axis": "y", "origin": [8, 8, 8]},
			"faces": {
				"east": {"uv": [11, 3, 12, 6], "texture": "#frame", "cullface": "east"}
			}
		},
		{
			"from": [15.98, 9, 5],
			"to": [16, 12, 6],
			"rotation": {"angle": 0, "axis": "y", "origin": [8, 8, 8]},
			"faces": {
				"east": {"uv": [10, 4, 11, 7], "texture": "#frame", "cullface": "east"}
			}
		},
		{
			"from": [15.98, 8, 6],
			"to": [16, 11, 7],
			"rotation": {"angle": 0, "axis": "y", "origin": [8, 8, 8]},
			"faces": {
				"east": {"uv": [9, 5, 10, 8], "texture": "#frame", "cullface": "east"}
			}
		},
		{
			"from": [15.98, 5, 9],
			"to": [16, 8, 10],
			"rotation": {"angle": 0, "axis": "y", "origin": [8, 8, 8]},
			"faces": {
				"east": {"uv": [6, 8, 7, 11], "texture": "#frame", "cullface": "east"}
			}
		},
		{
			"from": [15.98, 4, 10],
			"to": [16, 7, 11],
			"rotation": {"angle": 0, "axis": "y", "origin": [8, 8, 8]},
			"faces": {
				"east": {"uv": [5, 9, 6, 12], "texture": "#frame", "cullface": "east"}
			}
		},
		{
			"from": [15.98, 3, 11],
			"to": [16, 6, 12],
			"rotation": {"angle": 0, "axis": "y", "origin": [8, 8, 8]},
			"faces": {
				"east": {"uv": [4, 10, 5, 13], "texture": "#frame", "cullface": "east"}
			}
		},
		{
			"from": [15.98, 2, 12],
			"to": [16, 5, 13],
			"rotation": {"angle": 0, "axis": "y", "origin": [8, 8, 8]},
			"faces": {
				"east": {"uv": [3, 11, 4, 14], "texture": "#frame", "cullface": "east"}
			}
		},
		{
			"from": [15.98, 2, 13],
			"to": [16, 4, 14],
			"rotation": {"angle": 0, "axis": "y", "origin": [8, 8, 8]},
			"faces": {
				"east": {"uv": [2, 12, 3, 14], "texture": "#frame", "cullface": "east"}
			}
		},
		{
			"from": [13, 12, 15.98],
			"to": [14, 14, 16],
			"rotation": {"angle": 0, "axis": "y", "origin": [8, 8, 8]},
			"faces": {
				"south": {"uv": [13, 2, 14, 4], "texture": "#frame", "cullface": "south"}
			}
		},
		{
			"from": [12, 11, 15.98],
			"to": [13, 14, 16],
			"rotation": {"angle": 0, "axis": "y", "origin": [8, 8, 8]},
			"faces": {
				"south": {"uv": [12, 2, 13, 5], "texture": "#frame", "cullface": "south"}
			}
		},
		{
			"from": [11, 10, 15.98],
			"to": [12, 13, 16],
			"rotation": {"angle": 0, "axis": "y", "origin": [8, 8, 8]},
			"faces": {
				"south": {"uv": [11, 3, 12, 6], "texture": "#frame", "cullface": "south"}
			}
		},
		{
			"from": [10, 9, 15.98],
			"to": [11, 12, 16],
			"rotation": {"angle": 0, "axis": "y", "origin": [8, 8, 8]},
			"faces": {
				"south": {"uv": [10, 4, 11, 7], "texture": "#frame", "cullface": "south"}
			}
		},
		{
			"from": [9, 8, 15.98],
			"to": [10, 11, 16],
			"rotation": {"angle": 0, "axis": "y", "origin": [8, 8, 8]},
			"faces": {
				"south": {"uv": [9, 5, 10, 8], "texture": "#frame", "cullface": "south"}
			}
		},
		{
			"from": [6, 5, 15.98],
			"to": [7, 8, 16],
			"rotation": {"angle": 0, "axis": "y", "origin": [8, 8, 8]},
			"faces": {
				"south": {"uv": [6, 8, 7, 11], "texture": "#frame", "cullface": "south"}
			}
		},
		{
			"from": [5, 4, 15.98],
			"to": [6, 7, 16],
			"rotation": {"angle": 0, "axis": "y", "origin": [8, 8, 8]},
			"faces": {
				"south": {"uv": [5, 9, 6, 12], "texture": "#frame", "cullface": "south"}
			}
		},
		{
			"from": [4, 3, 15.98],
			"to": [5, 6, 16],
			"rotation": {"angle": 0, "axis": "y", "origin": [8, 8, 8]},
			"faces": {
				"south": {"uv": [4, 10, 5, 13], "texture": "#frame", "cullface": "south"}
			}
		},
		{
			"from": [3, 2, 15.98],
			"to": [4, 5, 16],
			"rotation": {"angle": 0, "axis": "y", "origin": [8, 8, 8]},
			"faces": {
				"south": {"uv": [3, 11, 4, 14], "texture": "#frame", "cullface": "south"}
			}
		},
		{
			"from": [2, 2, 15.98],
			"to": [3, 4, 16],
			"rotation": {"angle": 0, "axis": "y", "origin": [8, 8, 8]},
			"faces": {
				"south": {"uv": [2, 12, 3, 14], "texture": "#frame", "cullface": "south"}
			}
		},
		{
			"from": [0, 12, 13],
			"to": [0.02, 14, 14],
			"rotation": {"angle": 0, "axis": "y", "origin": [8, 8, 8]},
			"faces": {
				"west": {"uv": [13, 2, 14, 4], "texture": "#frame", "cullface": "west"}
			}
		},
		{
			"from": [0, 11, 12],
			"to": [0.02, 14, 13],
			"rotation": {"angle": 0, "axis": "y", "origin": [8, 8, 8]},
			"faces": {
				"west": {"uv": [12, 2, 13, 5], "texture": "#frame", "cullface": "west"}
			}
		},
		{
			"from": [0, 10, 11],
			"to": [0.02, 13, 12],
			"rotation": {"angle": 0, "axis": "y", "origin": [8, 8, 8]},
			"faces": {
				"west": {"uv": [11, 3, 12, 6], "texture": "#frame", "cullface": "west"}
			}
		},
		{
			"from": [0, 9, 10],
			"to": [0.02, 12, 11],
			"rotation": {"angle": 0, "axis": "y", "origin": [8, 8, 8]},
			"faces": {
				"west": {"uv": [10, 4, 11, 7], "texture": "#frame", "cullface": "west"}
			}
		},
		{
			"from": [0, 8, 9],
			"to": [0.02, 11, 10],
			"rotation": {"angle": 0, "axis": "y", "origin": [8, 8, 8]},
			"faces": {
				"west": {"uv": [9, 5, 10, 8], "texture": "#frame", "cullface": "west"}
			}
		},
		{
			"from": [0, 5, 6],
			"to": [0.02, 8, 7],
			"rotation": {"angle": 0, "axis": "y", "origin": [8, 8, 8]},
			"faces": {
				"west": {"uv": [6, 8, 7, 11], "texture": "#frame", "cullface": "west"}
			}
		},
		{
			"from": [0, 4, 5],
			"to": [0.02, 7, 6],
			"rotation": {"angle": 0, "axis": "y", "origin": [8, 8, 8]},
			"faces": {
				"west": {"uv": [5, 9, 6, 12], "texture": "#frame", "cullface": "west"}
			}
		},
		{
			"from": [0, 3, 4],
			"to": [0.02, 6, 5],
			"rotation": {"angle": 0, "axis": "y", "origin": [8, 8, 8]},
			"faces": {
				"west": {"uv": [4, 10, 5, 13], "texture": "#frame", "cullface": "west"}
			}
		},
		{
			"from": [0, 2, 3],
			"to": [0.02, 5, 4],
			"rotation": {"angle": 0, "axis": "y", "origin": [8, 8, 8]},
			"faces": {
				"west": {"uv": [3, 11, 4, 14], "texture": "#frame", "cullface": "west"}
			}
		},
		{
			"from": [0, 2, 2],
			"to": [0.02, 4, 3],
			"rotation": {"angle": 0, "axis": "y", "origin": [8, 8, 8]},
			"faces": {
				"west": {"uv": [2, 12, 3, 14], "texture": "#frame", "cullface": "west"}
			}
		},
		{
			"from": [13, 0, 12],
			"to": [14, 0.02, 14],
			"rotation": {"angle": 0, "axis": "x", "origin": [8, 8, 8]},
			"faces": {
				"down": {"uv": [13, 2, 14, 4], "texture": "#frame", "cullface": "down"}
			}
		},
		{
			"from": [12, 0, 11],
			"to": [13, 0.02, 14],
			"rotation": {"angle": 0, "axis": "x", "origin": [8, 8, 8]},
			"faces": {
				"down": {"uv": [12, 2, 13, 5], "texture": "#frame", "cullface": "down"}
			}
		},
		{
			"from": [11, 0, 10],
			"to": [12, 0.02, 13],
			"rotation": {"angle": 0, "axis": "x", "origin": [8, 8, 8]},
			"faces": {
				"down": {"uv": [11, 3, 12, 6], "texture": "#frame", "cullface": "down"}
			}
		},
		{
			"from": [10, 0, 9],
			"to": [11, 0.02, 12],
			"rotation": {"angle": 0, "axis": "x", "origin": [8, 8, 8]},
			"faces": {
				"down": {"uv": [10, 4, 11, 7], "texture": "#frame", "cullface": "down"}
			}
		},
		{
			"from": [9, 0, 8],
			"to": [10, 0.02, 11],
			"rotation": {"angle": 0, "axis": "x", "origin": [8, 8, 8]},
			"faces": {
				"down": {"uv": [9, 5, 10, 8], "texture": "#frame", "cullface": "down"}
			}
		},
		{
			"from": [6, 0, 5],
			"to": [7, 0.02, 8],
			"rotation": {"angle": 0, "axis": "x", "origin": [8, 8, 8]},
			"faces": {
				"down": {"uv": [6, 8, 7, 11], "texture": "#frame", "cullface": "down"}
			}
		},
		{
			"from": [5, 0, 4],
			"to": [6, 0.02, 7],
			"rotation": {"angle": 0, "axis": "x", "origin": [8, 8, 8]},
			"faces": {
				"down": {"uv": [5, 9, 6, 12], "texture": "#frame", "cullface": "down"}
			}
		},
		{
			"from": [4, 0, 3],
			"to": [5, 0.02, 6],
			"rotation": {"angle": 0, "axis": "x", "origin": [8, 8, 8]},
			"faces": {
				"down": {"uv": [4, 10, 5, 13], "texture": "#frame", "cullface": "down"}
			}
		},
		{
			"from": [3, 0, 2],
			"to": [4, 0.02, 5],
			"rotation": {"angle": 0, "axis": "x", "origin": [8, 8, 8]},
			"faces": {
				"down": {"uv": [3, 11, 4, 14], "texture": "#frame", "cullface": "down"}
			}
		},
		{
			"from": [2, 0, 2],
			"to": [3, 0.02, 4],
			"rotation": {"angle": 0, "axis": "x", "origin": [8, 8, 8]},
			"faces": {
				"down": {"uv": [2, 12, 3, 14], "texture": "#frame", "cullface": "down"}
			}
		}
	],
	"groups": [
		0,
		{
			"name": "frame",
			"origin": [0, 0, 0],
			"color": 0,
			"children": [1, 2, 3, 4, 5, 6, 7, 8, 9, 10, 11, 12]
		},
		{
			"name": "cross_up_lr",
			"origin": [8, 8, 8],
			"color": 0,
			"children": [13, 14, 15, 16, 17, 18, 19, 20, 21, 22, 23, 24]
		},
		{
			"name": "cross_north_lr",
			"origin": [8, 8, 8],
			"color": 0,
			"children": [25, 26, 27, 28, 29, 30, 31, 32, 33, 34, 35, 36]
		},
		{
			"name": "cross_east_lr",
			"origin": [8, 8, 8],
			"color": 0,
			"children": [37, 38, 39, 40, 41, 42, 43, 44, 45, 46, 47, 48]
		},
		{
			"name": "cross_south_lr",
			"origin": [8, 8, 8],
			"color": 0,
			"children": [49, 50, 51, 52, 53, 54, 55, 56, 57, 58, 59, 60]
		},
		{
			"name": "cross_west_lr",
			"origin": [8, 8, 8],
			"color": 0,
			"children": [61, 62, 63, 64, 65, 66, 67, 68, 69, 70, 71, 72]
		},
		{
			"name": "cross_down_lr",
			"origin": [8, 8, 8],
			"color": 0,
			"children": [73, 74, 75, 76, 77, 78, 79, 80, 81, 82, 83, 84]
		},
		{
			"name": "cross_up_rl",
			"origin": [8, 8, 8],
			"color": 0,
			"children": [85, 86, 87, 88, 89, 90, 91, 92, 93, 94]
		},
		{
			"name": "cross_north_rl",
			"origin": [8, 8, 8],
			"color": 0,
			"children": [95, 96, 97, 98, 99, 100, 101, 102, 103, 104]
		},
		{
			"name": "cross_east_rl",
			"origin": [8, 8, 8],
			"color": 0,
			"children": [105, 106, 107, 108, 109, 110, 111, 112, 113, 114]
		},
		{
			"name": "cross_south_rl",
			"origin": [8, 8, 8],
			"color": 0,
			"children": [115, 116, 117, 118, 119, 120, 121, 122, 123, 124]
		},
		{
			"name": "cross_west_rl",
			"origin": [8, 8, 8],
			"color": 0,
			"children": [125, 126, 127, 128, 129, 130, 131, 132, 133, 134]
		},
		{
			"name": "cross_down_rl",
			"origin": [8, 8, 8],
			"color": 0,
			"children": [135, 136, 137, 138, 139, 140, 141, 142, 143, 144]
		}
	]
}