{
	"variants": {
		"facing=down": {
			"model": "domum_ornamentum:block/timber_frame/up_gated",
			"x": 180,
			"uvlock": true
		},
		"facing=east": {
			"model": "domum_ornamentum:block/timber_frame/up_gated",
			"x": 90,
			"y": 90,
			"uvlock": true
		},
		"facing=north": {
			"model": "domum_ornamentum:block/timber_frame/up_gated",
			"x": 90,
			"uvlock": true
		},
		"facing=south": {
			"model": "domum_ornamentum:block/timber_frame/up_gated",
			"x": 90,
			"y": 180,
			"uvlock": true
		},
		"facing=up": {
			"model": "domum_ornamentum:block/timber_frame/up_gated",
			"uvlock": true
		},
		"facing=west": {
			"model": "domum_ornamentum:block/timber_frame/up_gated",
			"x": 90,
			"y": 270,
			"uvlock": true
		}
	}
}