{
	"multipart": [{
		"when": {
			"up": "true"
		},
		"apply": {
			"model": "domum_ornamentum:block/wall/wall_post",
			"uvlock": true
		}
	}, {
		"when": {
			"north": "low"
		},
		"apply": {
			"model": "domum_ornamentum:block/wall/wall_side",
			"uvlock": true
		}
	}, {
		"when": {
			"north": "tall"
		},
		"apply": {
			"model": "domum_ornamentum:block/wall/wall_side_tall",
			"uvlock": true
		}
	}, {
		"when": {
			"south": "low"
		},
		"apply": {
			"model": "domum_ornamentum:block/wall/wall_side",
			"uvlock": true,
			"y": 180
		}
	}, {
		"when": {
			"south": "tall"
		},
		"apply": {
			"model": "domum_ornamentum:block/wall/wall_side_tall",
			"uvlock": true,
			"y": 180
		}
	}, {
		"when": {
			"west": "low"
		},
		"apply": {
			"model": "domum_ornamentum:block/wall/wall_side",
			"uvlock": true,
			"y": 270
		}
	}, {
		"when": {
			"west": "tall"
		},
		"apply": {
			"model": "domum_ornamentum:block/wall/wall_side_tall",
			"uvlock": true,
			"y": 270
		}
	}, {
		"when": {
			"east": "low"
		},
		"apply": {
			"model": "domum_ornamentum:block/wall/wall_side",
			"uvlock": true,
			"y": 90
		}
	}, {
		"when": {
			"east": "tall"
		},
		"apply": {
			"model": "domum_ornamentum:block/wall/wall_side_tall",
			"uvlock": true,
			"y": 90
		}
	}]
}