{
  "multipart": [
    {
      "apply": { "model": "domum_ornamentum:block/trapdoor/trapdoor_boss", "uvlock": true, "x": -90, "y": 180 },
      "when": { "type": "boss", "facing": "north", "half": "top", "open": "true" }
    },
    {
      "apply": { "model": "domum_ornamentum:block/trapdoor/trapdoor_boss", "uvlock": true, "x": 180 },
      "when": { "type": "boss", "facing": "north", "half": "top", "open": "false" }
    },
    {
      "apply": { "model": "domum_ornamentum:block/trapdoor/trapdoor_boss", "uvlock": true, "x": 90 },
      "when": { "type": "boss", "facing": "north", "half": "bottom", "open": "true" }
    },
    {
      "apply": { "model": "domum_ornamentum:block/trapdoor/trapdoor_boss", "uvlock": true, "y": 180 },
      "when": { "type": "boss", "facing": "north", "half": "bottom", "open": "false" }
    },
    {
      "apply": { "model": "domum_ornamentum:block/trapdoor/trapdoor_coffer", "uvlock": true, "x": -90, "y": 180 },
      "when": { "type": "coffer", "facing": "north", "half": "top", "open": "true" }
    },
    {
      "apply": { "model": "domum_ornamentum:block/trapdoor/trapdoor_coffer", "uvlock": true, "x": 180 },
      "when": { "type": "coffer", "facing": "north", "half": "top", "open": "false" }
    },
    {
      "apply": { "model": "domum_ornamentum:block/trapdoor/trapdoor_coffer", "uvlock": true, "x": 90 },
      "when": { "type": "coffer", "facing": "north", "half": "bottom", "open": "true" }
    },
    {
      "apply": { "model": "domum_ornamentum:block/trapdoor/trapdoor_coffer", "uvlock": true, "y": 180 },
      "when": { "type": "coffer", "facing": "north", "half": "bottom", "open": "false" }
    },
    {
      "apply": { "model": "domum_ornamentum:block/trapdoor/trapdoor_full", "uvlock": true, "x": -90, "y": 180 },
      "when": { "type": "full", "facing": "north", "half": "top", "open": "true" }
    },
    {
      "apply": { "model": "domum_ornamentum:block/trapdoor/trapdoor_full", "uvlock": true, "x": 180 },
      "when": { "type": "full", "facing": "north", "half": "top", "open": "false" }
    },
    {
      "apply": { "model": "domum_ornamentum:block/trapdoor/trapdoor_full", "uvlock": true, "x": 90 },
      "when": { "type": "full", "facing": "north", "half": "bottom", "open": "true" }
    },
    {
      "apply": { "model": "domum_ornamentum:block/trapdoor/trapdoor_full", "uvlock": true, "y": 180 },
      "when": { "type": "full", "facing": "north", "half": "bottom", "open": "false" }
    },
    {
      "apply": { "model": "domum_ornamentum:block/trapdoor/trapdoor_horizontal_bars", "uvlock": true, "x": -90, "y": 180 },
      "when": { "type": "horizontal_bars", "facing": "north", "half": "top", "open": "true" }
    },
    {
      "apply": { "model": "domum_ornamentum:block/trapdoor/trapdoor_horizontal_bars", "uvlock": true, "x": 180 },
      "when": { "type": "horizontal_bars", "facing": "north", "half": "top", "open": "false" }
    },
    {
      "apply": { "model": "domum_ornamentum:block/trapdoor/trapdoor_horizontal_bars", "uvlock": true, "x": 90 },
      "when": { "type": "horizontal_bars", "facing": "north", "half": "bottom", "open": "true" }
    },
    {
      "apply": { "model": "domum_ornamentum:block/trapdoor/trapdoor_horizontal_bars", "uvlock": true, "y": 180 },
      "when": { "type": "horizontal_bars", "facing": "north", "half": "bottom", "open": "false" }
    },
    {
      "apply": { "model": "domum_ornamentum:block/trapdoor/trapdoor_horizontally_squiggly_striped", "uvlock": true, "x": -90, "y": 180 },
      "when": { "type": "horizontally_squiggly_striped", "facing": "north", "half": "top", "open": "true" }
    },
    {
      "apply": { "model": "domum_ornamentum:block/trapdoor/trapdoor_horizontally_squiggly_striped", "uvlock": true, "x": 180 },
      "when": { "type": "horizontally_squiggly_striped", "facing": "north", "half": "top", "open": "false" }
    },
    {
      "apply": { "model": "domum_ornamentum:block/trapdoor/trapdoor_horizontally_squiggly_striped", "uvlock": true, "x": 90 },
      "when": { "type": "horizontally_squiggly_striped", "facing": "north", "half": "bottom", "open": "true" }
    },
    {
      "apply": { "model": "domum_ornamentum:block/trapdoor/trapdoor_horizontally_squiggly_striped", "uvlock": true, "y": 180 },
      "when": { "type": "horizontally_squiggly_striped", "facing": "north", "half": "bottom", "open": "false" }
    },
    {
      "apply": { "model": "domum_ornamentum:block/trapdoor/trapdoor_horizontally_striped", "uvlock": true, "x": -90, "y": 180 },
      "when": { "type": "horizontally_striped", "facing": "north", "half": "top", "open": "true" }
    },
    {
      "apply": { "model": "domum_ornamentum:block/trapdoor/trapdoor_horizontally_striped", "uvlock": true, "x": 180 },
      "when": { "type": "horizontally_striped", "facing": "north", "half": "top", "open": "false" }
    },
    {
      "apply": { "model": "domum_ornamentum:block/trapdoor/trapdoor_horizontally_striped", "uvlock": true, "x": 90 },
      "when": { "type": "horizontally_striped", "facing": "north", "half": "bottom", "open": "true" }
    },
    {
      "apply": { "model": "domum_ornamentum:block/trapdoor/trapdoor_horizontally_striped", "uvlock": true, "y": 180 },
      "when": { "type": "horizontally_striped", "facing": "north", "half": "bottom", "open": "false" }
    },
    {
      "apply": { "model": "domum_ornamentum:block/trapdoor/trapdoor_moulding", "uvlock": true, "x": -90, "y": 180 },
      "when": { "type": "moulding", "facing": "north", "half": "top", "open": "true" }
    },
    {
      "apply": { "model": "domum_ornamentum:block/trapdoor/trapdoor_moulding", "uvlock": true, "x": 180 },
      "when": { "type": "moulding", "facing": "north", "half": "top", "open": "false" }
    },
    {
      "apply": { "model": "domum_ornamentum:block/trapdoor/trapdoor_moulding", "uvlock": true, "x": 90 },
      "when": { "type": "moulding", "facing": "north", "half": "bottom", "open": "true" }
    },
    {
      "apply": { "model": "domum_ornamentum:block/trapdoor/trapdoor_moulding", "uvlock": true, "y": 180 },
      "when": { "type": "moulding", "facing": "north", "half": "bottom", "open": "false" }
    },
    {
      "apply": { "model": "domum_ornamentum:block/trapdoor/trapdoor_port_manteau", "uvlock": true, "x": -90, "y": 180 },
      "when": { "type": "port_manteau", "facing": "north", "half": "top", "open": "true" }
    },
    {
      "apply": { "model": "domum_ornamentum:block/trapdoor/trapdoor_port_manteau", "uvlock": true, "x": 180 },
      "when": { "type": "port_manteau", "facing": "north", "half": "top", "open": "false" }
    },
    {
      "apply": { "model": "domum_ornamentum:block/trapdoor/trapdoor_port_manteau", "uvlock": true, "x": 90 },
      "when": { "type": "port_manteau", "facing": "north", "half": "bottom", "open": "true" }
    },
    {
      "apply": { "model": "domum_ornamentum:block/trapdoor/trapdoor_port_manteau", "uvlock": true, "y": 180 },
      "when": { "type": "port_manteau", "facing": "north", "half": "bottom", "open": "false" }
    },
    {
      "apply": { "model": "domum_ornamentum:block/trapdoor/trapdoor_porthole", "uvlock": true, "x": -90, "y": 180 },
      "when": { "type": "porthole", "facing": "north", "half": "top", "open": "true" }
    },
    {
      "apply": { "model": "domum_ornamentum:block/trapdoor/trapdoor_porthole", "uvlock": true, "x": 180 },
      "when": { "type": "porthole", "facing": "north", "half": "top", "open": "false" }
    },
    {
      "apply": { "model": "domum_ornamentum:block/trapdoor/trapdoor_porthole", "uvlock": true, "x": 90 },
      "when": { "type": "porthole", "facing": "north", "half": "bottom", "open": "true" }
    },
    {
      "apply": { "model": "domum_ornamentum:block/trapdoor/trapdoor_porthole", "uvlock": true, "y": 180 },
      "when": { "type": "porthole", "facing": "north", "half": "bottom", "open": "false" }
    },
    {
      "apply": { "model": "domum_ornamentum:block/trapdoor/trapdoor_roundel", "uvlock": true, "x": -90, "y": 180 },
      "when": { "type": "roundel", "facing": "north", "half": "top", "open": "true" }
    },
    {
      "apply": { "model": "domum_ornamentum:block/trapdoor/trapdoor_roundel", "uvlock": true, "x": 180 },
      "when": { "type": "roundel", "facing": "north", "half": "top", "open": "false" }
    },
    {
      "apply": { "model": "domum_ornamentum:block/trapdoor/trapdoor_roundel", "uvlock": true, "x": 90 },
      "when": { "type": "roundel", "facing": "north", "half": "bottom", "open": "true" }
    },
    {
      "apply": { "model": "domum_ornamentum:block/trapdoor/trapdoor_roundel", "uvlock": true, "y": 180 },
      "when": { "type": "roundel", "facing": "north", "half": "bottom", "open": "false" }
    },
    {
      "apply": { "model": "domum_ornamentum:block/trapdoor/trapdoor_slot", "uvlock": true, "x": -90, "y": 180 },
      "when": { "type": "slot", "facing": "north", "half": "top", "open": "true" }
    },
    {
      "apply": { "model": "domum_ornamentum:block/trapdoor/trapdoor_slot", "uvlock": true, "x": 180 },
      "when": { "type": "slot", "facing": "north", "half": "top", "open": "false" }
    },
    {
      "apply": { "model": "domum_ornamentum:block/trapdoor/trapdoor_slot", "uvlock": true, "x": 90 },
      "when": { "type": "slot", "facing": "north", "half": "bottom", "open": "true" }
    },
    {
      "apply": { "model": "domum_ornamentum:block/trapdoor/trapdoor_slot", "uvlock": true, "y": 180 },
      "when": { "type": "slot", "facing": "north", "half": "bottom", "open": "false" }
    },
    {
      "apply": { "model": "domum_ornamentum:block/trapdoor/trapdoor_vertical_bars", "uvlock": true, "x": -90, "y": 180 },
      "when": { "type": "vertical_bars", "facing": "north", "half": "top", "open": "true" }
    },
    {
      "apply": { "model": "domum_ornamentum:block/trapdoor/trapdoor_vertical_bars", "uvlock": true, "x": 180 },
      "when": { "type": "vertical_bars", "facing": "north", "half": "top", "open": "false" }
    },
    {
      "apply": { "model": "domum_ornamentum:block/trapdoor/trapdoor_vertical_bars", "uvlock": true, "x": 90 },
      "when": { "type": "vertical_bars", "facing": "north", "half": "bottom", "open": "true" }
    },
    {
      "apply": { "model": "domum_ornamentum:block/trapdoor/trapdoor_vertical_bars", "uvlock": true, "y": 180 },
      "when": { "type": "vertical_bars", "facing": "north", "half": "bottom", "open": "false" }
    },
    {
      "apply": { "model": "domum_ornamentum:block/trapdoor/trapdoor_vertically_squiggly_striped", "uvlock": true, "x": -90, "y": 180 },
      "when": { "type": "vertically_squiggly_striped", "facing": "north", "half": "top", "open": "true" }
    },
    {
      "apply": { "model": "domum_ornamentum:block/trapdoor/trapdoor_vertically_squiggly_striped", "uvlock": true, "x": 180 },
      "when": { "type": "vertically_squiggly_striped", "facing": "north", "half": "top", "open": "false" }
    },
    {
      "apply": { "model": "domum_ornamentum:block/trapdoor/trapdoor_vertically_squiggly_striped", "uvlock": true, "x": 90 },
      "when": { "type": "vertically_squiggly_striped", "facing": "north", "half": "bottom", "open": "true" }
    },
    {
      "apply": { "model": "domum_ornamentum:block/trapdoor/trapdoor_vertically_squiggly_striped", "uvlock": true, "y": 180 },
      "when": { "type": "vertically_squiggly_striped", "facing": "north", "half": "bottom", "open": "false" }
    },
    {
      "apply": { "model": "domum_ornamentum:block/trapdoor/trapdoor_vertically_striped", "uvlock": true, "x": -90, "y": 180 },
      "when": { "type": "vertically_striped", "facing": "north", "half": "top", "open": "true" }
    },
    {
      "apply": { "model": "domum_ornamentum:block/trapdoor/trapdoor_vertically_striped", "uvlock": true, "x": 180 },
      "when": { "type": "vertically_striped", "facing": "north", "half": "top", "open": "false" }
    },
    {
      "apply": { "model": "domum_ornamentum:block/trapdoor/trapdoor_vertically_striped", "uvlock": true, "x": 90 },
      "when": { "type": "vertically_striped", "facing": "north", "half": "bottom", "open": "true" }
    },
    {
      "apply": { "model": "domum_ornamentum:block/trapdoor/trapdoor_vertically_striped", "uvlock": true, "y": 180 },
      "when": { "type": "vertically_striped", "facing": "north", "half": "bottom", "open": "false" }
    },
    {
      "apply": { "model": "domum_ornamentum:block/trapdoor/trapdoor_waffle", "uvlock": true, "x": -90, "y": 180 },
      "when": { "type": "waffle", "facing": "north", "half": "top", "open": "true" }
    },
    {
      "apply": { "model": "domum_ornamentum:block/trapdoor/trapdoor_waffle", "uvlock": true, "x": 180 },
      "when": { "type": "waffle", "facing": "north", "half": "top", "open": "false" }
    },
    {
      "apply": { "model": "domum_ornamentum:block/trapdoor/trapdoor_waffle", "uvlock": true, "x": 90 },
      "when": { "type": "waffle", "facing": "north", "half": "bottom", "open": "true" }
    },
    {
      "apply": { "model": "domum_ornamentum:block/trapdoor/trapdoor_waffle", "uvlock": true, "y": 180 },
      "when": { "type": "waffle", "facing": "north", "half": "bottom", "open": "false" }
    },
    {
      "apply": { "model": "domum_ornamentum:block/trapdoor/trapdoor_boss", "uvlock": true, "x": -90, "y": 360 },
      "when": { "type": "boss", "facing": "south", "half": "top", "open": "true" }
    },
    {
      "apply": { "model": "domum_ornamentum:block/trapdoor/trapdoor_boss", "uvlock": true, "x": 180, "y": 180 },
      "when": { "type": "boss", "facing": "south", "half": "top", "open": "false" }
    },
    {
      "apply": { "model": "domum_ornamentum:block/trapdoor/trapdoor_boss", "uvlock": true, "x": 90, "y": 180 },
      "when": { "type": "boss", "facing": "south", "half": "bottom", "open": "true" }
    },
    {
      "apply": { "model": "domum_ornamentum:block/trapdoor/trapdoor_boss", "uvlock": true, "y": 360 },
      "when": { "type": "boss", "facing": "south", "half": "bottom", "open": "false" }
    },
    {
      "apply": { "model": "domum_ornamentum:block/trapdoor/trapdoor_coffer", "uvlock": true, "x": -90, "y": 360 },
      "when": { "type": "coffer", "facing": "south", "half": "top", "open": "true" }
    },
    {
      "apply": { "model": "domum_ornamentum:block/trapdoor/trapdoor_coffer", "uvlock": true, "x": 180, "y": 180 },
      "when": { "type": "coffer", "facing": "south", "half": "top", "open": "false" }
    },
    {
      "apply": { "model": "domum_ornamentum:block/trapdoor/trapdoor_coffer", "uvlock": true, "x": 90, "y": 180 },
      "when": { "type": "coffer", "facing": "south", "half": "bottom", "open": "true" }
    },
    {
      "apply": { "model": "domum_ornamentum:block/trapdoor/trapdoor_coffer", "uvlock": true, "y": 360 },
      "when": { "type": "coffer", "facing": "south", "half": "bottom", "open": "false" }
    },
    {
      "apply": { "model": "domum_ornamentum:block/trapdoor/trapdoor_full", "uvlock": true, "x": -90, "y": 360 },
      "when": { "type": "full", "facing": "south", "half": "top", "open": "true" }
    },
    {
      "apply": { "model": "domum_ornamentum:block/trapdoor/trapdoor_full", "uvlock": true, "x": 180, "y": 180 },
      "when": { "type": "full", "facing": "south", "half": "top", "open": "false" }
    },
    {
      "apply": { "model": "domum_ornamentum:block/trapdoor/trapdoor_full", "uvlock": true, "x": 90, "y": 180 },
      "when": { "type": "full", "facing": "south", "half": "bottom", "open": "true" }
    },
    {
      "apply": { "model": "domum_ornamentum:block/trapdoor/trapdoor_full", "uvlock": true, "y": 360 },
      "when": { "type": "full", "facing": "south", "half": "bottom", "open": "false" }
    },
    {
      "apply": { "model": "domum_ornamentum:block/trapdoor/trapdoor_horizontal_bars", "uvlock": true, "x": -90, "y": 360 },
      "when": { "type": "horizontal_bars", "facing": "south", "half": "top", "open": "true" }
    },
    {
      "apply": { "model": "domum_ornamentum:block/trapdoor/trapdoor_horizontal_bars", "uvlock": true, "x": 180, "y": 180 },
      "when": { "type": "horizontal_bars", "facing": "south", "half": "top", "open": "false" }
    },
    {
      "apply": { "model": "domum_ornamentum:block/trapdoor/trapdoor_horizontal_bars", "uvlock": true, "x": 90, "y": 180 },
      "when": { "type": "horizontal_bars", "facing": "south", "half": "bottom", "open": "true" }
    },
    {
      "apply": { "model": "domum_ornamentum:block/trapdoor/trapdoor_horizontal_bars", "uvlock": true, "y": 360 },
      "when": { "type": "horizontal_bars", "facing": "south", "half": "bottom", "open": "false" }
    },
    {
      "apply": { "model": "domum_ornamentum:block/trapdoor/trapdoor_horizontally_squiggly_striped", "uvlock": true, "x": -90, "y": 360 },
      "when": { "type": "horizontally_squiggly_striped", "facing": "south", "half": "top", "open": "true" }
    },
    {
      "apply": { "model": "domum_ornamentum:block/trapdoor/trapdoor_horizontally_squiggly_striped", "uvlock": true, "x": 180, "y": 180 },
      "when": { "type": "horizontally_squiggly_striped", "facing": "south", "half": "top", "open": "false" }
    },
    {
      "apply": { "model": "domum_ornamentum:block/trapdoor/trapdoor_horizontally_squiggly_striped", "uvlock": true, "x": 90, "y": 180 },
      "when": { "type": "horizontally_squiggly_striped", "facing": "south", "half": "bottom", "open": "true" }
    },
    {
      "apply": { "model": "domum_ornamentum:block/trapdoor/trapdoor_horizontally_squiggly_striped", "uvlock": true, "y": 360 },
      "when": { "type": "horizontally_squiggly_striped", "facing": "south", "half": "bottom", "open": "false" }
    },
    {
      "apply": { "model": "domum_ornamentum:block/trapdoor/trapdoor_horizontally_striped", "uvlock": true, "x": -90, "y": 360 },
      "when": { "type": "horizontally_striped", "facing": "south", "half": "top", "open": "true" }
    },
    {
      "apply": { "model": "domum_ornamentum:block/trapdoor/trapdoor_horizontally_striped", "uvlock": true, "x": 180, "y": 180 },
      "when": { "type": "horizontally_striped", "facing": "south", "half": "top", "open": "false" }
    },
    {
      "apply": { "model": "domum_ornamentum:block/trapdoor/trapdoor_horizontally_striped", "uvlock": true, "x": 90, "y": 180 },
      "when": { "type": "horizontally_striped", "facing": "south", "half": "bottom", "open": "true" }
    },
    {
      "apply": { "model": "domum_ornamentum:block/trapdoor/trapdoor_horizontally_striped", "uvlock": true, "y": 360 },
      "when": { "type": "horizontally_striped", "facing": "south", "half": "bottom", "open": "false" }
    },
    {
      "apply": { "model": "domum_ornamentum:block/trapdoor/trapdoor_moulding", "uvlock": true, "x": -90, "y": 360 },
      "when": { "type": "moulding", "facing": "south", "half": "top", "open": "true" }
    },
    {
      "apply": { "model": "domum_ornamentum:block/trapdoor/trapdoor_moulding", "uvlock": true, "x": 180, "y": 180 },
      "when": { "type": "moulding", "facing": "south", "half": "top", "open": "false" }
    },
    {
      "apply": { "model": "domum_ornamentum:block/trapdoor/trapdoor_moulding", "uvlock": true, "x": 90, "y": 180 },
      "when": { "type": "moulding", "facing": "south", "half": "bottom", "open": "true" }
    },
    {
      "apply": { "model": "domum_ornamentum:block/trapdoor/trapdoor_moulding", "uvlock": true, "y": 360 },
      "when": { "type": "moulding", "facing": "south", "half": "bottom", "open": "false" }
    },
    {
      "apply": { "model": "domum_ornamentum:block/trapdoor/trapdoor_port_manteau", "uvlock": true, "x": -90, "y": 360 },
      "when": { "type": "port_manteau", "facing": "south", "half": "top", "open": "true" }
    },
    {
      "apply": { "model": "domum_ornamentum:block/trapdoor/trapdoor_port_manteau", "uvlock": true, "x": 180, "y": 180 },
      "when": { "type": "port_manteau", "facing": "south", "half": "top", "open": "false" }
    },
    {
      "apply": { "model": "domum_ornamentum:block/trapdoor/trapdoor_port_manteau", "uvlock": true, "x": 90, "y": 180 },
      "when": { "type": "port_manteau", "facing": "south", "half": "bottom", "open": "true" }
    },
    {
      "apply": { "model": "domum_ornamentum:block/trapdoor/trapdoor_port_manteau", "uvlock": true, "y": 360 },
      "when": { "type": "port_manteau", "facing": "south", "half": "bottom", "open": "false" }
    },
    {
      "apply": { "model": "domum_ornamentum:block/trapdoor/trapdoor_porthole", "uvlock": true, "x": -90, "y": 360 },
      "when": { "type": "porthole", "facing": "south", "half": "top", "open": "true" }
    },
    {
      "apply": { "model": "domum_ornamentum:block/trapdoor/trapdoor_porthole", "uvlock": true, "x": 180, "y": 180 },
      "when": { "type": "porthole", "facing": "south", "half": "top", "open": "false" }
    },
    {
      "apply": { "model": "domum_ornamentum:block/trapdoor/trapdoor_porthole", "uvlock": true, "x": 90, "y": 180 },
      "when": { "type": "porthole", "facing": "south", "half": "bottom", "open": "true" }
    },
    {
      "apply": { "model": "domum_ornamentum:block/trapdoor/trapdoor_porthole", "uvlock": true, "y": 360 },
      "when": { "type": "porthole", "facing": "south", "half": "bottom", "open": "false" }
    },
    {
      "apply": { "model": "domum_ornamentum:block/trapdoor/trapdoor_roundel", "uvlock": true, "x": -90, "y": 360 },
      "when": { "type": "roundel", "facing": "south", "half": "top", "open": "true" }
    },
    {
      "apply": { "model": "domum_ornamentum:block/trapdoor/trapdoor_roundel", "uvlock": true, "x": 180, "y": 180 },
      "when": { "type": "roundel", "facing": "south", "half": "top", "open": "false" }
    },
    {
      "apply": { "model": "domum_ornamentum:block/trapdoor/trapdoor_roundel", "uvlock": true, "x": 90, "y": 180 },
      "when": { "type": "roundel", "facing": "south", "half": "bottom", "open": "true" }
    },
    {
      "apply": { "model": "domum_ornamentum:block/trapdoor/trapdoor_roundel", "uvlock": true, "y": 360 },
      "when": { "type": "roundel", "facing": "south", "half": "bottom", "open": "false" }
    },
    {
      "apply": { "model": "domum_ornamentum:block/trapdoor/trapdoor_slot", "uvlock": true, "x": -90, "y": 360 },
      "when": { "type": "slot", "facing": "south", "half": "top", "open": "true" }
    },
    {
      "apply": { "model": "domum_ornamentum:block/trapdoor/trapdoor_slot", "uvlock": true, "x": 180, "y": 180 },
      "when": { "type": "slot", "facing": "south", "half": "top", "open": "false" }
    },
    {
      "apply": { "model": "domum_ornamentum:block/trapdoor/trapdoor_slot", "uvlock": true, "x": 90, "y": 180 },
      "when": { "type": "slot", "facing": "south", "half": "bottom", "open": "true" }
    },
    {
      "apply": { "model": "domum_ornamentum:block/trapdoor/trapdoor_slot", "uvlock": true, "y": 360 },
      "when": { "type": "slot", "facing": "south", "half": "bottom", "open": "false" }
    },
    {
      "apply": { "model": "domum_ornamentum:block/trapdoor/trapdoor_vertical_bars", "uvlock": true, "x": -90, "y": 360 },
      "when": { "type": "vertical_bars", "facing": "south", "half": "top", "open": "true" }
    },
    {
      "apply": { "model": "domum_ornamentum:block/trapdoor/trapdoor_vertical_bars", "uvlock": true, "x": 180, "y": 180 },
      "when": { "type": "vertical_bars", "facing": "south", "half": "top", "open": "false" }
    },
    {
      "apply": { "model": "domum_ornamentum:block/trapdoor/trapdoor_vertical_bars", "uvlock": true, "x": 90, "y": 180 },
      "when": { "type": "vertical_bars", "facing": "south", "half": "bottom", "open": "true" }
    },
    {
      "apply": { "model": "domum_ornamentum:block/trapdoor/trapdoor_vertical_bars", "uvlock": true, "y": 360 },
      "when": { "type": "vertical_bars", "facing": "south", "half": "bottom", "open": "false" }
    },
    {
      "apply": { "model": "domum_ornamentum:block/trapdoor/trapdoor_vertically_squiggly_striped", "uvlock": true, "x": -90, "y": 360 },
      "when": { "type": "vertically_squiggly_striped", "facing": "south", "half": "top", "open": "true" }
    },
    {
      "apply": { "model": "domum_ornamentum:block/trapdoor/trapdoor_vertically_squiggly_striped", "uvlock": true, "x": 180, "y": 180 },
      "when": { "type": "vertically_squiggly_striped", "facing": "south", "half": "top", "open": "false" }
    },
    {
      "apply": { "model": "domum_ornamentum:block/trapdoor/trapdoor_vertically_squiggly_striped", "uvlock": true, "x": 90, "y": 180 },
      "when": { "type": "vertically_squiggly_striped", "facing": "south", "half": "bottom", "open": "true" }
    },
    {
      "apply": { "model": "domum_ornamentum:block/trapdoor/trapdoor_vertically_squiggly_striped", "uvlock": true, "y": 360 },
      "when": { "type": "vertically_squiggly_striped", "facing": "south", "half": "bottom", "open": "false" }
    },
    {
      "apply": { "model": "domum_ornamentum:block/trapdoor/trapdoor_vertically_striped", "uvlock": true, "x": -90, "y": 360 },
      "when": { "type": "vertically_striped", "facing": "south", "half": "top", "open": "true" }
    },
    {
      "apply": { "model": "domum_ornamentum:block/trapdoor/trapdoor_vertically_striped", "uvlock": true, "x": 180, "y": 180 },
      "when": { "type": "vertically_striped", "facing": "south", "half": "top", "open": "false" }
    },
    {
      "apply": { "model": "domum_ornamentum:block/trapdoor/trapdoor_vertically_striped", "uvlock": true, "x": 90, "y": 180 },
      "when": { "type": "vertically_striped", "facing": "south", "half": "bottom", "open": "true" }
    },
    {
      "apply": { "model": "domum_ornamentum:block/trapdoor/trapdoor_vertically_striped", "uvlock": true, "y": 360 },
      "when": { "type": "vertically_striped", "facing": "south", "half": "bottom", "open": "false" }
    },
    {
      "apply": { "model": "domum_ornamentum:block/trapdoor/trapdoor_waffle", "uvlock": true, "x": -90, "y": 360 },
      "when": { "type": "waffle", "facing": "south", "half": "top", "open": "true" }
    },
    {
      "apply": { "model": "domum_ornamentum:block/trapdoor/trapdoor_waffle", "uvlock": true, "x": 180, "y": 180 },
      "when": { "type": "waffle", "facing": "south", "half": "top", "open": "false" }
    },
    {
      "apply": { "model": "domum_ornamentum:block/trapdoor/trapdoor_waffle", "uvlock": true, "x": 90, "y": 180 },
      "when": { "type": "waffle", "facing": "south", "half": "bottom", "open": "true" }
    },
    {
      "apply": { "model": "domum_ornamentum:block/trapdoor/trapdoor_waffle", "uvlock": true, "y": 360 },
      "when": { "type": "waffle", "facing": "south", "half": "bottom", "open": "false" }
    },
    {
      "apply": { "model": "domum_ornamentum:block/trapdoor/trapdoor_boss", "uvlock": true, "x": -90, "y": 450 },
      "when": { "type": "boss", "facing": "west", "half": "top", "open": "true" }
    },
    {
      "apply": { "model": "domum_ornamentum:block/trapdoor/trapdoor_boss", "uvlock": true, "x": 180, "y": 270 },
      "when": { "type": "boss", "facing": "west", "half": "top", "open": "false" }
    },
    {
      "apply": { "model": "domum_ornamentum:block/trapdoor/trapdoor_boss", "uvlock": true, "x": 90, "y": 270 },
      "when": { "type": "boss", "facing": "west", "half": "bottom", "open": "true" }
    },
    {
      "apply": { "model": "domum_ornamentum:block/trapdoor/trapdoor_boss", "uvlock": true, "y": 450 },
      "when": { "type": "boss", "facing": "west", "half": "bottom", "open": "false" }
    },
    {
      "apply": { "model": "domum_ornamentum:block/trapdoor/trapdoor_coffer", "uvlock": true, "x": -90, "y": 450 },
      "when": { "type": "coffer", "facing": "west", "half": "top", "open": "true" }
    },
    {
      "apply": { "model": "domum_ornamentum:block/trapdoor/trapdoor_coffer", "uvlock": true, "x": 180, "y": 270 },
      "when": { "type": "coffer", "facing": "west", "half": "top", "open": "false" }
    },
    {
      "apply": { "model": "domum_ornamentum:block/trapdoor/trapdoor_coffer", "uvlock": true, "x": 90, "y": 270 },
      "when": { "type": "coffer", "facing": "west", "half": "bottom", "open": "true" }
    },
    {
      "apply": { "model": "domum_ornamentum:block/trapdoor/trapdoor_coffer", "uvlock": true, "y": 450 },
      "when": { "type": "coffer", "facing": "west", "half": "bottom", "open": "false" }
    },
    {
      "apply": { "model": "domum_ornamentum:block/trapdoor/trapdoor_full", "uvlock": true, "x": -90, "y": 450 },
      "when": { "type": "full", "facing": "west", "half": "top", "open": "true" }
    },
    {
      "apply": { "model": "domum_ornamentum:block/trapdoor/trapdoor_full", "uvlock": true, "x": 180, "y": 270 },
      "when": { "type": "full", "facing": "west", "half": "top", "open": "false" }
    },
    {
      "apply": { "model": "domum_ornamentum:block/trapdoor/trapdoor_full", "uvlock": true, "x": 90, "y": 270 },
      "when": { "type": "full", "facing": "west", "half": "bottom", "open": "true" }
    },
    {
      "apply": { "model": "domum_ornamentum:block/trapdoor/trapdoor_full", "uvlock": true, "y": 450 },
      "when": { "type": "full", "facing": "west", "half": "bottom", "open": "false" }
    },
    {
      "apply": { "model": "domum_ornamentum:block/trapdoor/trapdoor_horizontal_bars", "uvlock": true, "x": -90, "y": 450 },
      "when": { "type": "horizontal_bars", "facing": "west", "half": "top", "open": "true" }
    },
    {
      "apply": { "model": "domum_ornamentum:block/trapdoor/trapdoor_horizontal_bars", "uvlock": true, "x": 180, "y": 270 },
      "when": { "type": "horizontal_bars", "facing": "west", "half": "top", "open": "false" }
    },
    {
      "apply": { "model": "domum_ornamentum:block/trapdoor/trapdoor_horizontal_bars", "uvlock": true, "x": 90, "y": 270 },
      "when": { "type": "horizontal_bars", "facing": "west", "half": "bottom", "open": "true" }
    },
    {
      "apply": { "model": "domum_ornamentum:block/trapdoor/trapdoor_horizontal_bars", "uvlock": true, "y": 450 },
      "when": { "type": "horizontal_bars", "facing": "west", "half": "bottom", "open": "false" }
    },
    {
      "apply": { "model": "domum_ornamentum:block/trapdoor/trapdoor_horizontally_squiggly_striped", "uvlock": true, "x": -90, "y": 450 },
      "when": { "type": "horizontally_squiggly_striped", "facing": "west", "half": "top", "open": "true" }
    },
    {
      "apply": { "model": "domum_ornamentum:block/trapdoor/trapdoor_horizontally_squiggly_striped", "uvlock": true, "x": 180, "y": 270 },
      "when": { "type": "horizontally_squiggly_striped", "facing": "west", "half": "top", "open": "false" }
    },
    {
      "apply": { "model": "domum_ornamentum:block/trapdoor/trapdoor_horizontally_squiggly_striped", "uvlock": true, "x": 90, "y": 270 },
      "when": { "type": "horizontally_squiggly_striped", "facing": "west", "half": "bottom", "open": "true" }
    },
    {
      "apply": { "model": "domum_ornamentum:block/trapdoor/trapdoor_horizontally_squiggly_striped", "uvlock": true, "y": 450 },
      "when": { "type": "horizontally_squiggly_striped", "facing": "west", "half": "bottom", "open": "false" }
    },
    {
      "apply": { "model": "domum_ornamentum:block/trapdoor/trapdoor_horizontally_striped", "uvlock": true, "x": -90, "y": 450 },
      "when": { "type": "horizontally_striped", "facing": "west", "half": "top", "open": "true" }
    },
    {
      "apply": { "model": "domum_ornamentum:block/trapdoor/trapdoor_horizontally_striped", "uvlock": true, "x": 180, "y": 270 },
      "when": { "type": "horizontally_striped", "facing": "west", "half": "top", "open": "false" }
    },
    {
      "apply": { "model": "domum_ornamentum:block/trapdoor/trapdoor_horizontally_striped", "uvlock": true, "x": 90, "y": 270 },
      "when": { "type": "horizontally_striped", "facing": "west", "half": "bottom", "open": "true" }
    },
    {
      "apply": { "model": "domum_ornamentum:block/trapdoor/trapdoor_horizontally_striped", "uvlock": true, "y": 450 },
      "when": { "type": "horizontally_striped", "facing": "west", "half": "bottom", "open": "false" }
    },
    {
      "apply": { "model": "domum_ornamentum:block/trapdoor/trapdoor_moulding", "uvlock": true, "x": -90, "y": 450 },
      "when": { "type": "moulding", "facing": "west", "half": "top", "open": "true" }
    },
    {
      "apply": { "model": "domum_ornamentum:block/trapdoor/trapdoor_moulding", "uvlock": true, "x": 180, "y": 270 },
      "when": { "type": "moulding", "facing": "west", "half": "top", "open": "false" }
    },
    {
      "apply": { "model": "domum_ornamentum:block/trapdoor/trapdoor_moulding", "uvlock": true, "x": 90, "y": 270 },
      "when": { "type": "moulding", "facing": "west", "half": "bottom", "open": "true" }
    },
    {
      "apply": { "model": "domum_ornamentum:block/trapdoor/trapdoor_moulding", "uvlock": true, "y": 450 },
      "when": { "type": "moulding", "facing": "west", "half": "bottom", "open": "false" }
    },
    {
      "apply": { "model": "domum_ornamentum:block/trapdoor/trapdoor_port_manteau", "uvlock": true, "x": -90, "y": 450 },
      "when": { "type": "port_manteau", "facing": "west", "half": "top", "open": "true" }
    },
    {
      "apply": { "model": "domum_ornamentum:block/trapdoor/trapdoor_port_manteau", "uvlock": true, "x": 180, "y": 270 },
      "when": { "type": "port_manteau", "facing": "west", "half": "top", "open": "false" }
    },
    {
      "apply": { "model": "domum_ornamentum:block/trapdoor/trapdoor_port_manteau", "uvlock": true, "x": 90, "y": 270 },
      "when": { "type": "port_manteau", "facing": "west", "half": "bottom", "open": "true" }
    },
    {
      "apply": { "model": "domum_ornamentum:block/trapdoor/trapdoor_port_manteau", "uvlock": true, "y": 450 },
      "when": { "type": "port_manteau", "facing": "west", "half": "bottom", "open": "false" }
    },
    {
      "apply": { "model": "domum_ornamentum:block/trapdoor/trapdoor_porthole", "uvlock": true, "x": -90, "y": 450 },
      "when": { "type": "porthole", "facing": "west", "half": "top", "open": "true" }
    },
    {
      "apply": { "model": "domum_ornamentum:block/trapdoor/trapdoor_porthole", "uvlock": true, "x": 180, "y": 270 },
      "when": { "type": "porthole", "facing": "west", "half": "top", "open": "false" }
    },
    {
      "apply": { "model": "domum_ornamentum:block/trapdoor/trapdoor_porthole", "uvlock": true, "x": 90, "y": 270 },
      "when": { "type": "porthole", "facing": "west", "half": "bottom", "open": "true" }
    },
    {
      "apply": { "model": "domum_ornamentum:block/trapdoor/trapdoor_porthole", "uvlock": true, "y": 450 },
      "when": { "type": "porthole", "facing": "west", "half": "bottom", "open": "false" }
    },
    {
      "apply": { "model": "domum_ornamentum:block/trapdoor/trapdoor_roundel", "uvlock": true, "x": -90, "y": 450 },
      "when": { "type": "roundel", "facing": "west", "half": "top", "open": "true" }
    },
    {
      "apply": { "model": "domum_ornamentum:block/trapdoor/trapdoor_roundel", "uvlock": true, "x": 180, "y": 270 },
      "when": { "type": "roundel", "facing": "west", "half": "top", "open": "false" }
    },
    {
      "apply": { "model": "domum_ornamentum:block/trapdoor/trapdoor_roundel", "uvlock": true, "x": 90, "y": 270 },
      "when": { "type": "roundel", "facing": "west", "half": "bottom", "open": "true" }
    },
    {
      "apply": { "model": "domum_ornamentum:block/trapdoor/trapdoor_roundel", "uvlock": true, "y": 450 },
      "when": { "type": "roundel", "facing": "west", "half": "bottom", "open": "false" }
    },
    {
      "apply": { "model": "domum_ornamentum:block/trapdoor/trapdoor_slot", "uvlock": true, "x": -90, "y": 450 },
      "when": { "type": "slot", "facing": "west", "half": "top", "open": "true" }
    },
    {
      "apply": { "model": "domum_ornamentum:block/trapdoor/trapdoor_slot", "uvlock": true, "x": 180, "y": 270 },
      "when": { "type": "slot", "facing": "west", "half": "top", "open": "false" }
    },
    {
      "apply": { "model": "domum_ornamentum:block/trapdoor/trapdoor_slot", "uvlock": true, "x": 90, "y": 270 },
      "when": { "type": "slot", "facing": "west", "half": "bottom", "open": "true" }
    },
    {
      "apply": { "model": "domum_ornamentum:block/trapdoor/trapdoor_slot", "uvlock": true, "y": 450 },
      "when": { "type": "slot", "facing": "west", "half": "bottom", "open": "false" }
    },
    {
      "apply": { "model": "domum_ornamentum:block/trapdoor/trapdoor_vertical_bars", "uvlock": true, "x": -90, "y": 450 },
      "when": { "type": "vertical_bars", "facing": "west", "half": "top", "open": "true" }
    },
    {
      "apply": { "model": "domum_ornamentum:block/trapdoor/trapdoor_vertical_bars", "uvlock": true, "x": 180, "y": 270 },
      "when": { "type": "vertical_bars", "facing": "west", "half": "top", "open": "false" }
    },
    {
      "apply": { "model": "domum_ornamentum:block/trapdoor/trapdoor_vertical_bars", "uvlock": true, "x": 90, "y": 270 },
      "when": { "type": "vertical_bars", "facing": "west", "half": "bottom", "open": "true" }
    },
    {
      "apply": { "model": "domum_ornamentum:block/trapdoor/trapdoor_vertical_bars", "uvlock": true, "y": 450 },
      "when": { "type": "vertical_bars", "facing": "west", "half": "bottom", "open": "false" }
    },
    {
      "apply": { "model": "domum_ornamentum:block/trapdoor/trapdoor_vertically_squiggly_striped", "uvlock": true, "x": -90, "y": 450 },
      "when": { "type": "vertically_squiggly_striped", "facing": "west", "half": "top", "open": "true" }
    },
    {
      "apply": { "model": "domum_ornamentum:block/trapdoor/trapdoor_vertically_squiggly_striped", "uvlock": true, "x": 180, "y": 270 },
      "when": { "type": "vertically_squiggly_striped", "facing": "west", "half": "top", "open": "false" }
    },
    {
      "apply": { "model": "domum_ornamentum:block/trapdoor/trapdoor_vertically_squiggly_striped", "uvlock": true, "x": 90, "y": 270 },
      "when": { "type": "vertically_squiggly_striped", "facing": "west", "half": "bottom", "open": "true" }
    },
    {
      "apply": { "model": "domum_ornamentum:block/trapdoor/trapdoor_vertically_squiggly_striped", "uvlock": true, "y": 450 },
      "when": { "type": "vertically_squiggly_striped", "facing": "west", "half": "bottom", "open": "false" }
    },
    {
      "apply": { "model": "domum_ornamentum:block/trapdoor/trapdoor_vertically_striped", "uvlock": true, "x": -90, "y": 450 },
      "when": { "type": "vertically_striped", "facing": "west", "half": "top", "open": "true" }
    },
    {
      "apply": { "model": "domum_ornamentum:block/trapdoor/trapdoor_vertically_striped", "uvlock": true, "x": 180, "y": 270 },
      "when": { "type": "vertically_striped", "facing": "west", "half": "top", "open": "false" }
    },
    {
      "apply": { "model": "domum_ornamentum:block/trapdoor/trapdoor_vertically_striped", "uvlock": true, "x": 90, "y": 270 },
      "when": { "type": "vertically_striped", "facing": "west", "half": "bottom", "open": "true" }
    },
    {
      "apply": { "model": "domum_ornamentum:block/trapdoor/trapdoor_vertically_striped", "uvlock": true, "y": 450 },
      "when": { "type": "vertically_striped", "facing": "west", "half": "bottom", "open": "false" }
    },
    {
      "apply": { "model": "domum_ornamentum:block/trapdoor/trapdoor_waffle", "uvlock": true, "x": -90, "y": 450 },
      "when": { "type": "waffle", "facing": "west", "half": "top", "open": "true" }
    },
    {
      "apply": { "model": "domum_ornamentum:block/trapdoor/trapdoor_waffle", "uvlock": true, "x": 180, "y": 270 },
      "when": { "type": "waffle", "facing": "west", "half": "top", "open": "false" }
    },
    {
      "apply": { "model": "domum_ornamentum:block/trapdoor/trapdoor_waffle", "uvlock": true, "x": 90, "y": 270 },
      "when": { "type": "waffle", "facing": "west", "half": "bottom", "open": "true" }
    },
    {
      "apply": { "model": "domum_ornamentum:block/trapdoor/trapdoor_waffle", "uvlock": true, "y": 450 },
      "when": { "type": "waffle", "facing": "west", "half": "bottom", "open": "false" }
    },
    {
      "apply": { "model": "domum_ornamentum:block/trapdoor/trapdoor_boss", "uvlock": true, "x": -90, "y": 270 },
      "when": { "type": "boss", "facing": "east", "half": "top", "open": "true" }
    },
    {
      "apply": { "model": "domum_ornamentum:block/trapdoor/trapdoor_boss", "uvlock": true, "x": 180, "y": 90 },
      "when": { "type": "boss", "facing": "east", "half": "top", "open": "false" }
    },
    {
      "apply": { "model": "domum_ornamentum:block/trapdoor/trapdoor_boss", "uvlock": true, "x": 90, "y": 90 },
      "when": { "type": "boss", "facing": "east", "half": "bottom", "open": "true" }
    },
    {
      "apply": { "model": "domum_ornamentum:block/trapdoor/trapdoor_boss", "uvlock": true, "y": 270 },
      "when": { "type": "boss", "facing": "east", "half": "bottom", "open": "false" }
    },
    {
      "apply": { "model": "domum_ornamentum:block/trapdoor/trapdoor_coffer", "uvlock": true, "x": -90, "y": 270 },
      "when": { "type": "coffer", "facing": "east", "half": "top", "open": "true" }
    },
    {
      "apply": { "model": "domum_ornamentum:block/trapdoor/trapdoor_coffer", "uvlock": true, "x": 180, "y": 90 },
      "when": { "type": "coffer", "facing": "east", "half": "top", "open": "false" }
    },
    {
      "apply": { "model": "domum_ornamentum:block/trapdoor/trapdoor_coffer", "uvlock": true, "x": 90, "y": 90 },
      "when": { "type": "coffer", "facing": "east", "half": "bottom", "open": "true" }
    },
    {
      "apply": { "model": "domum_ornamentum:block/trapdoor/trapdoor_coffer", "uvlock": true, "y": 270 },
      "when": { "type": "coffer", "facing": "east", "half": "bottom", "open": "false" }
    },
    {
      "apply": { "model": "domum_ornamentum:block/trapdoor/trapdoor_full", "uvlock": true, "x": -90, "y": 270 },
      "when": { "type": "full", "facing": "east", "half": "top", "open": "true" }
    },
    {
      "apply": { "model": "domum_ornamentum:block/trapdoor/trapdoor_full", "uvlock": true, "x": 180, "y": 90 },
      "when": { "type": "full", "facing": "east", "half": "top", "open": "false" }
    },
    {
      "apply": { "model": "domum_ornamentum:block/trapdoor/trapdoor_full", "uvlock": true, "x": 90, "y": 90 },
      "when": { "type": "full", "facing": "east", "half": "bottom", "open": "true" }
    },
    {
      "apply": { "model": "domum_ornamentum:block/trapdoor/trapdoor_full", "uvlock": true, "y": 270 },
      "when": { "type": "full", "facing": "east", "half": "bottom", "open": "false" }
    },
    {
      "apply": { "model": "domum_ornamentum:block/trapdoor/trapdoor_horizontal_bars", "uvlock": true, "x": -90, "y": 270 },
      "when": { "type": "horizontal_bars", "facing": "east", "half": "top", "open": "true" }
    },
    {
      "apply": { "model": "domum_ornamentum:block/trapdoor/trapdoor_horizontal_bars", "uvlock": true, "x": 180, "y": 90 },
      "when": { "type": "horizontal_bars", "facing": "east", "half": "top", "open": "false" }
    },
    {
      "apply": { "model": "domum_ornamentum:block/trapdoor/trapdoor_horizontal_bars", "uvlock": true, "x": 90, "y": 90 },
      "when": { "type": "horizontal_bars", "facing": "east", "half": "bottom", "open": "true" }
    },
    {
      "apply": { "model": "domum_ornamentum:block/trapdoor/trapdoor_horizontal_bars", "uvlock": true, "y": 270 },
      "when": { "type": "horizontal_bars", "facing": "east", "half": "bottom", "open": "false" }
    },
    {
      "apply": { "model": "domum_ornamentum:block/trapdoor/trapdoor_horizontally_squiggly_striped", "uvlock": true, "x": -90, "y": 270 },
      "when": { "type": "horizontally_squiggly_striped", "facing": "east", "half": "top", "open": "true" }
    },
    {
      "apply": { "model": "domum_ornamentum:block/trapdoor/trapdoor_horizontally_squiggly_striped", "uvlock": true, "x": 180, "y": 90 },
      "when": { "type": "horizontally_squiggly_striped", "facing": "east", "half": "top", "open": "false" }
    },
    {
      "apply": { "model": "domum_ornamentum:block/trapdoor/trapdoor_horizontally_squiggly_striped", "uvlock": true, "x": 90, "y": 90 },
      "when": { "type": "horizontally_squiggly_striped", "facing": "east", "half": "bottom", "open": "true" }
    },
    {
      "apply": { "model": "domum_ornamentum:block/trapdoor/trapdoor_horizontally_squiggly_striped", "uvlock": true, "y": 270 },
      "when": { "type": "horizontally_squiggly_striped", "facing": "east", "half": "bottom", "open": "false" }
    },
    {
      "apply": { "model": "domum_ornamentum:block/trapdoor/trapdoor_horizontally_striped", "uvlock": true, "x": -90, "y": 270 },
      "when": { "type": "horizontally_striped", "facing": "east", "half": "top", "open": "true" }
    },
    {
      "apply": { "model": "domum_ornamentum:block/trapdoor/trapdoor_horizontally_striped", "uvlock": true, "x": 180, "y": 90 },
      "when": { "type": "horizontally_striped", "facing": "east", "half": "top", "open": "false" }
    },
    {
      "apply": { "model": "domum_ornamentum:block/trapdoor/trapdoor_horizontally_striped", "uvlock": true, "x": 90, "y": 90 },
      "when": { "type": "horizontally_striped", "facing": "east", "half": "bottom", "open": "true" }
    },
    {
      "apply": { "model": "domum_ornamentum:block/trapdoor/trapdoor_horizontally_striped", "uvlock": true, "y": 270 },
      "when": { "type": "horizontally_striped", "facing": "east", "half": "bottom", "open": "false" }
    },
    {
      "apply": { "model": "domum_ornamentum:block/trapdoor/trapdoor_moulding", "uvlock": true, "x": -90, "y": 270 },
      "when": { "type": "moulding", "facing": "east", "half": "top", "open": "true" }
    },
    {
      "apply": { "model": "domum_ornamentum:block/trapdoor/trapdoor_moulding", "uvlock": true, "x": 180, "y": 90 },
      "when": { "type": "moulding", "facing": "east", "half": "top", "open": "false" }
    },
    {
      "apply": { "model": "domum_ornamentum:block/trapdoor/trapdoor_moulding", "uvlock": true, "x": 90, "y": 90 },
      "when": { "type": "moulding", "facing": "east", "half": "bottom", "open": "true" }
    },
    {
      "apply": { "model": "domum_ornamentum:block/trapdoor/trapdoor_moulding", "uvlock": true, "y": 270 },
      "when": { "type": "moulding", "facing": "east", "half": "bottom", "open": "false" }
    },
    {
      "apply": { "model": "domum_ornamentum:block/trapdoor/trapdoor_port_manteau", "uvlock": true, "x": -90, "y": 270 },
      "when": { "type": "port_manteau", "facing": "east", "half": "top", "open": "true" }
    },
    {
      "apply": { "model": "domum_ornamentum:block/trapdoor/trapdoor_port_manteau", "uvlock": true, "x": 180, "y": 90 },
      "when": { "type": "port_manteau", "facing": "east", "half": "top", "open": "false" }
    },
    {
      "apply": { "model": "domum_ornamentum:block/trapdoor/trapdoor_port_manteau", "uvlock": true, "x": 90, "y": 90 },
      "when": { "type": "port_manteau", "facing": "east", "half": "bottom", "open": "true" }
    },
    {
      "apply": { "model": "domum_ornamentum:block/trapdoor/trapdoor_port_manteau", "uvlock": true, "y": 270 },
      "when": { "type": "port_manteau", "facing": "east", "half": "bottom", "open": "false" }
    },
    {
      "apply": { "model": "domum_ornamentum:block/trapdoor/trapdoor_porthole", "uvlock": true, "x": -90, "y": 270 },
      "when": { "type": "porthole", "facing": "east", "half": "top", "open": "true" }
    },
    {
      "apply": { "model": "domum_ornamentum:block/trapdoor/trapdoor_porthole", "uvlock": true, "x": 180, "y": 90 },
      "when": { "type": "porthole", "facing": "east", "half": "top", "open": "false" }
    },
    {
      "apply": { "model": "domum_ornamentum:block/trapdoor/trapdoor_porthole", "uvlock": true, "x": 90, "y": 90 },
      "when": { "type": "porthole", "facing": "east", "half": "bottom", "open": "true" }
    },
    {
      "apply": { "model": "domum_ornamentum:block/trapdoor/trapdoor_porthole", "uvlock": true, "y": 270 },
      "when": { "type": "porthole", "facing": "east", "half": "bottom", "open": "false" }
    },
    {
      "apply": { "model": "domum_ornamentum:block/trapdoor/trapdoor_roundel", "uvlock": true, "x": -90, "y": 270 },
      "when": { "type": "roundel", "facing": "east", "half": "top", "open": "true" }
    },
    {
      "apply": { "model": "domum_ornamentum:block/trapdoor/trapdoor_roundel", "uvlock": true, "x": 180, "y": 90 },
      "when": { "type": "roundel", "facing": "east", "half": "top", "open": "false" }
    },
    {
      "apply": { "model": "domum_ornamentum:block/trapdoor/trapdoor_roundel", "uvlock": true, "x": 90, "y": 90 },
      "when": { "type": "roundel", "facing": "east", "half": "bottom", "open": "true" }
    },
    {
      "apply": { "model": "domum_ornamentum:block/trapdoor/trapdoor_roundel", "uvlock": true, "y": 270 },
      "when": { "type": "roundel", "facing": "east", "half": "bottom", "open": "false" }
    },
    {
      "apply": { "model": "domum_ornamentum:block/trapdoor/trapdoor_slot", "uvlock": true, "x": -90, "y": 270 },
      "when": { "type": "slot", "facing": "east", "half": "top", "open": "true" }
    },
    {
      "apply": { "model": "domum_ornamentum:block/trapdoor/trapdoor_slot", "uvlock": true, "x": 180, "y": 90 },
      "when": { "type": "slot", "facing": "east", "half": "top", "open": "false" }
    },
    {
      "apply": { "model": "domum_ornamentum:block/trapdoor/trapdoor_slot", "uvlock": true, "x": 90, "y": 90 },
      "when": { "type": "slot", "facing": "east", "half": "bottom", "open": "true" }
    },
    {
      "apply": { "model": "domum_ornamentum:block/trapdoor/trapdoor_slot", "uvlock": true, "y": 270 },
      "when": { "type": "slot", "facing": "east", "half": "bottom", "open": "false" }
    },
    {
      "apply": { "model": "domum_ornamentum:block/trapdoor/trapdoor_vertical_bars", "uvlock": true, "x": -90, "y": 270 },
      "when": { "type": "vertical_bars", "facing": "east", "half": "top", "open": "true" }
    },
    {
      "apply": { "model": "domum_ornamentum:block/trapdoor/trapdoor_vertical_bars", "uvlock": true, "x": 180, "y": 90 },
      "when": { "type": "vertical_bars", "facing": "east", "half": "top", "open": "false" }
    },
    {
      "apply": { "model": "domum_ornamentum:block/trapdoor/trapdoor_vertical_bars", "uvlock": true, "x": 90, "y": 90 },
      "when": { "type": "vertical_bars", "facing": "east", "half": "bottom", "open": "true" }
    },
    {
      "apply": { "model": "domum_ornamentum:block/trapdoor/trapdoor_vertical_bars", "uvlock": true, "y": 270 },
      "when": { "type": "vertical_bars", "facing": "east", "half": "bottom", "open": "false" }
    },
    {
      "apply": { "model": "domum_ornamentum:block/trapdoor/trapdoor_vertically_squiggly_striped", "uvlock": true, "x": -90, "y": 270 },
      "when": { "type": "vertically_squiggly_striped", "facing": "east", "half": "top", "open": "true" }
    },
    {
      "apply": { "model": "domum_ornamentum:block/trapdoor/trapdoor_vertically_squiggly_striped", "uvlock": true, "x": 180, "y": 90 },
      "when": { "type": "vertically_squiggly_striped", "facing": "east", "half": "top", "open": "false" }
    },
    {
      "apply": { "model": "domum_ornamentum:block/trapdoor/trapdoor_vertically_squiggly_striped", "uvlock": true, "x": 90, "y": 90 },
      "when": { "type": "vertically_squiggly_striped", "facing": "east", "half": "bottom", "open": "true" }
    },
    {
      "apply": { "model": "domum_ornamentum:block/trapdoor/trapdoor_vertically_squiggly_striped", "uvlock": true, "y": 270 },
      "when": { "type": "vertically_squiggly_striped", "facing": "east", "half": "bottom", "open": "false" }
    },
    {
      "apply": { "model": "domum_ornamentum:block/trapdoor/trapdoor_vertically_striped", "uvlock": true, "x": -90, "y": 270 },
      "when": { "type": "vertically_striped", "facing": "east", "half": "top", "open": "true" }
    },
    {
      "apply": { "model": "domum_ornamentum:block/trapdoor/trapdoor_vertically_striped", "uvlock": true, "x": 180, "y": 90 },
      "when": { "type": "vertically_striped", "facing": "east", "half": "top", "open": "false" }
    },
    {
      "apply": { "model": "domum_ornamentum:block/trapdoor/trapdoor_vertically_striped", "uvlock": true, "x": 90, "y": 90 },
      "when": { "type": "vertically_striped", "facing": "east", "half": "bottom", "open": "true" }
    },
    {
      "apply": { "model": "domum_ornamentum:block/trapdoor/trapdoor_vertically_striped", "uvlock": true, "y": 270 },
      "when": { "type": "vertically_striped", "facing": "east", "half": "bottom", "open": "false" }
    },
    {
      "apply": { "model": "domum_ornamentum:block/trapdoor/trapdoor_waffle", "uvlock": true, "x": -90, "y": 270 },
      "when": { "type": "waffle", "facing": "east", "half": "top", "open": "true" }
    },
    {
      "apply": { "model": "domum_ornamentum:block/trapdoor/trapdoor_waffle", "uvlock": true, "x": 180, "y": 90 },
      "when": { "type": "waffle", "facing": "east", "half": "top", "open": "false" }
    },
    {
      "apply": { "model": "domum_ornamentum:block/trapdoor/trapdoor_waffle", "uvlock": true, "x": 90, "y": 90 },
      "when": { "type": "waffle", "facing": "east", "half": "bottom", "open": "true" }
    },
    {
      "apply": { "model": "domum_ornamentum:block/trapdoor/trapdoor_waffle", "uvlock": true, "y": 270 },
      "when": { "type": "waffle", "facing": "east", "half": "bottom", "open": "false" }
    }
  ]
}