{"name":"Savanna Ostrich Egg","icon":"livingthings:ostrich_egg","category":"livingthings:item_category","pages":[{"type":"text","text":"$(br)$(bold)Obtaining:$()$(br)If a savanna ostrich nest contains an egg and a player right-clicks it, the egg can be dropped$(br2)Can be dropped by a savanna ostrich that was about do build it's nest"},{"type":"spotlight","item":"livingthings:ostrich_egg","text":"$(br)$(bold)Usage:$()$(br)can be placed in a savanna ostrich nest, to hatch a baby savanna ostrich"}]}