{
	"credit": "Made with Blockbench",
	"parent": "minecraft:block/block",
	"textures": {
		"3": "betterend:block/carpet",
		"4": "betterend:block/book",
		"5": "betterend:block/candle",
		"top": "betterend:block/infusion_pedestal_top",
		"particle": "betterend:block/infusion_pedestal_base",
		"base": "betterend:block/infusion_pedestal_base",
		"pillar": "betterend:block/infusion_pedestal_pillar"
	},
	"elements": [
		{
			"name": "pillar",
			"from": [3, 0, 3],
			"to": [13, 9, 13],
			"faces": {
				"north": {"uv": [3, 0, 13, 9], "texture": "#pillar"},
				"east": {"uv": [3, 0, 13, 9], "texture": "#pillar"},
				"south": {"uv": [3, 0, 13, 9], "texture": "#pillar"},
				"west": {"uv": [3, 0, 13, 9], "texture": "#pillar"}
			}
		},
		{
			"name": "top",
			"from": [1, 9, 1],
			"to": [15, 11, 15],
			"faces": {
				"north": {"uv": [1, 14, 15, 16], "texture": "#top"},
				"east": {"uv": [15, 16, 1, 14], "texture": "#top"},
				"south": {"uv": [1, 14, 15, 16], "texture": "#top"},
				"west": {"uv": [1, 14, 15, 16], "texture": "#top"},
				"up": {"uv": [1, 1, 15, 15], "texture": "#top"},
				"down": {"uv": [1, 1, 15, 15], "texture": "#base"}
			}
		},
		{
			"name": "book",
			"from": [2, 11, 4],
			"to": [14, 12, 12],
			"rotation": {"angle": 0, "axis": "y", "origin": [0, -4, 0]},
			"faces": {
				"north": {"uv": [0, 15, 12, 16], "texture": "#4"},
				"east": {"uv": [0, 14, 8, 15], "texture": "#4"},
				"south": {"uv": [0, 15, 12, 16], "texture": "#4"},
				"west": {"uv": [0, 14, 8, 15], "texture": "#4"},
				"up": {"uv": [0, 8, 12, 16], "texture": "#4"},
				"down": {"uv": [0, 8, 12, 16], "texture": "#4"}
			}
		},
		{
			"name": "pages",
			"from": [3, 12, 4],
			"to": [13, 13, 12],
			"rotation": {"angle": 0, "axis": "y", "origin": [0, -4, 0]},
			"faces": {
				"north": {"uv": [12, 0, 13, 12], "texture": "#4"},
				"east": {"uv": [10, 0, 11, 8], "texture": "#4"},
				"south": {"uv": [12, 0, 13, 12], "texture": "#4"},
				"west": {"uv": [10, 0, 11, 8], "texture": "#4"},
				"up": {"uv": [0, 0, 11, 8], "texture": "#4"},
				"down": {"uv": [0, 0, 10, 8], "texture": "#4"}
			}
		},
		{
			"from": [2, 11, 12],
			"to": [4, 15, 14],
			"rotation": {"angle": 0, "axis": "y", "origin": [1, -4, 0]},
			"faces": {
				"north": {"uv": [0, 1, 2, 5], "texture": "#5"},
				"east": {"uv": [0, 1, 2, 5], "texture": "#5"},
				"south": {"uv": [0, 1, 2, 5], "texture": "#5"},
				"west": {"uv": [0, 1, 2, 5], "texture": "#5"},
				"up": {"uv": [0, 5, 2, 7], "texture": "#5"},
				"down": {"uv": [0, 5, 2, 7], "texture": "#5"}
			}
		},
		{
			"from": [11, 11, 2],
			"to": [13, 13, 4],
			"rotation": {"angle": 0, "axis": "y", "origin": [0, -4, 0]},
			"faces": {
				"north": {"uv": [0, 3, 2, 5], "texture": "#5"},
				"east": {"uv": [0, 3, 2, 5], "texture": "#5"},
				"south": {"uv": [0, 3, 2, 5], "texture": "#5"},
				"west": {"uv": [0, 3, 2, 5], "texture": "#5"},
				"up": {"uv": [0, 1, 2, 3], "texture": "#5"},
				"down": {"uv": [0, 1, 2, 3], "texture": "#5"}
			}
		},
		{
			"from": [0.9, 8, 13],
			"to": [2, 12, 14],
			"rotation": {"angle": 0, "axis": "y", "origin": [0, -4, 0]},
			"faces": {
				"north": {"uv": [0, 2, 1.1, 6], "texture": "#5"},
				"east": {"uv": [0, 2, 1, 6], "texture": "#5"},
				"south": {"uv": [0, 2, 1.1, 6], "texture": "#5"},
				"west": {"uv": [0, 2, 1, 6], "texture": "#5"},
				"up": {"uv": [0, 1, 1.1, 2], "rotation": 180, "texture": "#5"},
				"down": {"uv": [0, 1, 1.1, 2], "rotation": 180, "texture": "#5"}
			}
		},
		{
			"from": [6.35, 13, 10.2],
			"to": [6.35, 14, 11.2],
			"rotation": {"angle": 45, "axis": "y", "origin": [0, -4, 0]},
			"faces": {
				"north": {"uv": [0, 0, 0, 1], "texture": "#5"},
				"east": {"uv": [0, 0, 1, 1], "texture": "#5"},
				"south": {"uv": [0, 0, 0, 1], "texture": "#5"},
				"west": {"uv": [0, 0, 1, 1], "texture": "#5"},
				"up": {"uv": [0, 0, 0, 1], "texture": "#5"},
				"down": {"uv": [0, 0, 0, 1], "texture": "#5"}
			}
		},
		{
			"from": [5.85, 13, 10.7],
			"to": [6.85, 14, 10.7],
			"rotation": {"angle": 45, "axis": "y", "origin": [0, -4, 0]},
			"faces": {
				"north": {"uv": [0, 0, 1, 1], "texture": "#5"},
				"east": {"uv": [0, 0, 0, 1], "texture": "#5"},
				"south": {"uv": [0, 0, 1, 1], "texture": "#5"},
				"west": {"uv": [0, 0, 0, 1], "texture": "#5"},
				"up": {"uv": [0, 0, 1, 0], "texture": "#5"},
				"down": {"uv": [0, 0, 1, 0], "texture": "#5"}
			}
		},
		{
			"from": [-6.8, 15, 10.2],
			"to": [-6.8, 16, 11.2],
			"rotation": {"angle": 45, "axis": "y", "origin": [1, -4, 0]},
			"faces": {
				"north": {"uv": [0, 0, 0, 1], "texture": "#5"},
				"east": {"uv": [0, 0, 1, 1], "texture": "#5"},
				"south": {"uv": [0, 0, 0, 1], "texture": "#5"},
				"west": {"uv": [0, 0, 1, 1], "texture": "#5"},
				"up": {"uv": [0, 0, 0, 1], "texture": "#5"},
				"down": {"uv": [0, 0, 0, 1], "texture": "#5"}
			}
		},
		{
			"from": [-7.3, 15, 10.7],
			"to": [-6.3, 16, 10.7],
			"rotation": {"angle": 45, "axis": "y", "origin": [1, -4, 0]},
			"faces": {
				"north": {"uv": [0, 0, 1, 1], "texture": "#5"},
				"east": {"uv": [0, 0, 0, 1], "texture": "#5"},
				"south": {"uv": [0, 0, 1, 1], "texture": "#5"},
				"west": {"uv": [0, 0, 0, 1], "texture": "#5"},
				"up": {"uv": [0, 0, 1, 0], "texture": "#5"},
				"down": {"uv": [0, 0, 1, 0], "texture": "#5"}
			}
		},
		{
			"from": [6, 8, 0.99],
			"to": [10, 9, 0.99],
			"faces": {
				"north": {"uv": [3, 15, 11, 16], "texture": "#3"},
				"east": {"uv": [3, 15, 3, 16], "texture": "#3"},
				"south": {"uv": [3, 15, 11, 16], "texture": "#3"},
				"west": {"uv": [3, 15, 3, 16], "texture": "#3"},
				"up": {"uv": [16, 0, 16, 8], "rotation": 90, "texture": "#3"},
				"down": {"uv": [16, 0, 16, 8], "rotation": 270, "texture": "#3"}
			}
		},
		{
			"from": [6, 8, 15.01],
			"to": [10, 9, 15.01],
			"faces": {
				"north": {"uv": [3, 15, 11, 16], "texture": "#3"},
				"east": {"uv": [3, 15, 3, 16], "texture": "#3"},
				"south": {"uv": [3, 15, 11, 16], "texture": "#3"},
				"west": {"uv": [3, 15, 3, 16], "texture": "#3"},
				"up": {"uv": [16, 0, 16, 8], "rotation": 270, "texture": "#3"},
				"down": {"uv": [16, 0, 16, 8], "rotation": 90, "texture": "#3"}
			}
		},
		{
			"from": [0.99, 9, 5],
			"to": [0.99, 10, 11],
			"faces": {
				"north": {"uv": [3, 14, 3, 15], "texture": "#3"},
				"east": {"uv": [3, 14, 11, 15], "texture": "#3"},
				"south": {"uv": [3, 14, 3, 15], "texture": "#3"},
				"west": {"uv": [3, 14, 11, 15], "texture": "#3"},
				"up": {"uv": [16, 0, 16, 8], "texture": "#3"},
				"down": {"uv": [16, 0, 16, 8], "texture": "#3"}
			}
		},
		{
			"from": [5, 9, 0.99],
			"to": [11, 10, 0.99],
			"faces": {
				"north": {"uv": [3, 14, 11, 15], "texture": "#3"},
				"east": {"uv": [3, 14, 3, 15], "texture": "#3"},
				"south": {"uv": [3, 14, 11, 15], "texture": "#3"},
				"west": {"uv": [3, 14, 3, 15], "texture": "#3"},
				"up": {"uv": [16, 0, 16, 8], "rotation": 90, "texture": "#3"},
				"down": {"uv": [16, 0, 16, 8], "rotation": 270, "texture": "#3"}
			}
		},
		{
			"from": [15.01, 9, 5],
			"to": [15.01, 10, 11],
			"faces": {
				"north": {"uv": [3, 14, 3, 15], "texture": "#3"},
				"east": {"uv": [3, 14, 11, 15], "texture": "#3"},
				"south": {"uv": [3, 14, 3, 15], "texture": "#3"},
				"west": {"uv": [3, 14, 11, 15], "texture": "#3"},
				"up": {"uv": [16, 0, 16, 8], "rotation": 180, "texture": "#3"},
				"down": {"uv": [16, 0, 16, 8], "rotation": 180, "texture": "#3"}
			}
		},
		{
			"from": [5, 9, 15.01],
			"to": [11, 10, 15.01],
			"faces": {
				"north": {"uv": [3, 14, 11, 15], "texture": "#3"},
				"east": {"uv": [3, 14, 3, 15], "texture": "#3"},
				"south": {"uv": [3, 14, 11, 15], "texture": "#3"},
				"west": {"uv": [3, 14, 3, 15], "texture": "#3"},
				"up": {"uv": [16, 0, 16, 8], "rotation": 270, "texture": "#3"},
				"down": {"uv": [16, 0, 16, 8], "rotation": 90, "texture": "#3"}
			}
		},
		{
			"from": [0.99, 10, 4],
			"to": [0.99, 11, 12],
			"faces": {
				"north": {"uv": [3, 13, 3, 14], "texture": "#3"},
				"east": {"uv": [3, 13, 11, 14], "texture": "#3"},
				"south": {"uv": [3, 13, 3, 14], "texture": "#3"},
				"west": {"uv": [3, 13, 11, 14], "texture": "#3"},
				"up": {"uv": [16, 0, 16, 8], "texture": "#3"},
				"down": {"uv": [16, 0, 16, 8], "texture": "#3"}
			}
		},
		{
			"from": [4, 10, 0.99],
			"to": [12, 11, 0.99],
			"faces": {
				"north": {"uv": [3, 13, 11, 14], "texture": "#3"},
				"east": {"uv": [3, 13, 3, 14], "texture": "#3"},
				"south": {"uv": [3, 13, 11, 14], "texture": "#3"},
				"west": {"uv": [3, 13, 3, 14], "texture": "#3"},
				"up": {"uv": [16, 0, 16, 8], "rotation": 90, "texture": "#3"},
				"down": {"uv": [16, 0, 16, 8], "rotation": 270, "texture": "#3"}
			}
		},
		{
			"from": [15.01, 10, 4],
			"to": [15.01, 11, 12],
			"faces": {
				"north": {"uv": [3, 13, 3, 14], "texture": "#3"},
				"east": {"uv": [3, 13, 11, 14], "texture": "#3"},
				"south": {"uv": [3, 13, 3, 14], "texture": "#3"},
				"west": {"uv": [3, 13, 11, 14], "texture": "#3"},
				"up": {"uv": [16, 0, 16, 8], "rotation": 180, "texture": "#3"},
				"down": {"uv": [16, 0, 16, 8], "rotation": 180, "texture": "#3"}
			}
		},
		{
			"from": [4, 10, 15.01],
			"to": [12, 11, 15.01],
			"faces": {
				"north": {"uv": [3, 13, 11, 14], "texture": "#3"},
				"east": {"uv": [3, 13, 3, 14], "texture": "#3"},
				"south": {"uv": [3, 13, 11, 14], "texture": "#3"},
				"west": {"uv": [3, 13, 3, 14], "texture": "#3"},
				"up": {"uv": [16, 0, 16, 8], "rotation": 270, "texture": "#3"},
				"down": {"uv": [16, 0, 16, 8], "rotation": 90, "texture": "#3"}
			}
		},
		{
			"from": [0.99, 8, 6],
			"to": [0.99, 9, 10],
			"faces": {
				"north": {"uv": [3, 15, 3, 16], "texture": "#3"},
				"east": {"uv": [3, 15, 11, 16], "texture": "#3"},
				"south": {"uv": [3, 15, 3, 16], "texture": "#3"},
				"west": {"uv": [3, 15, 11, 16], "texture": "#3"},
				"up": {"uv": [16, 0, 16, 8], "texture": "#3"},
				"down": {"uv": [16, 0, 16, 8], "texture": "#3"}
			}
		},
		{
			"from": [15.01, 8, 6],
			"to": [15.01, 9, 10],
			"faces": {
				"north": {"uv": [3, 15, 3, 16], "texture": "#3"},
				"east": {"uv": [3, 15, 11, 16], "texture": "#3"},
				"south": {"uv": [3, 15, 3, 16], "texture": "#3"},
				"west": {"uv": [3, 15, 11, 16], "texture": "#3"},
				"up": {"uv": [16, 0, 16, 8], "rotation": 180, "texture": "#3"},
				"down": {"uv": [16, 0, 16, 8], "rotation": 180, "texture": "#3"}
			}
		},
		{
			"from": [2, 11.01, 2],
			"to": [14, 11.01, 14],
			"faces": {
				"north": {"uv": [0, 0, 14, 0], "texture": "#3"},
				"east": {"uv": [0, 0, 14, 0], "texture": "#3"},
				"south": {"uv": [0, 0, 14, 0], "texture": "#3"},
				"west": {"uv": [0, 0, 14, 0], "texture": "#3"},
				"up": {"uv": [1, 1, 13, 13], "texture": "#3"},
				"down": {"uv": [1, 1, 13, 13], "texture": "#3"}
			}
		},
		{
			"from": [14, 11.01, 3],
			"to": [15, 11.01, 13],
			"faces": {
				"north": {"uv": [0, 0, 14, 0], "texture": "#3"},
				"east": {"uv": [0, 0, 14, 0], "texture": "#3"},
				"south": {"uv": [0, 0, 14, 0], "texture": "#3"},
				"west": {"uv": [0, 0, 14, 0], "texture": "#3"},
				"up": {"uv": [14, 1, 13, 13], "texture": "#3"},
				"down": {"uv": [13, 1, 14, 13], "texture": "#3"}
			}
		},
		{
			"from": [3, 11.01, 1],
			"to": [13, 11.01, 2],
			"faces": {
				"north": {"uv": [0, 0, 14, 0], "texture": "#3"},
				"east": {"uv": [0, 0, 14, 0], "texture": "#3"},
				"south": {"uv": [0, 0, 14, 0], "texture": "#3"},
				"west": {"uv": [0, 0, 14, 0], "texture": "#3"},
				"up": {"uv": [14, 1, 13, 13], "rotation": 270, "texture": "#3"},
				"down": {"uv": [13, 1, 14, 13], "rotation": 90, "texture": "#3"}
			}
		},
		{
			"from": [1, 11.01, 3],
			"to": [2, 11.01, 13],
			"faces": {
				"north": {"uv": [0, 0, 14, 0], "texture": "#3"},
				"east": {"uv": [0, 0, 14, 0], "texture": "#3"},
				"south": {"uv": [0, 0, 14, 0], "texture": "#3"},
				"west": {"uv": [0, 0, 14, 0], "texture": "#3"},
				"up": {"uv": [14, 1, 13, 13], "rotation": 180, "texture": "#3"},
				"down": {"uv": [13, 1, 14, 13], "rotation": 180, "texture": "#3"}
			}
		},
		{
			"from": [3, 11.01, 14],
			"to": [13, 11.01, 15],
			"faces": {
				"north": {"uv": [0, 0, 14, 0], "texture": "#3"},
				"east": {"uv": [0, 0, 14, 0], "texture": "#3"},
				"south": {"uv": [0, 0, 14, 0], "texture": "#3"},
				"west": {"uv": [0, 0, 14, 0], "texture": "#3"},
				"up": {"uv": [14, 1, 13, 13], "rotation": 90, "texture": "#3"},
				"down": {"uv": [13, 1, 14, 13], "rotation": 270, "texture": "#3"}
			}
		}
	],
	"groups": [
		0,
		1,
		{
			"name": "book",
			"origin": [0, 0, 0],
			"color": 0,
			"children": [2, 3]
		},
		{
			"name": "candle",
			"origin": [1, 0, 0],
			"color": 0,
			"children": [4, 5, 6, 7, 8, 9, 10]
		},
		{
			"name": "carpet",
			"origin": [0, 0, 0],
			"color": 0,
			"children": [11, 12, 13, 14, 15, 16, 17, 18, 19, 20, 21, 22, 23, 24, 25, 26, 27]
		}
	]
}