{"name":"Savanna Ostrich","icon":"livingthings:ostrich_spawn_egg","category":"livingthings:passive_mobs_category","pages":[{"type":"text","text":"Fast running bird that can be ridden without a saddle.$(br2)$(bold)Health: $()10 Hearts$(br2)$(bold)Breeding Items: $()$(li)Wheat$(br2)$(bold)Breeding Behavior:$()$(br)    Next Page ..."},{"type":"entity","entity":"livingthings:ostrich","rotate":false,"scale":1.0,"default_rotation":45,"offset":0.1,"text":"Can be found in all $(bold)Savanna$() biomes."},{"type":"text","text":"$(bold)Breeding Behavior:$()$(br2)After two savanna ostrichs fell in love, one of them will search the nearest sand-block to build a nest on it.$(br)If there is already an empty nest nearby, the savanna ostrich will choose this to lay the egg.$(br)The egg will need some time, before an ostrich baby will hatch."},{"type":"image","images":["livingthings:textures/other/ostrich_laying_egg.png"],"border":true,"text":"An ostrich laying an egg into its nest."}]}