{"name":"Northern Owl","icon":"livingthings:owl_spawn_egg","category":"livingthings:passive_mobs_category","pages":[{"type":"text","text":"Nocturnal bird that can spawn in different color variations.$(br2)$(bold)Health: $()5 Hearts$(br2)$(bold)Breeding Items: $()$(li)Melon Seeds$(li)Pumpkin Seeds$(li)Beetroot Seeds$(br2)$(bold)Taming Item: $()$(li)Wheat Seeds"},{"type":"entity","entity":"livingthings:owl","rotate":false,"scale":1.0,"default_rotation":30,"offset":0.0,"text":"Can be found in $(bold)Forest$() biomes."}]}