{
	"credit": "Made with Blockbench",
	"parent": "block/thin_block",
	"textures": {
		"0": "block/oak_planks",
		"1": "block/acacia_planks",
		"particle": "block/oak_planks"
	},
	"elements": [
		{
			"from": [0, 0, 0],
			"to": [16, 3, 16],
			"faces": {
				"north": {"uv": [16, 13, 0, 16], "texture": "#0", "cullface": "north"},
				"east": {"uv": [0, 13, 16, 16], "texture": "#0", "cullface": "east"},
				"south": {"uv": [0, 13, 16, 16], "texture": "#0", "cullface": "south"},
				"west": {"uv": [0, 13, 16, 16], "texture": "#0", "cullface": "west"},
				"up": {"uv": [0, 0, 16, 16], "texture": "#0"},
				"down": {"uv": [0, 16, 16, 0], "texture": "#0", "cullface": "down"}
			}
		},
		{
			"name": "handle",
			"from": [5, 4, 1],
			"to": [11, 4, 2],
			"faces": {
				"up": {"uv": [5, 1, 11, 2], "texture": "#1"},
				"down": {"uv": [5, 14, 11, 15], "texture": "#1"}
			}
		},
		{
			"name": "handle",
			"from": [5, -1, 1],
			"to": [11, -1, 2],
			"faces": {
				"up": {"uv": [5, 1, 11, 2], "texture": "#1", "cullface": "down"},
				"down": {"uv": [5, 14, 11, 15], "texture": "#1", "cullface": "down"}
			}
		},
		{
			"name": "handle",
			"from": [11, -1, 1],
			"to": [11, 4, 2],
			"faces": {
				"east": {"uv": [14, 11, 15, 16], "texture": "#1"},
				"west": {"uv": [1, 11, 2, 16], "texture": "#1"}
			}
		},
		{
			"name": "handle",
			"from": [5, -1, 1],
			"to": [5, 4, 2],
			"faces": {
				"east": {"uv": [14, 11, 15, 16], "texture": "#1"},
				"west": {"uv": [1, 11, 2, 16], "texture": "#1"}
			}
		},
		{
			"name": "bar",
			"from": [-0.01, -0.01, 7],
			"to": [16.01, 3.01, 9],
			"faces": {
				"east": {"uv": [7, 12.98, 9, 16], "texture": "#1", "cullface": "east"},
				"west": {"uv": [7, 12.98, 9, 16], "texture": "#1", "cullface": "west"},
				"up": {"uv": [0, 7, 16, 9], "texture": "#1"},
				"down": {"uv": [0, 6, 16, 8], "texture": "#1", "cullface": "down"}
			}
		},
		{
			"name": "bolt",
			"from": [1, -0.01, 1],
			"to": [2, 3.01, 2],
			"faces": {
				"up": {"uv": [1, 1, 2, 2], "texture": "#1"},
				"down": {"uv": [14, 14, 15, 15], "texture": "#1", "cullface": "down"}
			}
		},
		{
			"name": "bolt",
			"from": [14, -0.01, 1],
			"to": [15, 3.01, 2],
			"faces": {
				"up": {"uv": [14, 1, 15, 2], "texture": "#1"},
				"down": {"uv": [1, 14, 2, 15], "texture": "#1", "cullface": "down"}
			}
		},
		{
			"name": "bolt",
			"from": [14, -0.01, 14],
			"to": [15, 3.01, 15],
			"faces": {
				"up": {"uv": [14, 14, 15, 15], "texture": "#1"},
				"down": {"uv": [1, 1, 2, 2], "texture": "#1", "cullface": "down"}
			}
		},
		{
			"name": "bolt",
			"from": [1, -0.01, 14],
			"to": [2, 3.01, 15],
			"faces": {
				"up": {"uv": [1, 14, 2, 15], "texture": "#1"},
				"down": {"uv": [14, 1, 15, 2], "texture": "#1", "cullface": "down"}
			}
		},
		{
			"name": "bolt",
			"from": [10, -0.01, 14],
			"to": [11, 3.01, 15],
			"faces": {
				"up": {"uv": [10, 14, 11, 15], "texture": "#1"},
				"down": {"uv": [5, 1, 6, 2], "texture": "#1", "cullface": "down"}
			}
		},
		{
			"name": "bolt",
			"from": [5, -0.01, 14],
			"to": [6, 3.01, 15],
			"faces": {
				"up": {"uv": [5, 14, 6, 15], "texture": "#1"},
				"down": {"uv": [10, 1, 11, 2], "texture": "#1", "cullface": "down"}
			}
		}
	]
}