{
  "type": "valoria:simple_pot",
  "config": {
    "to_place": {
      "type": "minecraft:weighted_state_provider",
      "entries": [
        {
          "weight": 0,
          "data": {
            "Name": "valoria:pot_long"
          }
        },
        {
          "weight": 0,
          "data": {
            "Name": "valoria:pot_long_handles"
          }
        },
        {
          "weight": 0,
          "data": {
            "Name": "valoria:pot_long_mossy"
          }
        },
        {
          "weight": 0,
          "data": {
            "Name": "valoria:pot_long_mossy_handles"
          }
        }
      ]
    }
  }
}
