{
  "block.dtbloomingnature.aspen_branch": "Pale Aspen Tree",
  "block.dtbloomingnature.aspen_sapling": "Pale Aspen Sapling",
  "item.dtbloomingnature.aspen_seed": "Pale Aspen Seed",
  "species.dtbloomingnature.aspen": "Pale Aspen",
  "block.dtbloomingnature.baobab_branch": "Baobab Tree",
  "block.dtbloomingnature.baobab_sapling": "Baobab Sapling",
  "item.dtbloomingnature.baobab_seed": "Baobab Seed",
  "species.dtbloomingnature.baobab": "Baobab",
  "block.dtbloomingnature.chestnut_branch": "Chestnut Tree",
  "block.dtbloomingnature.chestnut_sapling": "Chestnut Sapling",
  "item.dtbloomingnature.chestnut_seed": "Chestnut Seed",
  "species.dtbloomingnature.chestnut": "Chestnut",
  "block.dtbloomingnature.ebony_branch": "Ebony Tree",
  "block.dtbloomingnature.ebony_sapling": "Ebony Sapling",
  "item.dtbloomingnature.ebony_seed": "Ebony Seed",
  "species.dtbloomingnature.ebony": "Ebony",
  "block.dtbloomingnature.fir_branch": "Subalpine Fir Tree",
  "block.dtbloomingnature.fir_sapling": "Subalpine Fir Sapling",
  "item.dtbloomingnature.fir_seed": "Subalpine Fir Seed",
  "species.dtbloomingnature.fir": "Subalpine Fir",
  "block.dtbloomingnature.larch_branch": "Eastern Larch Tree",
  "block.dtbloomingnature.larch_sapling": "Eastern Larch Sapling",
  "item.dtbloomingnature.larch_seed": "Eastern Larch Seed",
  "species.dtbloomingnature.larch": "Eastern Larch",
  "block.dtbloomingnature.swamp_cypress_branch": "Swamp Cypress Tree",
  "block.dtbloomingnature.swamp_cypress_sapling": "Swamp Cypress Sapling",
  "item.dtbloomingnature.swamp_cypress_seed": "Swamp Cypress Seed",
  "species.dtbloomingnature.swamp_cypress": "Swamp Cypress",
  "block.dtbloomingnature.swamp_oak_branch": "Swamp Oak Tree",
  "block.dtbloomingnature.swamp_oak_sapling": "Swamp Oak Sapling",
  "item.dtbloomingnature.swamp_oak_seed": "Swamp Oak Seed",
  "species.dtbloomingnature.swamp_oak": "Swamp Oak",
  "block.dtbloomingnature.fan_palm_branch": "Fan Palm Tree",
  "block.dtbloomingnature.fan_palm_sapling": "Fan Palm Sapling",
  "item.dtbloomingnature.fan_palm_seed": "Fan Palm Seed",
  "species.dtbloomingnature.fan_palm": "Fan Palm"
}