{
	"credit": "Made with Blockbench",
	"ambientocclusion": false,
	"textures": {
		"0": "block/acacia_planks",
		"1": "block/oak_planks",
		"particle": "block/acacia_planks"
	},
	"elements": [
		{
			"name": "door_lower_inner_0",
			"from": [0, 3, 2],
			"to": [3, 16, 14],
			"faces": {
				"north": {"uv": [0, 0, 3, 13], "texture": "#0"},
				"east": {"uv": [2, 0, 14, 13], "texture": "#0"},
				"south": {"uv": [13, 0, 16, 13], "texture": "#0"},
				"west": {"uv": [2, 0, 14, 13], "texture": "#0", "cullface": "west"},
				"down": {"uv": [2, 13, 14, 16], "rotation": 90, "texture": "#0"}
			}
		},
		{
			"name": "door_lower_outer_0",
			"from": [0, 0, 0],
			"to": [3, 16, 2],
			"faces": {
				"north": {"uv": [13, 0, 16, 16], "texture": "#1", "cullface": "north"},
				"east": {"uv": [14, 0, 16, 16], "texture": "#1"},
				"south": {"uv": [13, 0, 16, 16], "texture": "#1"},
				"west": {"uv": [0, 0, 2, 16], "texture": "#1", "cullface": "west"},
				"down": {"uv": [0, 13, 2, 16], "rotation": 270, "texture": "#1", "cullface": "down"}
			}
		},
		{
			"name": "door_lower_outer_1",
			"from": [0, 0, 14],
			"to": [3, 16, 16],
			"faces": {
				"north": {"uv": [0, 0, 3, 16], "texture": "#1"},
				"east": {"uv": [0, 0, 2, 16], "texture": "#1"},
				"south": {"uv": [0, 0, 3, 16], "texture": "#1", "cullface": "south"},
				"west": {"uv": [14, 0, 16, 16], "texture": "#1", "cullface": "west"},
				"down": {"uv": [14, 13, 16, 16], "rotation": 270, "texture": "#1", "cullface": "down"}
			}
		},
		{
			"name": "door_lower_outer_2",
			"from": [0, 0, 2],
			"to": [3, 3, 14],
			"faces": {
				"east": {"uv": [2, 13, 14, 16], "texture": "#1"},
				"west": {"uv": [2, 13, 14, 16], "texture": "#1", "cullface": "west"},
				"up": {"uv": [0, 2, 3, 14], "texture": "#1"},
				"down": {"uv": [2, 13, 14, 16], "rotation": 270, "texture": "#1", "cullface": "down"}
			}
		}
	],
	"groups": [
		{
			"name": "door_lower",
			"origin": [8, 8, 8],
			"color": 0,
			"children": [
				{
					"name": "door_lower_inner",
					"origin": [8, 8, 8],
					"color": 0,
					"children": [0]
				},
				{
					"name": "door_lower_outer",
					"origin": [8, 8, 8],
					"color": 0,
					"children": [1, 2, 3]
				}
			]
		}
	]
}