{
	"credit": "Made with Blockbench",
	"ambientocclusion": false,
	"textures": {
		"0": "block/acacia_planks",
		"1": "block/oak_planks",
		"particle": "block/acacia_planks"
	},
	"elements": [
		{
			"name": "main",
			"from": [0, 0, 0],
			"to": [3, 16, 16],
			"rotation": {"angle": 0, "axis": "y", "origin": [8, 11, 8]},
			"faces": {
				"north": {"uv": [0, 0, 16, 3], "rotation": 90, "texture": "#0"},
				"east": {"uv": [0, 0, 16, 16], "rotation": 270, "texture": "#0"},
				"south": {"uv": [0, 11, 16, 8], "rotation": 90, "texture": "#0"},
				"west": {"uv": [0, 0, 16, 16], "rotation": 90, "texture": "#0"},
				"up": {"uv": [0, 16, 3, 0], "texture": "#0"}
			}
		},
		{
			"name": "door_handle",
			"from": [-0.01, 2, 12],
			"to": [3.01, 3, 15],
			"faces": {
				"east": {"uv": [1, 13, 2, 16], "rotation": 270, "texture": "#1"},
				"west": {"uv": [14, 13, 15, 16], "rotation": 90, "texture": "#1"}
			}
		},
		{
			"name": "door_handle",
			"from": [-0.01, 0, 12],
			"to": [3.01, 1, 15],
			"faces": {
				"east": {"uv": [3, 13, 4, 16], "rotation": 270, "texture": "#1"},
				"west": {"uv": [12, 13, 13, 16], "rotation": 90, "texture": "#1"}
			}
		},
		{
			"name": "door_handle",
			"from": [-0.01, 1, 14],
			"to": [3.01, 2, 15],
			"faces": {
				"east": {"uv": [2, 13, 3, 14], "texture": "#1"},
				"west": {"uv": [13, 13, 14, 14], "texture": "#1"}
			}
		},
		{
			"name": "door_handle",
			"from": [-0.01, 1, 12],
			"to": [3.01, 2, 13],
			"faces": {
				"east": {"uv": [2, 15, 3, 16], "texture": "#1"},
				"west": {"uv": [13, 15, 14, 16], "texture": "#1"}
			}
		},
		{
			"name": "bar",
			"from": [-0.01, 7, -0.01],
			"to": [3.01, 9, 12.99],
			"faces": {
				"north": {"uv": [7, 0, 9, 3.02], "rotation": 90, "texture": "#1"},
				"east": {"uv": [7, 3, 9, 16], "rotation": 270, "texture": "#1"},
				"west": {"uv": [7, 3, 9, 16], "rotation": 90, "texture": "#1"}
			}
		},
		{
			"name": "bolt",
			"from": [-0.01, 13, 14],
			"to": [3.01, 14, 15],
			"faces": {
				"east": {"uv": [1, 2, 2, 3], "texture": "#1"},
				"west": {"uv": [14, 2, 15, 3], "texture": "#1"}
			}
		},
		{
			"name": "bolt",
			"from": [-0.01, 13, 10],
			"to": [3.01, 14, 11],
			"faces": {
				"east": {"uv": [5, 2, 6, 3], "texture": "#1"},
				"west": {"uv": [10, 2, 11, 3], "texture": "#1"}
			}
		},
		{
			"name": "bolt",
			"from": [-0.01, 13, 6],
			"to": [3.01, 14, 7],
			"faces": {
				"east": {"uv": [9, 2, 10, 3], "texture": "#1"},
				"west": {"uv": [6, 2, 7, 3], "texture": "#1"}
			}
		},
		{
			"name": "bolt",
			"from": [-0.01, 13, 2],
			"to": [3.01, 14, 3],
			"faces": {
				"east": {"uv": [13, 2, 14, 3], "texture": "#1"},
				"west": {"uv": [2, 2, 3, 3], "texture": "#1"}
			}
		}
	],
	"groups": [
		0,
		{
			"name": "decor",
			"origin": [8, 8, 8],
			"color": 0,
			"children": [1, 2, 3, 4, 5, 6, 7, 8, 9]
		}
	]
}