{
	"credit": "Made with Blockbench",
	"ambientocclusion": false,
	"textures": {
		"0": "block/acacia_planks",
		"1": "block/oak_planks",
		"particle": "block/acacia_planks"
	},
	"elements": [
		{
			"name": "main",
			"from": [0, 0, 0],
			"to": [3, 16, 16],
			"rotation": {"angle": 0, "axis": "y", "origin": [8, 11, 8]},
			"faces": {
				"north": {"uv": [0, 0, 16, 3], "rotation": 90, "texture": "#0"},
				"east": {"uv": [0, 0, 16, 16], "rotation": 90, "texture": "#0"},
				"south": {"uv": [0, 11, 16, 8], "rotation": 90, "texture": "#0"},
				"west": {"uv": [0, 0, 16, 16], "rotation": 270, "texture": "#0"},
				"down": {"uv": [0, 0, 3, 16], "rotation": 180, "texture": "#0"}
			}
		},
		{
			"name": "bar",
			"from": [-0.01, 7, 3.01],
			"to": [3.01, 9, 16.01],
			"faces": {
				"east": {"uv": [7, 3, 9, 16], "rotation": 90, "texture": "#1"},
				"south": {"uv": [7, 0, 9, 3.02], "rotation": 270, "texture": "#1"},
				"west": {"uv": [7, 3, 9, 16], "rotation": 270, "texture": "#1"}
			}
		},
		{
			"name": "bolt",
			"from": [-0.01, 2, 13],
			"to": [3.01, 3, 14],
			"faces": {
				"east": {"uv": [2, 13, 3, 14], "texture": "#1"},
				"west": {"uv": [13, 13, 14, 14], "texture": "#1"}
			}
		},
		{
			"name": "bolt",
			"from": [-0.01, 2, 9],
			"to": [3.01, 3, 10],
			"faces": {
				"east": {"uv": [6, 13, 7, 14], "texture": "#1"},
				"west": {"uv": [9, 13, 10, 14], "texture": "#1"}
			}
		},
		{
			"name": "bolt",
			"from": [-0.01, 2, 5],
			"to": [3.01, 3, 6],
			"faces": {
				"east": {"uv": [10, 13, 11, 14], "texture": "#1"},
				"west": {"uv": [5, 13, 6, 14], "texture": "#1"}
			}
		},
		{
			"name": "bolt",
			"from": [-0.01, 2, 1],
			"to": [3.01, 3, 2],
			"faces": {
				"east": {"uv": [14, 13, 15, 14], "texture": "#1"},
				"west": {"uv": [1, 13, 2, 14], "texture": "#1"}
			}
		}
	],
	"groups": [
		0,
		{
			"name": "decor",
			"origin": [8, 8, 8],
			"color": 0,
			"children": [1, 2, 3, 4, 5]
		}
	]
}