{
	"credit": "Made with Blockbench",
	"ambientocclusion": false,
	"textures": {
		"0": "block/oak_planks",
		"particle": "block/oak_planks"
	},
	"elements": [
		{
			"from": [0, 0, 3],
			"to": [16, 3, 13],
			"faces": {
				"north": {"uv": [0, 13, 16, 16], "texture": "#0"},
				"east": {"uv": [3, 13, 13, 16], "texture": "#0", "cullface": "east"},
				"south": {"uv": [0, 13, 16, 16], "texture": "#0"},
				"west": {"uv": [3, 13, 13, 16], "texture": "#0", "cullface": "west"},
				"up": {"uv": [0, 3, 16, 13], "texture": "#0"},
				"down": {"uv": [0, 3, 16, 13], "texture": "#0", "cullface": "down"}
			}
		},
		{
			"from": [3, 0.02, 0],
			"to": [13, 3.02, 16],
			"faces": {
				"north": {"uv": [3, 13, 13, 16], "texture": "#0", "cullface": "north"},
				"east": {"uv": [0, 13, 16, 16], "texture": "#0"},
				"south": {"uv": [3, 13, 13, 16], "texture": "#0", "cullface": "south"},
				"west": {"uv": [0, 13, 16, 16], "texture": "#0"},
				"up": {"uv": [3, 0, 13, 16], "texture": "#0"},
				"down": {"uv": [3, 0, 13, 16], "texture": "#0", "cullface": "down"}
			}
		}
	]
}