{
	"credit": "Made with Blockbench",
	"ambientocclusion": false,
	"textures": {
		"0": "block/oak_planks",
		"1": "domum_ornamentum:block/extra/waffle_mesh_handle",
		"particle": "block/oak_planks"
	},
	"elements": [
		{
			"from": [0, 0, 0],
			"to": [16, 3, 4],
			"faces": {
				"north": {"uv": [0, 13, 16, 16], "texture": "#0", "cullface": "north"},
				"east": {"uv": [12, 13, 16, 16], "texture": "#0", "cullface": "east"},
				"west": {"uv": [0, 13, 4, 16], "texture": "#0", "cullface": "west"},
				"up": {"uv": [0, 0, 16, 4], "texture": "#0"},
				"down": {"uv": [0, 12, 16, 16], "texture": "#0", "cullface": "down"}
			}
		},
		{
			"from": [0, 0, 12],
			"to": [16, 3, 16],
			"faces": {
				"east": {"uv": [0, 13, 4, 16], "texture": "#0", "cullface": "east"},
				"south": {"uv": [0, 13, 16, 16], "texture": "#0", "cullface": "south"},
				"west": {"uv": [12, 13, 16, 16], "texture": "#0", "cullface": "west"},
				"up": {"uv": [0, 12, 16, 16], "texture": "#0"},
				"down": {"uv": [0, 0, 16, 4], "texture": "#0", "cullface": "down"}
			}
		},
		{
			"from": [0, 0, 4],
			"to": [4, 3, 12],
			"faces": {
				"west": {"uv": [4, 13, 12, 16], "texture": "#0", "cullface": "west"},
				"up": {"uv": [0, 4, 4, 12], "texture": "#0"},
				"down": {"uv": [0, 4, 4, 12], "texture": "#0", "cullface": "down"}
			}
		},
		{
			"from": [12, 0, 4],
			"to": [16, 3, 12],
			"faces": {
				"east": {"uv": [4, 13, 12, 16], "texture": "#0", "cullface": "east"},
				"up": {"uv": [12, 4, 16, 12], "texture": "#0"},
				"down": {"uv": [12, 4, 16, 12], "texture": "#0", "cullface": "down"}
			}
		},
		{
			"from": [4, 0, 6],
			"to": [12, 3, 7],
			"faces": {
				"up": {"uv": [4, 6, 12, 7], "texture": "#0"},
				"down": {"uv": [4, 9, 12, 10], "texture": "#0", "cullface": "down"}
			}
		},
		{
			"from": [4, 0, 9],
			"to": [12, 3, 10],
			"faces": {
				"up": {"uv": [4, 9, 12, 10], "texture": "#0"},
				"down": {"uv": [4, 6, 12, 7], "texture": "#0", "cullface": "down"}
			}
		},
		{
			"from": [6, 0.02, 4],
			"to": [7, 3.02, 12],
			"faces": {
				"up": {"uv": [6, 4, 7, 12], "texture": "#0"},
				"down": {"uv": [6, 4, 7, 12], "texture": "#0"}
			}
		},
		{
			"from": [9, 0.02, 4],
			"to": [10, 3.02, 12],
			"faces": {
				"up": {"uv": [9, 4, 10, 12], "texture": "#0"},
				"down": {"uv": [9, 4, 10, 12], "texture": "#0"}
			}
		},
		{
			"name": "handle",
			"from": [6, -0.02, 15],
			"to": [10, 3.02, 16],
			"faces": {
				"up": {"uv": [6, 15, 10, 16], "texture": "#1"},
				"down": {"uv": [6, 15, 10, 16], "texture": "#1", "cullface": "down"}
			}
		},
		{
			"name": "nail",
			"from": [2, -0.02, 2],
			"to": [3, 3.02, 3],
			"faces": {
				"up": {"uv": [2, 2, 3, 3], "texture": "#1"},
				"down": {"uv": [2, 2, 3, 3], "texture": "#1", "cullface": "down"}
			}
		},
		{
			"name": "nail",
			"from": [13, -0.02, 2],
			"to": [14, 3.02, 3],
			"faces": {
				"up": {"uv": [13, 2, 14, 3], "texture": "#1"},
				"down": {"uv": [13, 2, 14, 3], "texture": "#1", "cullface": "down"}
			}
		},
		{
			"name": "nail",
			"from": [13, -0.02, 13],
			"to": [14, 3.02, 14],
			"faces": {
				"up": {"uv": [13, 13, 14, 14], "texture": "#1"},
				"down": {"uv": [13, 13, 14, 14], "texture": "#1", "cullface": "down"}
			}
		},
		{
			"name": "nail",
			"from": [2, -0.02, 13],
			"to": [3, 3.02, 14],
			"faces": {
				"up": {"uv": [2, 13, 3, 14], "texture": "#1"},
				"down": {"uv": [2, 13, 3, 14], "texture": "#1", "cullface": "down"}
			}
		}
	],
	"groups": [
		{
			"name": "main",
			"origin": [0, 0, 0],
			"color": 0,
			"nbt": "{}",
			"children": [0, 1, 2, 3]
		},
		{
			"name": "mesh",
			"origin": [8, 8, 8],
			"color": 0,
			"nbt": "{}",
			"children": [4, 5, 6, 7]
		},
		8,
		9,
		10,
		11,
		12
	]
}