{
	"credit": "Made with Blockbench",
	"ambientocclusion": false,
	"textures": {
		"0": "block/oak_planks",
		"particle": "block/oak_planks"
	},
	"elements": [
		{
			"from": [0, 0, 0],
			"to": [4, 3, 16],
			"rotation": {"angle": 0, "axis": "y", "origin": [8, 1.5, 8]},
			"faces": {
				"north": {"uv": [11, 13, 15, 16], "texture": "#0", "cullface": "north"},
				"south": {"uv": [0, 13, 4, 16], "texture": "#0", "cullface": "south"},
				"west": {"uv": [0, 13, 16, 16], "texture": "#0", "cullface": "west"},
				"up": {"uv": [0, 0, 4, 16], "texture": "#0"},
				"down": {"uv": [0, 0, 4, 16], "texture": "#0", "cullface": "down"}
			}
		},
		{
			"from": [12, 0, 0],
			"to": [16, 3, 16],
			"rotation": {"angle": 0, "axis": "y", "origin": [8, 1.5, 8]},
			"faces": {
				"north": {"uv": [0, 13, 4, 16], "texture": "#0", "cullface": "north"},
				"east": {"uv": [0, 13, 16, 16], "texture": "#0", "cullface": "east"},
				"south": {"uv": [11, 13, 15, 16], "texture": "#0", "cullface": "south"},
				"up": {"uv": [12, 0, 16, 16], "texture": "#0"},
				"down": {"uv": [12, 0, 16, 16], "texture": "#0", "cullface": "down"}
			}
		},
		{
			"from": [4, 0, 0],
			"to": [12, 3, 4],
			"rotation": {"angle": 0, "axis": "y", "origin": [8, 1.5, 8]},
			"faces": {
				"north": {"uv": [5, 13, 13, 16], "texture": "#0", "cullface": "north"},
				"up": {"uv": [4, 0, 12, 4], "texture": "#0"},
				"down": {"uv": [4, 12, 12, 16], "texture": "#0", "cullface": "down"}
			}
		},
		{
			"from": [4, 0, 12],
			"to": [12, 3, 16],
			"rotation": {"angle": 0, "axis": "y", "origin": [8, 1.5, 8]},
			"faces": {
				"south": {"uv": [5, 13, 13, 16], "texture": "#0", "cullface": "south"},
				"up": {"uv": [4, 12, 12, 16], "texture": "#0"},
				"down": {"uv": [4, 0, 12, 4], "texture": "#0", "cullface": "down"}
			}
		},
		{
			"from": [4, 0, 4],
			"to": [5, 3, 5],
			"faces": {
				"up": {"uv": [4, 4, 5, 5], "texture": "#0"},
				"down": {"uv": [4, 11, 5, 12], "texture": "#0", "cullface": "down"}
			}
		},
		{
			"from": [11, 0, 4],
			"to": [12, 3, 5],
			"faces": {
				"up": {"uv": [11, 4, 12, 5], "texture": "#0"},
				"down": {"uv": [11, 11, 12, 12], "texture": "#0", "cullface": "down"}
			}
		},
		{
			"from": [11, 0, 11],
			"to": [12, 3, 12],
			"faces": {
				"up": {"uv": [11, 11, 12, 12], "texture": "#0"},
				"down": {"uv": [11, 4, 12, 5], "texture": "#0", "cullface": "down"}
			}
		},
		{
			"from": [4, 0, 11],
			"to": [5, 3, 12],
			"faces": {
				"up": {"uv": [4, 11, 5, 12], "texture": "#0"},
				"down": {"uv": [4, 4, 5, 5], "texture": "#0", "cullface": "down"}
			}
		}
	],
	"groups": [
		{
			"name": "main",
			"origin": [8, 8, 8],
			"color": 0,
			"nbt": "{}",
			"children": [0, 1, 2, 3]
		},
		{
			"name": "porthole",
			"origin": [8, 8, 8],
			"color": 0,
			"nbt": "{}",
			"children": [4, 5, 6, 7]
		}
	]
}