{
	"credit": "Made with Blockbench",
	"parent": "block/thin_block",
	"textures": {
		"0": "block/oak_planks",
		"particle": "block/oak_planks"
	},
	"elements": [
		{
			"from": [3, 0, 0],
			"to": [13, 3, 3],
			"faces": {
				"north": {"uv": [3, 13, 13, 16], "texture": "#0", "cullface": "north"},
				"up": {"uv": [3, 0, 13, 3], "texture": "#0"},
				"down": {"uv": [3, 13, 13, 16], "texture": "#0", "cullface": "down"}
			}
		},
		{
			"from": [0, 0, 0],
			"to": [3, 3, 16],
			"faces": {
				"north": {"uv": [13, 13, 16, 16], "texture": "#0", "cullface": "north"},
				"south": {"uv": [0, 13, 3, 16], "texture": "#0", "cullface": "south"},
				"west": {"uv": [0, 13, 16, 16], "texture": "#0", "cullface": "west"},
				"up": {"uv": [0, 0, 3, 16], "texture": "#0"},
				"down": {"uv": [0, 0, 3, 16], "texture": "#0", "cullface": "down"}
			}
		},
		{
			"from": [13, 0, 0],
			"to": [16, 3, 16],
			"faces": {
				"north": {"uv": [0, 13, 3, 16], "texture": "#0", "cullface": "north"},
				"east": {"uv": [0, 13, 16, 16], "texture": "#0", "cullface": "east"},
				"south": {"uv": [13, 13, 16, 16], "texture": "#0", "cullface": "south"},
				"up": {"uv": [13, 0, 16, 16], "texture": "#0"},
				"down": {"uv": [13, 0, 16, 16], "texture": "#0", "cullface": "down"}
			}
		},
		{
			"from": [3, 0, 13],
			"to": [13, 3, 16],
			"faces": {
				"south": {"uv": [3, 13, 13, 16], "texture": "#0", "cullface": "south"},
				"up": {"uv": [3, 13, 13, 16], "texture": "#0"},
				"down": {"uv": [3, 0, 13, 3], "texture": "#0", "cullface": "down"}
			}
		},
		{
			"from": [3, 0, 4],
			"to": [13, 3, 5],
			"faces": {
				"up": {"uv": [3, 4, 13, 5], "texture": "#0"},
				"down": {"uv": [3, 11, 13, 12], "texture": "#0", "cullface": "down"}
			}
		},
		{
			"from": [3, 0, 6],
			"to": [7, 3, 7],
			"faces": {
				"up": {"uv": [3, 6, 7, 7], "texture": "#0"},
				"down": {"uv": [3, 9, 7, 10], "texture": "#0", "cullface": "down"}
			}
		},
		{
			"from": [9, 0, 6],
			"to": [13, 3, 7],
			"faces": {
				"up": {"uv": [9, 6, 13, 7], "texture": "#0"},
				"down": {"uv": [9, 9, 13, 10], "texture": "#0", "cullface": "down"}
			}
		},
		{
			"from": [3, 0, 9],
			"to": [7, 3, 10],
			"faces": {
				"up": {"uv": [3, 9, 7, 10], "texture": "#0"},
				"down": {"uv": [3, 6, 7, 7], "texture": "#0", "cullface": "down"}
			}
		},
		{
			"from": [9, 0, 9],
			"to": [13, 3, 10],
			"faces": {
				"up": {"uv": [9, 9, 13, 10], "texture": "#0"},
				"down": {"uv": [9, 6, 13, 7], "texture": "#0", "cullface": "down"}
			}
		},
		{
			"from": [3, 0, 11],
			"to": [13, 3, 12],
			"faces": {
				"up": {"uv": [3, 11, 13, 12], "texture": "#0"},
				"down": {"uv": [3, 4, 13, 5], "texture": "#0", "cullface": "down"}
			}
		},
		{
			"from": [4, -0.01, 3],
			"to": [5, 3.01, 13],
			"faces": {
				"up": {"uv": [4, 3, 5, 13], "texture": "#0"},
				"down": {"uv": [4, 3, 5, 13], "texture": "#0", "cullface": "down"}
			}
		},
		{
			"from": [6, -0.01, 3],
			"to": [7, 3.01, 7],
			"faces": {
				"up": {"uv": [6, 3, 7, 7], "texture": "#0"},
				"down": {"uv": [6, 9, 7, 13], "texture": "#0", "cullface": "down"}
			}
		},
		{
			"from": [6, -0.01, 9],
			"to": [7, 3.01, 13],
			"faces": {
				"up": {"uv": [6, 9, 7, 13], "texture": "#0"},
				"down": {"uv": [6, 3, 7, 7], "texture": "#0", "cullface": "down"}
			}
		},
		{
			"from": [9, -0.01, 3],
			"to": [10, 3.01, 7],
			"faces": {
				"up": {"uv": [9, 3, 10, 7], "texture": "#0"},
				"down": {"uv": [9, 9, 10, 13], "texture": "#0", "cullface": "down"}
			}
		},
		{
			"from": [9, -0.01, 9],
			"to": [10, 3.01, 13],
			"faces": {
				"up": {"uv": [9, 9, 10, 13], "texture": "#0"},
				"down": {"uv": [9, 3, 10, 7], "texture": "#0", "cullface": "down"}
			}
		},
		{
			"from": [11, -0.01, 3],
			"to": [12, 3.01, 13],
			"faces": {
				"up": {"uv": [11, 3, 12, 13], "texture": "#0"},
				"down": {"uv": [11, 3, 12, 13], "texture": "#0", "cullface": "down"}
			}
		}
	],
	"groups": [
		{
			"name": "main",
			"origin": [0, 0, 0],
			"color": 0,
			"nbt": "{}",
			"children": [0, 1, 2, 3]
		},
		{
			"name": "bars",
			"origin": [0, 0, 0],
			"color": 0,
			"nbt": "{}",
			"children": [4, 5, 6, 7, 8, 9, 10, 11, 12, 13, 14, 15]
		}
	]
}