{
	"credit": "Made with Blockbench",
	"ambientocclusion": false,
	"textures": {
		"0": "block/oak_planks",
		"1": "block/oak_door_top",
		"2": "block/oak_door_bottom",
		"particle": "block/oak_planks"
	},
	"elements": [
		{
			"name": "door_handle",
			"from": [11, 17, 6.49],
			"to": [14, 18, 9.51],
			"rotation": {"angle": 0, "axis": "y", "origin": [1.5, 8, 8]},
			"faces": {
				"north": {"uv": [11, 14, 14, 15], "rotation": 180, "texture": "#1"},
				"south": {"uv": [11, 14, 14, 15], "texture": "#1", "cullface": "west"}
			}
		},
		{
			"name": "door_handle",
			"from": [11, 16, 6.49],
			"to": [12, 17, 9.51],
			"rotation": {"angle": 0, "axis": "y", "origin": [1.5, 8, 8]},
			"faces": {
				"north": {"uv": [11, 15, 12, 16], "texture": "#1"},
				"south": {"uv": [11, 15, 12, 16], "texture": "#1", "cullface": "west"}
			}
		},
		{
			"name": "hinge",
			"from": [0, 16, 6.49],
			"to": [1, 17, 9.51],
			"rotation": {"angle": 0, "axis": "y", "origin": [1.5, 8, 8]},
			"faces": {
				"north": {"uv": [0, 15, 1, 16], "texture": "#1"},
				"south": {"uv": [0, 15, 1, 16], "texture": "#1", "cullface": "west"}
			}
		},
		{
			"name": "hinge",
			"from": [0, 26, 6.49],
			"to": [1, 28, 9.51],
			"rotation": {"angle": 0, "axis": "y", "origin": [1.5, 8, 8]},
			"faces": {
				"north": {"uv": [0, 4, 1, 6], "texture": "#1"},
				"south": {"uv": [0, 4, 1, 6], "texture": "#1", "cullface": "west"}
			}
		},
		{
			"from": [12, 16, 6.5],
			"to": [13, 18, 9.5],
			"rotation": {"angle": 0, "axis": "y", "origin": [1.5, 8, 8]},
			"faces": {
				"north": {"uv": [13, 11, 15, 12], "rotation": 90, "texture": "#0"},
				"south": {"uv": [13, 11, 15, 12], "rotation": 90, "texture": "#0", "cullface": "west"}
			}
		},
		{
			"from": [13, 17, 6.5],
			"to": [16, 31, 9.5],
			"rotation": {"angle": 0, "axis": "y", "origin": [1.5, 8, 8]},
			"faces": {
				"north": {"uv": [1, 13, 15, 16], "rotation": 90, "texture": "#0"},
				"east": {"uv": [1, 0, 15, 3], "rotation": 90, "texture": "#0", "cullface": "south"},
				"south": {"uv": [1, 13, 15, 16], "rotation": 270, "texture": "#0", "cullface": "west"}
			}
		},
		{
			"from": [0, 21, 6.5],
			"to": [3, 30, 9.5],
			"rotation": {"angle": 0, "axis": "y", "origin": [1.5, 8, 8]},
			"faces": {
				"north": {"uv": [5, 9, 14, 12], "rotation": 90, "texture": "#0"},
				"south": {"uv": [5, 1, 14, 4], "rotation": 270, "texture": "#0", "cullface": "west"},
				"west": {"uv": [5, 0, 14, 3], "rotation": 270, "texture": "#0", "cullface": "north"}
			}
		},
		{
			"from": [0, 30, 6.5],
			"to": [13, 32, 9.5],
			"rotation": {"angle": 0, "axis": "y", "origin": [1.5, 8, 8]},
			"faces": {
				"north": {"uv": [2, 8, 15, 10], "texture": "#0"},
				"south": {"uv": [1, 8, 14, 10], "texture": "#0", "cullface": "west"},
				"west": {"uv": [14, 0, 16, 3], "rotation": 270, "texture": "#0", "cullface": "north"},
				"up": {"uv": [3, 0, 16, 3], "rotation": 180, "texture": "#0", "cullface": "up"}
			}
		},
		{
			"from": [3, 29, 6.5],
			"to": [13, 30, 9.5],
			"rotation": {"angle": 0, "axis": "y", "origin": [1.5, 8, 8]},
			"faces": {
				"north": {"uv": [3, 3, 13, 4], "texture": "#0"},
				"south": {"uv": [3, 3, 13, 4], "texture": "#0", "cullface": "west"}
			}
		},
		{
			"from": [7, 21, 6.5],
			"to": [9, 24, 9.5],
			"rotation": {"angle": 0, "axis": "y", "origin": [1.5, 8, 8]},
			"faces": {
				"north": {"uv": [3, 14, 6, 16], "rotation": 270, "texture": "#0"},
				"south": {"uv": [3, 14, 6, 16], "rotation": 270, "texture": "#0", "cullface": "west"}
			}
		},
		{
			"from": [7, 26, 6.5],
			"to": [9, 29, 9.5],
			"rotation": {"angle": 0, "axis": "y", "origin": [1.5, 8, 8]},
			"faces": {
				"north": {"uv": [10, 14, 13, 16], "rotation": 270, "texture": "#0"},
				"south": {"uv": [10, 14, 13, 16], "rotation": 270, "texture": "#0", "cullface": "west"}
			}
		},
		{
			"from": [3, 24, 6.5],
			"to": [13, 26, 9.5],
			"rotation": {"angle": 0, "axis": "y", "origin": [1.5, 8, 8]},
			"faces": {
				"north": {"uv": [3, 14, 13, 16], "texture": "#0"},
				"south": {"uv": [3, 14, 13, 16], "texture": "#0", "cullface": "west"}
			}
		},
		{
			"from": [2, 18, 6.5],
			"to": [13, 21, 9.5],
			"rotation": {"angle": 0, "axis": "y", "origin": [1.5, 8, 8]},
			"faces": {
				"north": {"uv": [2, 9, 13, 12], "texture": "#0"},
				"south": {"uv": [3, 9, 14, 12], "texture": "#0", "cullface": "west"}
			}
		},
		{
			"from": [0, 18, 6.5],
			"to": [2, 21, 9.5],
			"rotation": {"angle": 0, "axis": "y", "origin": [1.5, 8, 8]},
			"faces": {
				"north": {"uv": [2, 13, 5, 15], "rotation": 90, "texture": "#0"},
				"south": {"uv": [2, 1, 5, 3], "rotation": 270, "texture": "#0", "cullface": "west"},
				"west": {"uv": [2, 0, 5, 3], "rotation": 270, "texture": "#0", "cullface": "north"}
			}
		},
		{
			"from": [0, 16, 6.5],
			"to": [3, 18, 9.5],
			"rotation": {"angle": 0, "axis": "y", "origin": [1.5, 8, 8]},
			"faces": {
				"north": {"uv": [13, 9, 15, 12], "rotation": 90, "texture": "#0"},
				"south": {"uv": [1, 1, 3, 4], "rotation": 270, "texture": "#0", "cullface": "west"},
				"west": {"uv": [0, 0, 2, 3], "rotation": 270, "texture": "#0", "cullface": "north"}
			}
		},
		{
			"from": [3, 16, 6.5],
			"to": [12, 18, 9.5],
			"rotation": {"angle": 0, "axis": "y", "origin": [1.5, 8, 8]},
			"faces": {
				"north": {"uv": [3, 12, 12, 14], "texture": "#0"},
				"south": {"uv": [3, 12, 12, 14], "texture": "#0", "cullface": "west"}
			}
		},
		{
			"from": [13, 16, 6.5],
			"to": [16, 17, 9.5],
			"rotation": {"angle": 0, "axis": "y", "origin": [1.5, 8, 8]},
			"faces": {
				"north": {"uv": [14, 13, 15, 16], "rotation": 90, "texture": "#0"},
				"east": {"uv": [15, 0, 16, 3], "rotation": 90, "texture": "#0", "cullface": "south"},
				"south": {"uv": [14, 13, 15, 16], "rotation": 270, "texture": "#0", "cullface": "west"}
			}
		},
		{
			"from": [13, 31, 6.5],
			"to": [16, 32, 9.5],
			"rotation": {"angle": 0, "axis": "y", "origin": [1.5, 8, 8]},
			"faces": {
				"north": {"uv": [1, 13, 2, 16], "rotation": 90, "texture": "#0"},
				"east": {"uv": [0, 0, 1, 3], "rotation": 90, "texture": "#0", "cullface": "south"},
				"south": {"uv": [1, 13, 2, 16], "rotation": 270, "texture": "#0", "cullface": "west"},
				"up": {"uv": [0, 0, 3, 3], "rotation": 180, "texture": "#0", "cullface": "up"}
			}
		},
		{
			"name": "hinge",
			"from": [0, 15, 6.49],
			"to": [1, 16, 9.51],
			"rotation": {"angle": 0, "axis": "y", "origin": [1.5, 8, 8]},
			"faces": {
				"north": {"uv": [0, 0, 1, 1], "texture": "#2"},
				"south": {"uv": [0, 0, 1, 1], "texture": "#2", "cullface": "west"}
			}
		},
		{
			"name": "hinge",
			"from": [0, 4, 6.49],
			"to": [1, 6, 9.51],
			"rotation": {"angle": 0, "axis": "y", "origin": [1.5, 8, 8]},
			"faces": {
				"north": {"uv": [0, 10, 1, 12], "texture": "#2"},
				"south": {"uv": [0, 10, 1, 12], "texture": "#2", "cullface": "west"}
			}
		},
		{
			"from": [2, 0, 6.5],
			"to": [15, 3, 9.5],
			"rotation": {"angle": 0, "axis": "y", "origin": [1.5, 8, 8]},
			"faces": {
				"north": {"uv": [1, 13, 14, 16], "texture": "#0"},
				"south": {"uv": [2, 13, 15, 16], "texture": "#0", "cullface": "west"},
				"down": {"uv": [1, 0, 14, 3], "rotation": 180, "texture": "#0", "cullface": "down"}
			}
		},
		{
			"from": [15, 0, 6.5],
			"to": [16, 3, 9.5],
			"rotation": {"angle": 0, "axis": "y", "origin": [1.5, 8, 8]},
			"faces": {
				"north": {"uv": [0, 15, 3, 16], "rotation": 90, "texture": "#0"},
				"east": {"uv": [13, 0, 16, 3], "rotation": 90, "texture": "#0", "cullface": "south"},
				"south": {"uv": [1, 15, 4, 16], "rotation": 90, "texture": "#0", "cullface": "west"},
				"down": {"uv": [0, 0, 1, 3], "rotation": 180, "texture": "#0", "cullface": "down"}
			}
		},
		{
			"from": [13, 3, 6.5],
			"to": [16, 16, 9.5],
			"rotation": {"angle": 0, "axis": "y", "origin": [1.5, 8, 8]},
			"faces": {
				"north": {"uv": [1, 13, 14, 16], "rotation": 90, "texture": "#0"},
				"east": {"uv": [0, 0, 13, 3], "rotation": 90, "texture": "#0", "cullface": "south"},
				"south": {"uv": [2, 13, 15, 16], "rotation": 270, "texture": "#0", "cullface": "west"}
			}
		},
		{
			"from": [0, 3, 6.5],
			"to": [3, 16, 9.5],
			"rotation": {"angle": 0, "axis": "y", "origin": [1.5, 8, 8]},
			"faces": {
				"north": {"uv": [1, 9, 14, 12], "rotation": 90, "texture": "#0"},
				"south": {"uv": [2, 1, 15, 4], "rotation": 270, "texture": "#0", "cullface": "west"},
				"west": {"uv": [3, 0, 16, 3], "rotation": 270, "texture": "#0", "cullface": "north"}
			}
		},
		{
			"from": [3, 3, 6.5],
			"to": [12, 7, 9.5],
			"rotation": {"angle": 0, "axis": "y", "origin": [1.5, 8, 8]},
			"faces": {
				"north": {"uv": [4, 8, 13, 12], "texture": "#0"},
				"south": {"uv": [3, 8, 12, 12], "texture": "#0", "cullface": "west"}
			}
		},
		{
			"from": [3, 7, 6.5],
			"to": [12, 11, 9.5],
			"rotation": {"angle": 0, "axis": "y", "origin": [1.5, 8, 8]},
			"faces": {
				"north": {"uv": [4, 4, 13, 8], "texture": "#0"},
				"south": {"uv": [3, 4, 12, 8], "texture": "#0", "cullface": "west"}
			}
		},
		{
			"from": [3, 11, 6.5],
			"to": [12, 15, 9.5],
			"rotation": {"angle": 0, "axis": "y", "origin": [1.5, 8, 8]},
			"faces": {
				"north": {"uv": [4, 8, 13, 12], "texture": "#0"},
				"south": {"uv": [3, 8, 12, 12], "texture": "#0", "cullface": "west"}
			}
		},
		{
			"from": [12, 3, 6.5],
			"to": [13, 16, 9.5],
			"rotation": {"angle": 0, "axis": "y", "origin": [1.5, 8, 8]},
			"faces": {
				"north": {"uv": [1, 7, 14, 8], "rotation": 90, "texture": "#0"},
				"south": {"uv": [2, 11, 15, 12], "rotation": 270, "texture": "#0", "cullface": "west"}
			}
		},
		{
			"from": [3, 15, 6.5],
			"to": [12, 16, 9.5],
			"rotation": {"angle": 0, "axis": "y", "origin": [1.5, 8, 8]},
			"faces": {
				"north": {"uv": [4, 3, 13, 4], "texture": "#0"},
				"south": {"uv": [3, 3, 12, 4], "texture": "#0", "cullface": "west"}
			}
		},
		{
			"from": [0, 0, 6.5],
			"to": [2, 3, 9.5],
			"rotation": {"angle": 0, "axis": "y", "origin": [1.5, 8, 8]},
			"faces": {
				"north": {"uv": [13, 13, 15, 16], "texture": "#0"},
				"south": {"uv": [1, 13, 3, 16], "texture": "#0", "cullface": "west"},
				"west": {"uv": [0, 0, 3, 3], "rotation": 270, "texture": "#0", "cullface": "north"},
				"down": {"uv": [14, 0, 16, 3], "rotation": 180, "texture": "#0", "cullface": "down"}
			}
		}
	],
	"display": {
		"thirdperson_righthand": {
			"rotation": [75, 45, 0],
			"translation": [0.5, 0.75, 0],
			"scale": [0.25, 0.25, 0.25]
		},
		"thirdperson_lefthand": {
			"rotation": [75, 45, 0],
			"translation": [0.5, 0.75, 0],
			"scale": [0.25, 0.25, 0.25]
		},
		"firstperson_righthand": {
			"rotation": [0, 135, 0],
			"scale": [0.35, 0.35, 0.35]
		},
		"firstperson_lefthand": {
			"rotation": [0, 135, 0],
			"scale": [0.35, 0.35, 0.35]
		},
		"ground": {
			"translation": [0, 3, 0],
			"scale": [0.25, 0.25, 0.25]
		},
		"gui": {
			"rotation": [30, 225, 0],
			"translation": [0, -3, 0],
			"scale": [0.45, 0.45, 0.45]
		},
		"head": {
			"rotation": [0, 180, 0],
			"translation": [0, 1.5, -5.5]
		},
		"fixed": {
			"translation": [0, -4, 0],
			"scale": [0.5, 0.5, 0.5]
		}
	},
	"groups": [
		{
			"name": "decor",
			"origin": [8, 8, 8],
			"color": 0,
			"children": [0, 1, 2, 3]
		},
		{
			"name": "main",
			"origin": [1.5, 8, 8],
			"color": 0,
			"children": [4, 5, 6, 7, 8, 9, 10, 11, 12, 13, 14, 15, 16, 17]
		},
		{
			"name": "decor",
			"origin": [8, 8, 8],
			"color": 0,
			"children": [18, 19]
		},
		{
			"name": "main",
			"origin": [0, 0, 0],
			"color": 0,
			"children": [20, 21, 22, 23, 24, 25, 26, 27, 28, 29]
		}
	]
}