{
	"credit": "Made with Blockbench",
	"ambientocclusion": false,
	"textures": {
		"0": "block/oak_planks",
		"1": "block/jungle_door_bottom",
		"2": "block/jungle_door_top",
		"particle": "block/oak_planks"
	},
	"elements": [
		{
			"from": [0, 16, 6.5],
			"to": [16, 20, 9.5],
			"rotation": {"angle": 0, "axis": "y", "origin": [1.5, 8, 8]},
			"faces": {
				"north": {"uv": [0, 12, 16, 16], "texture": "#0", "cullface": "west"},
				"east": {"uv": [13, 12, 16, 16], "texture": "#0", "cullface": "north"},
				"south": {"uv": [0, 12, 16, 16], "texture": "#0"},
				"west": {"uv": [0, 12, 3, 16], "texture": "#0", "cullface": "south"}
			}
		},
		{
			"from": [0, 20, 6.5],
			"to": [4, 32, 9.5],
			"rotation": {"angle": 0, "axis": "y", "origin": [1.5, 8, 8]},
			"faces": {
				"north": {"uv": [12, 0, 16, 12], "texture": "#0", "cullface": "west"},
				"south": {"uv": [0, 0, 4, 12], "texture": "#0"},
				"west": {"uv": [0, 0, 3, 12], "texture": "#0", "cullface": "south"},
				"up": {"uv": [0, 0, 4, 3], "texture": "#0", "cullface": "up"}
			}
		},
		{
			"from": [12, 20, 6.5],
			"to": [16, 32, 9.5],
			"rotation": {"angle": 0, "axis": "y", "origin": [1.5, 8, 8]},
			"faces": {
				"north": {"uv": [0, 0, 4, 12], "texture": "#0", "cullface": "west"},
				"east": {"uv": [13, 0, 16, 12], "texture": "#0", "cullface": "north"},
				"south": {"uv": [12, 0, 16, 12], "texture": "#0"},
				"up": {"uv": [12, 0, 16, 3], "texture": "#0", "cullface": "up"}
			}
		},
		{
			"from": [4, 29, 6.5],
			"to": [12, 32, 9.5],
			"rotation": {"angle": 0, "axis": "y", "origin": [1.5, 8, 8]},
			"faces": {
				"north": {"uv": [4, 0, 12, 3], "texture": "#0"},
				"south": {"uv": [4, 0, 12, 3], "texture": "#0"},
				"up": {"uv": [4, 0, 12, 3], "texture": "#0", "cullface": "up"}
			}
		},
		{
			"from": [4, 22, 6.5],
			"to": [12, 24, 9.5],
			"rotation": {"angle": 0, "axis": "y", "origin": [1.5, 8, 8]},
			"faces": {
				"north": {"uv": [4, 8, 12, 10], "texture": "#0", "cullface": "west"},
				"south": {"uv": [4, 8, 12, 10], "texture": "#0"}
			}
		},
		{
			"from": [10, 20, 6.5],
			"to": [12, 22, 9.5],
			"rotation": {"angle": 0, "axis": "y", "origin": [1.5, 8, 8]},
			"faces": {
				"north": {"uv": [4, 10, 6, 12], "texture": "#0", "cullface": "west"},
				"south": {"uv": [10, 10, 12, 12], "texture": "#0"}
			}
		},
		{
			"from": [4, 20, 6.5],
			"to": [6, 22, 9.5],
			"rotation": {"angle": 0, "axis": "y", "origin": [1.5, 8, 8]},
			"faces": {
				"north": {"uv": [10, 10, 12, 12], "texture": "#0", "cullface": "west"},
				"south": {"uv": [4, 10, 6, 12], "texture": "#0"}
			}
		},
		{
			"from": [9, 28, 6.5],
			"to": [12, 29, 9.5],
			"rotation": {"angle": 0, "axis": "y", "origin": [1.5, 8, 8]},
			"faces": {
				"north": {"uv": [4, 3, 7, 4], "texture": "#0", "cullface": "west"},
				"south": {"uv": [9, 3, 12, 4], "texture": "#0"}
			}
		},
		{
			"from": [4, 28, 6.5],
			"to": [7, 29, 9.5],
			"rotation": {"angle": 0, "axis": "y", "origin": [1.5, 8, 8]},
			"faces": {
				"north": {"uv": [9, 3, 12, 4], "texture": "#0", "cullface": "west"},
				"south": {"uv": [4, 3, 7, 4], "texture": "#0"}
			}
		},
		{
			"from": [9, 20, 6.5],
			"to": [10, 21, 9.5],
			"rotation": {"angle": 0, "axis": "y", "origin": [1.5, 8, 8]},
			"faces": {
				"north": {"uv": [6, 11, 7, 12], "texture": "#0", "cullface": "west"},
				"south": {"uv": [9, 11, 10, 12], "texture": "#0"}
			}
		},
		{
			"from": [6, 20, 6.5],
			"to": [7, 21, 9.5],
			"rotation": {"angle": 0, "axis": "y", "origin": [1.5, 8, 8]},
			"faces": {
				"north": {"uv": [9, 11, 10, 12], "texture": "#0", "cullface": "west"},
				"south": {"uv": [6, 11, 7, 12], "texture": "#0"}
			}
		},
		{
			"from": [11, 27, 6.5],
			"to": [12, 28, 9.5],
			"rotation": {"angle": 0, "axis": "y", "origin": [1.5, 8, 8]},
			"faces": {
				"north": {"uv": [4, 4, 5, 5], "texture": "#0", "cullface": "west"},
				"south": {"uv": [11, 4, 12, 5], "texture": "#0"}
			}
		},
		{
			"from": [4, 27, 6.5],
			"to": [5, 28, 9.5],
			"rotation": {"angle": 0, "axis": "y", "origin": [1.5, 8, 8]},
			"faces": {
				"north": {"uv": [10, 4, 11, 5], "texture": "#0", "cullface": "west"},
				"south": {"uv": [4, 4, 5, 5], "texture": "#0"}
			}
		},
		{
			"from": [9, 24, 6.5],
			"to": [10, 28, 9.5],
			"rotation": {"angle": 0, "axis": "y", "origin": [1.5, 8, 8]},
			"faces": {
				"north": {"uv": [6, 4, 7, 8], "texture": "#0", "cullface": "west"},
				"south": {"uv": [9, 4, 10, 8], "texture": "#0"}
			}
		},
		{
			"from": [6, 24, 6.5],
			"to": [7, 28, 9.5],
			"rotation": {"angle": 0, "axis": "y", "origin": [1.5, 8, 8]},
			"faces": {
				"north": {"uv": [9, 4, 10, 8], "texture": "#0", "cullface": "west"},
				"south": {"uv": [6, 4, 7, 8], "texture": "#0"}
			}
		},
		{
			"name": "door_handle",
			"from": [1, 17, 6.49],
			"to": [4, 18, 9.51],
			"rotation": {"angle": 0, "axis": "y", "origin": [1.5, 8, 8]},
			"faces": {
				"north": {"uv": [11, 14, 14, 15], "texture": "#2"},
				"south": {"uv": [11, 14, 14, 15], "rotation": 180, "texture": "#2"}
			}
		},
		{
			"name": "door_handle",
			"from": [3, 16, 6.49],
			"to": [4, 17, 9.51],
			"rotation": {"angle": 0, "axis": "y", "origin": [1.5, 8, 8]},
			"faces": {
				"north": {"uv": [11, 15, 12, 16], "texture": "#2"},
				"south": {"uv": [11, 15, 12, 16], "texture": "#2"}
			}
		},
		{
			"name": "hinge",
			"from": [15, 16, 6.49],
			"to": [16, 17, 9.51],
			"rotation": {"angle": 0, "axis": "y", "origin": [1.5, 8, 8]},
			"faces": {
				"north": {"uv": [0, 15, 1, 16], "texture": "#2"},
				"south": {"uv": [0, 15, 1, 16], "texture": "#2"}
			}
		},
		{
			"name": "hinge",
			"from": [15, 26, 6.49],
			"to": [16, 28, 9.51],
			"rotation": {"angle": 0, "axis": "y", "origin": [1.5, 8, 8]},
			"faces": {
				"north": {"uv": [0, 4, 1, 6], "texture": "#2"},
				"south": {"uv": [0, 4, 1, 6], "texture": "#2"}
			}
		},
		{
			"name": "main",
			"from": [0, 0, 6.5],
			"to": [16, 16, 9.5],
			"rotation": {"angle": 0, "axis": "y", "origin": [1.5, 8, 8]},
			"faces": {
				"north": {"uv": [0, 0, 16, 16], "texture": "#0", "cullface": "west"},
				"east": {"uv": [13, 0, 16, 16], "texture": "#0", "cullface": "north"},
				"south": {"uv": [0, 0, 16, 16], "texture": "#0"},
				"west": {"uv": [0, 0, 3, 16], "texture": "#0", "cullface": "south"},
				"down": {"uv": [0, 12, 16, 15], "rotation": 180, "texture": "#0", "cullface": "down"}
			}
		},
		{
			"name": "hinge",
			"from": [15, 15, 6.49],
			"to": [16, 16, 9.51],
			"rotation": {"angle": 0, "axis": "y", "origin": [1.5, 8, 8]},
			"faces": {
				"north": {"uv": [0, 0, 1, 1], "texture": "#1"},
				"south": {"uv": [0, 0, 1, 1], "texture": "#1"}
			}
		},
		{
			"name": "hinge",
			"from": [15, 5, 6.49],
			"to": [16, 7, 9.51],
			"rotation": {"angle": 0, "axis": "y", "origin": [1.5, 8, 8]},
			"faces": {
				"north": {"uv": [0, 9, 1, 11], "texture": "#1"},
				"south": {"uv": [0, 9, 1, 11], "texture": "#1"}
			}
		}
	],
	"gui_light": "front",
	"display": {
		"thirdperson_righthand": {
			"translation": [0, 0, 1],
			"scale": [0.22, 0.22, 0.22]
		},
		"thirdperson_lefthand": {
			"translation": [0, 0, 1],
			"scale": [0.22, 0.22, 0.22]
		},
		"firstperson_righthand": {
			"rotation": [0, -90, 25],
			"translation": [1.25, -0.5, 1],
			"scale": [0.34, 0.34, 0.34]
		},
		"firstperson_lefthand": {
			"rotation": [0, -90, 25],
			"translation": [1.25, -0.5, 1],
			"scale": [0.34, 0.34, 0.34]
		},
		"ground": {
			"translation": [0, 3, 0],
			"scale": [0.25, 0.25, 0.25]
		},
		"gui": {
			"translation": [0, -3.5, 0],
			"scale": [0.45, 0.45, 0.45]
		},
		"head": {
			"rotation": [0, 180, 0],
			"translation": [0, 1.5, -5.5]
		},
		"fixed": {
			"translation": [0, -4, 0],
			"scale": [0.5, 0.5, 0.5]
		}
	},
	"groups": [
		{
			"name": "main",
			"origin": [0, 0, 0],
			"color": 0,
			"children": [0, 1, 2, 3, 4, 5, 6, 7, 8, 9, 10, 11, 12, 13, 14]
		},
		{
			"name": "decor",
			"origin": [8, 8, 8],
			"color": 0,
			"children": [15, 16, 17, 18]
		},
		19,
		{
			"name": "decor",
			"origin": [8, 8, 8],
			"color": 0,
			"children": [20, 21]
		}
	]
}