{
	"credit": "Made with Blockbench",
	"ambientocclusion": false,
	"textures": {
		"0": "block/oak_planks",
		"1": "block/spruce_door_bottom",
		"2": "block/spruce_door_top",
		"particle": "block/oak_planks"
	},
	"elements": [
		{
			"name": "top",
			"from": [0, 28, 6.5],
			"to": [16, 32, 9.5],
			"rotation": {"angle": 0, "axis": "y", "origin": [8, 22, 8]},
			"faces": {
				"north": {"uv": [0, 0, 16, 4], "texture": "#0", "cullface": "west"},
				"east": {"uv": [13, 0, 16, 4], "texture": "#0", "cullface": "north"},
				"south": {"uv": [0, 0, 16, 4], "texture": "#0"},
				"west": {"uv": [0, 0, 3, 4], "texture": "#0", "cullface": "south"},
				"up": {"uv": [0, 0, 16, 3], "rotation": 180, "texture": "#0", "cullface": "up"}
			}
		},
		{
			"name": "main",
			"from": [0, 18, 6.5],
			"to": [16, 28, 9.5],
			"rotation": {"angle": 0, "axis": "y", "origin": [8, 10, 8]},
			"faces": {
				"north": {"uv": [2, 0, 12, 16], "rotation": 90, "texture": "#0", "cullface": "west"},
				"east": {"uv": [2, 0, 12, 3], "rotation": 90, "texture": "#0", "cullface": "north"},
				"south": {"uv": [2, 0, 12, 16], "rotation": 270, "texture": "#0"},
				"west": {"uv": [2, 3, 12, 0], "rotation": 90, "texture": "#0", "cullface": "south"}
			}
		},
		{
			"name": "bottom",
			"from": [0, 16, 6.5],
			"to": [16, 18, 9.5],
			"rotation": {"angle": 0, "axis": "y", "origin": [8, 8, 8]},
			"faces": {
				"north": {"uv": [0, 3, 16, 5], "texture": "#0", "cullface": "west"},
				"east": {"uv": [13, 3, 16, 5], "texture": "#0", "cullface": "north"},
				"south": {"uv": [0, 3, 16, 5], "texture": "#0"},
				"west": {"uv": [0, 3, 3, 5], "texture": "#0", "cullface": "south"}
			}
		},
		{
			"name": "door_handle",
			"from": [2, 17, 6.49],
			"to": [4, 18, 9.51],
			"rotation": {"angle": 0, "axis": "y", "origin": [8, 22, 8]},
			"faces": {
				"north": {"uv": [11, 0, 13, 1], "rotation": 180, "texture": "#1"},
				"south": {"uv": [11, 0, 13, 1], "texture": "#1"}
			}
		},
		{
			"name": "door_handle",
			"from": [4, 16, 6.49],
			"to": [5, 17, 9.51],
			"rotation": {"angle": 0, "axis": "y", "origin": [8, 22, 8]},
			"faces": {
				"north": {"uv": [13, 1, 14, 2], "texture": "#1"},
				"south": {"uv": [13, 1, 14, 2], "texture": "#1"}
			}
		},
		{
			"name": "door_handle",
			"from": [1, 16, 6.49],
			"to": [2, 17, 9.51],
			"rotation": {"angle": 0, "axis": "y", "origin": [8, 22, 8]},
			"faces": {
				"north": {"uv": [10, 1, 11, 2], "texture": "#1"},
				"south": {"uv": [10, 1, 11, 2], "texture": "#1"}
			}
		},
		{
			"name": "hinge",
			"from": [15, 16, 6.49],
			"to": [16, 17, 9.51],
			"rotation": {"angle": 0, "axis": "y", "origin": [8, 22, 8]},
			"faces": {
				"north": {"uv": [0, 15, 1, 16], "texture": "#2"},
				"south": {"uv": [0, 15, 1, 16], "texture": "#2"}
			}
		},
		{
			"name": "hinge",
			"from": [15, 26, 6.49],
			"to": [16, 28, 9.51],
			"rotation": {"angle": 0, "axis": "y", "origin": [8, 22, 8]},
			"faces": {
				"north": {"uv": [0, 4, 1, 6], "texture": "#2"},
				"south": {"uv": [0, 4, 1, 6], "texture": "#2"}
			}
		},
		{
			"name": "top",
			"from": [0, 14, 6.5],
			"to": [16, 16, 9.5],
			"rotation": {"angle": 0, "axis": "y", "origin": [8, 8, 8]},
			"faces": {
				"north": {"uv": [0, 6, 16, 8], "texture": "#0", "cullface": "west"},
				"east": {"uv": [13, 6, 16, 8], "texture": "#0", "cullface": "north"},
				"south": {"uv": [0, 6, 16, 8], "texture": "#0"},
				"west": {"uv": [0, 6, 3, 8], "texture": "#0", "cullface": "south"}
			}
		},
		{
			"name": "main",
			"from": [0, 4, 6.5],
			"to": [16, 14, 9.5],
			"rotation": {"angle": 0, "axis": "y", "origin": [8, 10, 8]},
			"faces": {
				"north": {"uv": [4, 0, 14, 16], "rotation": 90, "texture": "#0", "cullface": "west"},
				"east": {"uv": [4, 0, 14, 3], "rotation": 90, "texture": "#0", "cullface": "north"},
				"south": {"uv": [4, 0, 14, 16], "rotation": 270, "texture": "#0"},
				"west": {"uv": [4, 3, 14, 0], "rotation": 90, "texture": "#0", "cullface": "south"}
			}
		},
		{
			"name": "bottom",
			"from": [0, 0, 6.5],
			"to": [16, 4, 9.5],
			"rotation": {"angle": 0, "axis": "y", "origin": [8, 22, 8]},
			"faces": {
				"north": {"uv": [0, 12, 16, 16], "texture": "#0", "cullface": "west"},
				"east": {"uv": [13, 12, 16, 16], "texture": "#0", "cullface": "north"},
				"south": {"uv": [0, 12, 16, 16], "texture": "#0"},
				"west": {"uv": [0, 12, 3, 16], "texture": "#0", "cullface": "south"},
				"down": {"uv": [0, 0, 16, 3], "texture": "#0", "cullface": "down"}
			}
		},
		{
			"name": "door_handle",
			"from": [2, 14, 6.49],
			"to": [4, 15, 9.51],
			"rotation": {"angle": 0, "axis": "y", "origin": [8, 22, 8]},
			"faces": {
				"north": {"uv": [11, 3, 13, 4], "rotation": 180, "texture": "#1"},
				"south": {"uv": [11, 3, 13, 4], "texture": "#1"}
			}
		},
		{
			"name": "door_handle",
			"from": [4, 15, 6.49],
			"to": [5, 16, 9.51],
			"rotation": {"angle": 0, "axis": "y", "origin": [8, 22, 8]},
			"faces": {
				"north": {"uv": [13, 2, 14, 3], "texture": "#1"},
				"south": {"uv": [13, 2, 14, 3], "texture": "#1"}
			}
		},
		{
			"name": "door_handle",
			"from": [1, 15, 6.49],
			"to": [2, 16, 9.51],
			"rotation": {"angle": 0, "axis": "y", "origin": [8, 22, 8]},
			"faces": {
				"north": {"uv": [10, 2, 11, 3], "texture": "#1"},
				"south": {"uv": [10, 2, 11, 3], "texture": "#1"}
			}
		},
		{
			"name": "hinge",
			"from": [15, 15, 6.49],
			"to": [16, 16, 9.51],
			"rotation": {"angle": 0, "axis": "y", "origin": [8, 22, 8]},
			"faces": {
				"north": {"uv": [0, 0, 1, 1], "texture": "#1"},
				"south": {"uv": [0, 0, 1, 1], "texture": "#1"}
			}
		},
		{
			"name": "hinge",
			"from": [15, 3, 6.49],
			"to": [16, 5, 9.51],
			"rotation": {"angle": 0, "axis": "y", "origin": [8, 22, 8]},
			"faces": {
				"north": {"uv": [0, 10, 1, 12], "texture": "#1"},
				"south": {"uv": [0, 10, 1, 12], "texture": "#1"}
			}
		}
	],
	"gui_light": "front",
	"display": {
		"thirdperson_righthand": {
			"translation": [0, 0, 1],
			"scale": [0.22, 0.22, 0.22]
		},
		"thirdperson_lefthand": {
			"translation": [0, 0, 1],
			"scale": [0.22, 0.22, 0.22]
		},
		"firstperson_righthand": {
			"rotation": [0, -90, 25],
			"translation": [1.25, -0.5, 1],
			"scale": [0.34, 0.34, 0.34]
		},
		"firstperson_lefthand": {
			"rotation": [0, -90, 25],
			"translation": [1.25, -0.5, 1],
			"scale": [0.34, 0.34, 0.34]
		},
		"ground": {
			"translation": [0, 3, 0],
			"scale": [0.25, 0.25, 0.25]
		},
		"gui": {
			"translation": [0, -3.5, 0],
			"scale": [0.45, 0.45, 0.45]
		},
		"head": {
			"rotation": [0, 180, 0],
			"translation": [0, 1.5, -5.5]
		},
		"fixed": {
			"translation": [0, -4, 0],
			"scale": [0.5, 0.5, 0.5]
		}
	},
	"groups": [
		0,
		1,
		2,
		{
			"name": "decor",
			"origin": [8, 8, 8],
			"color": 0,
			"children": [3, 4, 5, 6, 7]
		},
		8,
		9,
		10,
		{
			"name": "decor",
			"origin": [8, 8, 8],
			"color": 0,
			"children": [11, 12, 13, 14, 15]
		}
	]
}