{
	"credit": "Made with Blockbench",
	"ambientocclusion": false,
	"render_type": "cutout",
	"textures": {
		"particle": "block/clay",
		"clay": "block/clay",
		"planks": "block/oak_planks"
	},
	"elements": [
		{
			"name": "support_panel",
			"from": [0, 0, 0],
			"to": [16, 2, 16],
			"rotation": {"angle": 0, "axis": "y", "origin": [8, 8, 8]},
			"faces": {
				"north": {"uv": [0, 14, 16, 16], "texture": "#planks", "cullface": "north"},
				"east": {"uv": [0, 14, 16, 16], "texture": "#planks", "cullface": "east"},
				"south": {"uv": [0, 14, 16, 16], "texture": "#planks", "cullface": "south"},
				"west": {"uv": [0, 14, 16, 16], "texture": "#planks", "cullface": "west"},
				"up": {"uv": [0, 0, 16, 16], "texture": "#planks"},
				"down": {"uv": [0, 0, 16, 16], "texture": "#planks", "cullface": "down"}
			}
		},
		{
			"name": "back_panel",
			"from": [14, 2, 0],
			"to": [16, 14, 16],
			"rotation": {"angle": 0, "axis": "y", "origin": [8, 8, 8]},
			"faces": {
				"north": {"uv": [0, 2, 2, 14], "texture": "#planks", "cullface": "north"},
				"east": {"uv": [0, 2, 16, 14], "texture": "#planks", "cullface": "east"},
				"south": {"uv": [14, 2, 16, 14], "texture": "#planks", "cullface": "south"},
				"west": {"uv": [0, 2, 16, 14], "texture": "#planks"}
			}
		},
		{
			"name": "timber_filler5",
			"from": [9, 10, 1],
			"to": [14, 12, 15],
			"rotation": {"angle": 0, "axis": "y", "origin": [8, 8, 8]},
			"faces": {
				"north": {"uv": [2, 4, 7, 6], "texture": "#planks"},
				"south": {"uv": [9, 4, 14, 6], "texture": "#planks"}
			}
		},
		{
			"name": "timber_filler4",
			"from": [7, 8, 1],
			"to": [14, 10, 15],
			"rotation": {"angle": 0, "axis": "y", "origin": [8, 8, 8]},
			"faces": {
				"north": {"uv": [2, 6, 9, 8], "texture": "#planks"},
				"south": {"uv": [7, 6, 14, 8], "texture": "#planks"}
			}
		},
		{
			"name": "timber_filler3",
			"from": [3, 7, 1],
			"to": [14, 8, 15],
			"rotation": {"angle": 0, "axis": "y", "origin": [8, 8, 8]},
			"faces": {
				"north": {"uv": [2, 8, 13, 9], "texture": "#planks"},
				"south": {"uv": [3, 8, 14, 9], "texture": "#planks"}
			}
		},
		{
			"name": "timber_filler1",
			"from": [2, 2, 1],
			"to": [14, 7, 15],
			"rotation": {"angle": 0, "axis": "y", "origin": [8, 8, 8]},
			"faces": {
				"north": {"uv": [2, 9, 14, 14], "texture": "#planks"},
				"south": {"uv": [3, 9, 15, 14], "texture": "#planks"}
			}
		},
		{
			"name": "timber_rafter",
			"from": [0, 2, -0.01],
			"to": [2, 7, 16.01],
			"faces": {
				"north": {"uv": [14, 14, 16, 9], "texture": "#planks", "cullface": "north"},
				"east": {"uv": [0, 14, 16, 9], "texture": "#planks"},
				"south": {"uv": [0, 14, 2, 9], "texture": "#planks", "cullface": "south"},
				"west": {"uv": [0, 9, 16, 14], "texture": "#planks", "cullface": "west"}
			}
		},
		{
			"name": "timber_brace",
			"from": [9.00394, -0.97901, 0.07698],
			"to": [11.00394, 9.02099, 15.97698],
			"rotation": {"angle": 45, "axis": "z", "origin": [8.86, 5.43024, 15.12698]},
			"faces": {
				"north": {"uv": [0, 4, 2, 14], "texture": "#planks", "cullface": "north"},
				"east": {"uv": [0, 4, 16, 14], "texture": "#planks"},
				"south": {"uv": [0, 4, 2, 14], "texture": "#planks", "cullface": "south"},
				"west": {"uv": [0, 4, 16, 14], "texture": "#planks"}
			}
		},
		{
			"name": "batten_up_NX",
			"from": [14.75842, 7.65, -4],
			"to": [16.70842, 8.625, 1],
			"rotation": {"angle": 22.5, "axis": "z", "origin": [8.86, 5.43024, 15.12698]},
			"faces": {
				"north": {"uv": [1.95, 0, 0, 0.975], "texture": "#planks", "cullface": "north"},
				"east": {"uv": [5, 0, 0, 0.975], "texture": "#planks", "cullface": "north"},
				"west": {"uv": [16, 0, 11, 0.975], "texture": "#planks", "cullface": "north"},
				"down": {"uv": [5, 1, 0, 2.95], "rotation": 90, "texture": "#planks", "cullface": "north"}
			}
		},
		{
			"name": "batten_up_SX",
			"from": [14.75842, 7.65, 15],
			"to": [16.70842, 8.625, 20],
			"rotation": {"angle": 22.5, "axis": "z", "origin": [8.86, 5.43024, 15.12698]},
			"faces": {
				"east": {"uv": [5, 0, 0, 0.975], "texture": "#planks", "cullface": "east"},
				"south": {"uv": [1.95, 0, 0, 0.975], "texture": "#planks", "cullface": "south"},
				"west": {"uv": [16, 0, 11, 0.975], "texture": "#planks", "cullface": "west"},
				"down": {"uv": [5, 1, 0, 2.95], "rotation": 90, "texture": "#planks", "cullface": "down"}
			}
		},
		{
			"name": "batten_middle_NX",
			"from": [5.7901, 7.65, -4],
			"to": [7.7401, 8.625, 1],
			"rotation": {"angle": 22.5, "axis": "z", "origin": [8.86, 5.43024, 15.12698]},
			"faces": {
				"north": {"uv": [1.95, 0, 0, 0.975], "texture": "#planks", "cullface": "north"},
				"east": {"uv": [5, 4, 0, 4.975], "texture": "#planks", "cullface": "north"},
				"west": {"uv": [16, 0, 11, 0.975], "texture": "#planks", "cullface": "north"},
				"down": {"uv": [5, 5, 0, 6.95], "rotation": 90, "texture": "#planks", "cullface": "north"}
			}
		},
		{
			"name": "batten_middle_SX",
			"from": [5.7901, 7.65, 15],
			"to": [7.7401, 8.625, 20],
			"rotation": {"angle": 22.5, "axis": "z", "origin": [8.86, 5.43024, 15.12698]},
			"faces": {
				"east": {"uv": [5, 4, 0, 4.975], "texture": "#planks", "cullface": "east"},
				"south": {"uv": [1.95, 0, 0, 0.975], "texture": "#planks", "cullface": "south"},
				"west": {"uv": [16, 0, 11, 0.975], "texture": "#planks", "cullface": "west"},
				"down": {"uv": [5, 5, 0, 6.95], "rotation": 90, "texture": "#planks", "cullface": "down"}
			}
		},
		{
			"name": "shingle_up",
			"from": [8, 12.63, 0],
			"to": [17, 15.65, 16],
			"rotation": {"angle": 22.5, "axis": "z", "origin": [18, 12, 8]},
			"faces": {
				"north": {"uv": [13, 7, 16, 16], "rotation": 90, "texture": "#clay"},
				"east": {"uv": [13, 0, 16, 16], "rotation": 270, "texture": "#clay"},
				"south": {"uv": [0, 7, 3, 16], "rotation": 90, "texture": "#clay"},
				"up": {"uv": [2, 0, 11, 16], "texture": "#clay"},
				"down": {"uv": [2, 0, 11, 16], "texture": "#clay"}
			}
		},
		{
			"name": "shingle_up_NX",
			"from": [8.08, 12.63, -4],
			"to": [16.98, 15.63, 0],
			"rotation": {"angle": 22.5, "axis": "z", "origin": [18, 12, -12]},
			"faces": {
				"north": {"uv": [11, 4, 2, 7], "texture": "#clay"},
				"east": {"uv": [13, 0, 16, 4], "rotation": 270, "texture": "#clay"},
				"south": {"uv": [0, 2, 3, 11], "rotation": 270, "texture": "#clay"},
				"west": {"uv": [12, 0, 16, 3], "texture": "#clay"},
				"up": {"uv": [2, 12, 11, 16], "texture": "#clay"},
				"down": {"uv": [2, 12, 11, 16], "texture": "#clay"}
			}
		},
		{
			"name": "shingle_up_SX",
			"from": [8.08, 12.63, 16],
			"to": [16.98, 15.63, 20],
			"rotation": {"angle": 22.5, "axis": "z", "origin": [18, 12, 8]},
			"faces": {
				"north": {"uv": [13, 2, 16, 11], "rotation": 90, "texture": "#clay"},
				"east": {"uv": [13, 12, 16, 16], "rotation": 270, "texture": "#clay"},
				"south": {"uv": [2, 4, 11, 7], "texture": "#clay"},
				"up": {"uv": [2, 0, 11, 4], "texture": "#clay"},
				"down": {"uv": [2, 0, 11, 4], "texture": "#clay"}
			}
		},
		{
			"name": "shingle_middle_NX",
			"from": [0.7, 10.18, -4],
			"to": [9.73, 13.18, 0],
			"rotation": {"angle": 22.5, "axis": "z", "origin": [12.66667, 6.6667, -12]},
			"faces": {
				"north": {"uv": [9, 8, 0, 11], "texture": "#clay"},
				"east": {"uv": [0, 0, 4, 3], "texture": "#clay"},
				"south": {"uv": [0, 7, 3, 16], "rotation": 90, "texture": "#clay"},
				"west": {"uv": [13, 12, 16, 16], "rotation": 270, "texture": "#clay"},
				"up": {"uv": [0, 12, 9, 16], "texture": "#clay"},
				"down": {"uv": [0, 12, 9, 16], "texture": "#clay"}
			}
		},
		{
			"name": "shingle_middle_SX",
			"from": [0.7, 10.18, 16],
			"to": [9.73, 13.18, 20],
			"rotation": {"angle": 22.5, "axis": "z", "origin": [12.66667, 6.6667, 8]},
			"faces": {
				"north": {"uv": [13, 7, 16, 16], "rotation": 90, "texture": "#clay"},
				"south": {"uv": [0, 8, 9, 11], "texture": "#clay"},
				"west": {"uv": [13, 0, 16, 4], "rotation": 270, "texture": "#clay"},
				"up": {"uv": [0, 0, 9, 4], "texture": "#clay"},
				"down": {"uv": [0, 0, 9, 4], "texture": "#clay"}
			}
		},
		{
			"name": "shingle_middle",
			"from": [0.64, 10.18, -0.02],
			"to": [9.64, 13.2, 16.02],
			"rotation": {"angle": 22.5, "axis": "z", "origin": [12.66667, 6.6667, 8]},
			"faces": {
				"north": {"uv": [0, 7, 2.89, 16], "rotation": 90, "texture": "#clay"},
				"south": {"uv": [13.11, 7, 16, 16], "rotation": 90, "texture": "#clay"},
				"west": {"uv": [13, 0, 16, 16], "rotation": 270, "texture": "#clay"},
				"up": {"uv": [0, 0, 9, 16], "texture": "#clay"},
				"down": {"uv": [0, 0, 9, 16], "texture": "#clay"}
			}
		}
	],
	"display": {
		"thirdperson_righthand": {
			"rotation": [75, -135, 0],
			"translation": [0, 2.5, 0],
			"scale": [0.375, 0.375, 0.375]
		},
		"thirdperson_lefthand": {
			"rotation": [75, 45, 0],
			"translation": [0, 2.5, 0],
			"scale": [0.375, 0.375, 0.375]
		},
		"firstperson_righthand": {
			"rotation": [0, 135, 0],
			"translation": [0, 2, 0],
			"scale": [0.4, 0.4, 0.4]
		},
		"firstperson_lefthand": {
			"rotation": [0, -45, 0],
			"translation": [0, 2, 0],
			"scale": [0.4, 0.4, 0.4]
		},
		"ground": {
			"translation": [0, 3, 0],
			"scale": [0.25, 0.25, 0.25]
		},
		"gui": {
			"rotation": [30, 145, 0],
			"scale": [0.54, 0.54, 0.54]
		},
		"head": {
			"rotation": [0, -90, 0]
		},
		"fixed": {
			"scale": [0.5, 0.5, 0.5]
		}
	}
}