{
	"credit": "Made with Blockbench",
	"ambientocclusion": false,
	"render_type": "cutout",
	"textures": {
		"particle": "block/clay",
		"clay": "block/clay",
		"planks": "block/oak_planks"
	},
	"elements": [
		{
			"name": "support_panel",
			"from": [3, 0, 0],
			"to": [16, 2, 16],
			"rotation": {"angle": 0, "axis": "y", "origin": [8, 8, 8]},
			"faces": {
				"north": {"uv": [0, 14, 13, 16], "texture": "#planks", "cullface": "north"},
				"east": {"uv": [0, 14, 16, 16], "texture": "#planks", "cullface": "east"},
				"south": {"uv": [3, 14, 16, 16], "texture": "#planks", "cullface": "south"},
				"up": {"uv": [3, 0, 16, 16], "texture": "#planks"},
				"down": {"uv": [3, 0, 16, 16], "texture": "#planks", "cullface": "down"}
			}
		},
		{
			"name": "back_panel",
			"from": [14, 2, 0],
			"to": [16, 6, 16],
			"rotation": {"angle": 0, "axis": "y", "origin": [8, 8, 8]},
			"faces": {
				"north": {"uv": [0, 10, 2, 14], "texture": "#planks", "cullface": "north"},
				"east": {"uv": [0, 10, 16, 14], "texture": "#planks", "cullface": "east"},
				"south": {"uv": [14, 10, 16, 14], "texture": "#planks", "cullface": "south"},
				"west": {"uv": [0, 10, 16, 14], "texture": "#planks"}
			}
		},
		{
			"name": "timber_filler1",
			"from": [7, 2, 1],
			"to": [14, 4, 15],
			"rotation": {"angle": 0, "axis": "y", "origin": [9, 8, 8]},
			"faces": {
				"north": {"uv": [2, 12, 9, 14], "texture": "#planks"},
				"south": {"uv": [7, 12, 14, 14], "texture": "#planks"}
			}
		},
		{
			"name": "timber_filler2",
			"from": [9, 4, 1],
			"to": [14, 5, 15],
			"rotation": {"angle": 0, "axis": "y", "origin": [9, 8, 8]},
			"faces": {
				"north": {"uv": [7, 11, 12, 12], "texture": "#planks"},
				"south": {"uv": [7, 11, 12, 12], "texture": "#planks"}
			}
		},
		{
			"name": "batten_up_NX",
			"from": [12.8, 1.54, -4],
			"to": [14.75, 2.515, 1],
			"rotation": {"angle": 22.5, "axis": "z", "origin": [8.86, 5.43024, 15.12698]},
			"faces": {
				"north": {"uv": [1.95, 0, 0, 0.975], "texture": "#planks", "cullface": "north"},
				"east": {"uv": [5, 0, 0, 0.975], "texture": "#planks", "cullface": "north"},
				"west": {"uv": [16, 0, 11, 0.975], "texture": "#planks", "cullface": "north"},
				"down": {"uv": [5, 1, 0, 2.95], "rotation": 90, "texture": "#planks", "cullface": "north"}
			}
		},
		{
			"name": "batten_up_SX",
			"from": [12.8, 1.54, 15],
			"to": [14.75, 2.515, 20],
			"rotation": {"angle": 22.5, "axis": "z", "origin": [8.86, 5.43024, 15.12698]},
			"faces": {
				"east": {"uv": [5, 0, 0, 0.975], "texture": "#planks", "cullface": "south"},
				"south": {"uv": [1.95, 0, 0, 0.975], "texture": "#planks", "cullface": "south"},
				"west": {"uv": [16, 0, 11, 0.975], "texture": "#planks", "cullface": "south"},
				"down": {"uv": [5, 1, 0, 2.95], "rotation": 90, "texture": "#planks", "cullface": "south"}
			}
		},
		{
			"name": "batten_up_SX",
			"from": [4.95, 1.54, 16],
			"to": [6.9, 2.515, 20],
			"rotation": {"angle": 22.5, "axis": "z", "origin": [8.86, 5.43024, 15.12698]},
			"faces": {
				"east": {"uv": [4, 0, 0, 1], "texture": "#planks", "cullface": "south"},
				"south": {"uv": [2, 0, 0, 1], "texture": "#planks", "cullface": "south"},
				"west": {"uv": [16, 0, 12, 1], "texture": "#planks", "cullface": "south"},
				"down": {"uv": [4, 1, 0, 3], "rotation": 90, "texture": "#planks", "cullface": "south"}
			}
		},
		{
			"name": "batten_up_NX",
			"from": [4.95, 1.54, -4],
			"to": [6.9, 2.515, 0],
			"rotation": {"angle": 22.5, "axis": "z", "origin": [8.86, 5.43024, 15.12698]},
			"faces": {
				"north": {"uv": [2, 0, 0, 1], "texture": "#planks", "cullface": "north"},
				"east": {"uv": [4, 0, 0, 1], "texture": "#planks", "cullface": "north"},
				"west": {"uv": [16, 0, 12, 1], "texture": "#planks", "cullface": "north"},
				"down": {"uv": [4, 1, 0, 3], "rotation": 90, "texture": "#planks", "cullface": "north"}
			}
		},
		{
			"name": "shingle_up",
			"from": [5, 6.5, 0],
			"to": [14, 9.52, 16],
			"rotation": {"angle": 22.5, "axis": "z", "origin": [18, 12, 8]},
			"faces": {
				"north": {"uv": [0, 13, 9, 16], "texture": "#clay"},
				"east": {"uv": [13, 0, 16, 16], "rotation": 270, "texture": "#clay"},
				"south": {"uv": [7, 13, 16, 16], "texture": "#clay"},
				"up": {"uv": [2, 0, 11, 16], "texture": "#clay"},
				"down": {"uv": [2, 0, 11, 16], "texture": "#clay"}
			}
		},
		{
			"name": "shingle_up_NX",
			"from": [5.05, 6.51, -4],
			"to": [13.93, 9.51, 0],
			"rotation": {"angle": 22.5, "axis": "z", "origin": [18, 12, -12]},
			"faces": {
				"north": {"uv": [11, 4, 2, 7], "texture": "#clay"},
				"east": {"uv": [13, 12, 16, 16], "rotation": 270, "texture": "#clay"},
				"south": {"uv": [0, 2, 3, 11], "rotation": 270, "texture": "#clay"},
				"up": {"uv": [2, 12, 11, 16], "texture": "#clay"},
				"down": {"uv": [2, 12, 11, 16], "texture": "#clay"}
			}
		},
		{
			"name": "shingle_up_SX",
			"from": [5.05, 6.51, 16],
			"to": [13.93, 9.51, 20],
			"rotation": {"angle": 22.5, "axis": "z", "origin": [18, 12, 8]},
			"faces": {
				"north": {"uv": [13, 2, 16, 11], "rotation": 90, "texture": "#clay"},
				"east": {"uv": [13, 0, 16, 4], "rotation": 270, "texture": "#clay"},
				"south": {"uv": [2, 4, 11, 7], "texture": "#clay"},
				"up": {"uv": [2, 0, 11, 4], "texture": "#clay"},
				"down": {"uv": [2, 0, 11, 4], "texture": "#clay"}
			}
		},
		{
			"name": "shingle_middle_NX",
			"from": [-2.31, 4.06, -4],
			"to": [6.69, 7.06, 0],
			"rotation": {"angle": 22.5, "axis": "z", "origin": [12.66667, 6.6667, -13]},
			"faces": {
				"north": {"uv": [9, 8, 0, 11], "texture": "#clay"},
				"south": {"uv": [0, 7, 3, 16], "rotation": 90, "texture": "#clay"},
				"west": {"uv": [13, 12, 16, 16], "rotation": 270, "texture": "#clay"},
				"up": {"uv": [0, 12, 9, 16], "texture": "#clay"},
				"down": {"uv": [0, 12, 9, 16], "texture": "#clay"}
			}
		},
		{
			"name": "shingle_middle_SX",
			"from": [-2.31, 4.06, 16],
			"to": [6.69, 7.06, 20],
			"rotation": {"angle": 22.5, "axis": "z", "origin": [12.66667, 6.6667, 8]},
			"faces": {
				"north": {"uv": [13, 7, 16, 16], "rotation": 90, "texture": "#clay"},
				"south": {"uv": [0, 8, 9, 11], "texture": "#clay"},
				"west": {"uv": [13, 0, 16, 4], "rotation": 270, "texture": "#clay"},
				"up": {"uv": [0, 0, 9, 4], "texture": "#clay"},
				"down": {"uv": [0, 0, 9, 4], "texture": "#clay"}
			}
		},
		{
			"name": "shingle_middle",
			"from": [-2.33333, 4.05, 0],
			"to": [6.66667, 7.07, 16],
			"rotation": {"angle": 22.5, "axis": "z", "origin": [12.66667, 6.6667, 8]},
			"faces": {
				"north": {"uv": [0, 0, 9, 3], "texture": "#clay"},
				"south": {"uv": [0, 0, 9, 2.89], "texture": "#clay"},
				"west": {"uv": [13, 0, 16, 16], "rotation": 270, "texture": "#clay"},
				"up": {"uv": [0, 0, 9, 16], "texture": "#clay"},
				"down": {"uv": [0, 0, 9, 16], "texture": "#clay"}
			}
		}
	],
	"display": {
		"thirdperson_righthand": {
			"rotation": [75, -135, 0],
			"translation": [0, 2.5, 2.5],
			"scale": [0.375, 0.375, 0.375]
		},
		"thirdperson_lefthand": {
			"rotation": [75, -135, 0],
			"translation": [0, 2.5, 2.5],
			"scale": [0.375, 0.375, 0.375]
		},
		"firstperson_righthand": {
			"rotation": [0, 135, 0],
			"translation": [0, 4, 0],
			"scale": [0.4, 0.4, 0.4]
		},
		"firstperson_lefthand": {
			"rotation": [0, -45, 0],
			"translation": [0, 4, 0],
			"scale": [0.4, 0.4, 0.4]
		},
		"ground": {
			"translation": [0, 3, 0],
			"scale": [0.25, 0.25, 0.25]
		},
		"gui": {
			"rotation": [30, 145, 0],
			"translation": [0, 1.5, 0],
			"scale": [0.54, 0.54, 0.54]
		},
		"head": {
			"rotation": [0, -90, 0]
		},
		"fixed": {
			"scale": [0.5, 0.5, 0.5]
		}
	},
	"groups": [
		{
			"name": "group",
			"origin": [8, 8, 8],
			"color": 0,
			"nbt": "{}",
			"children": [0, 1, 2, 3, 4, 5, 6, 7, 8, 9, 10, 11, 12, 13]
		}
	]
}