{
	"credit": "Made with Blockbench",
	"ambientocclusion": false,
	"render_type": "cutout",
	"textures": {
		"particle": "block/clay",
		"clay": "block/clay",
		"planks": "block/oak_planks"
	},
	"elements": [
		{
			"name": "support_panel",
			"from": [3, 0, 3],
			"to": [16, 2, 16],
			"rotation": {"angle": 0, "axis": "y", "origin": [0.86, 5.43024, 8.95198]},
			"faces": {
				"north": {"uv": [0, 14, 13, 16], "texture": "#planks"},
				"east": {"uv": [0, 14, 13, 16], "texture": "#planks", "cullface": "east"},
				"south": {"uv": [3, 14, 16, 16], "texture": "#planks", "cullface": "south"},
				"west": {"uv": [0, 14, 13, 16], "texture": "#planks"},
				"up": {"uv": [0, 0, 13, 13], "texture": "#planks"},
				"down": {"uv": [3, 0, 16, 13], "texture": "#planks", "cullface": "down"}
			}
		},
		{
			"name": "timber_stud_SE",
			"from": [14, 2, 14],
			"to": [16, 6, 16],
			"faces": {
				"north": {"uv": [0, 10, 2, 14], "texture": "#planks"},
				"east": {"uv": [0, 10, 2, 14], "texture": "#planks", "cullface": "east"},
				"south": {"uv": [14, 10, 16, 14], "texture": "#planks", "cullface": "south"},
				"west": {"uv": [14, 10, 16, 14], "texture": "#planks"}
			}
		},
		{
			"name": "timber_filler4",
			"from": [7, 2, 7],
			"to": [15, 4, 15],
			"faces": {
				"east": {"uv": [1, 12, 9, 14], "texture": "#planks"},
				"south": {"uv": [7, 12, 15, 14], "texture": "#planks"}
			}
		},
		{
			"name": "timber_filler5",
			"from": [12, 4, 12],
			"to": [15, 6, 15],
			"faces": {
				"east": {"uv": [1, 10, 4, 12], "texture": "#planks"},
				"south": {"uv": [11, 10, 14, 12], "texture": "#planks"}
			}
		},
		{
			"name": "shingle_up_N1",
			"from": [13, 6.5, 5.22],
			"to": [16.01, 9.52, 13.22],
			"rotation": {"angle": -22.5, "axis": "x", "origin": [24, 11.5, 18]},
			"faces": {
				"east": {"uv": [11, 4, 2, 7], "texture": "#clay"},
				"up": {"uv": [2, 0, 10, 3.01], "rotation": 90, "texture": "#clay"},
				"down": {"uv": [10, 0, 2, 3.01], "rotation": 90, "texture": "#clay"}
			}
		},
		{
			"name": "shingle_up_N2",
			"from": [8, 6.5, 5.22],
			"to": [13, 9.52, 9.22],
			"rotation": {"angle": -22.5, "axis": "x", "origin": [24, 11.5, 18]},
			"faces": {
				"up": {"uv": [2, 3, 6, 8], "rotation": 90, "texture": "#clay"},
				"down": {"uv": [6, 3, 2, 8], "rotation": 90, "texture": "#clay"}
			}
		},
		{
			"name": "shingle_up_W1",
			"from": [5.22, 6.5, 13],
			"to": [13.22, 9.52, 16.01],
			"rotation": {"angle": 22.5, "axis": "z", "origin": [18, 11.5, 24]},
			"faces": {
				"south": {"uv": [2, 4, 11, 7], "texture": "#clay"},
				"up": {"uv": [2, 12.99, 10, 16], "texture": "#clay"},
				"down": {"uv": [2, 12.99, 10, 16], "texture": "#clay"}
			}
		},
		{
			"name": "shingle_up_W2",
			"from": [5.22, 6.5, 8],
			"to": [9.22, 9.52, 13],
			"rotation": {"angle": 22.5, "axis": "z", "origin": [18, 11.5, 24]},
			"faces": {
				"up": {"uv": [2, 8, 6, 13], "texture": "#clay"},
				"down": {"uv": [2, 8, 6, 13], "texture": "#clay"}
			}
		},
		{
			"name": "shingle_middle_N1",
			"from": [7, 4.05, -2.1333],
			"to": [16.01, 7.07, 6.8667],
			"rotation": {"angle": -22.5, "axis": "x", "origin": [24, 6.1667, 12.66667]},
			"faces": {
				"north": {"uv": [13.11, 0, 16, 9], "rotation": 270, "texture": "#clay"},
				"east": {"uv": [9, 8, 0, 11], "texture": "#clay"},
				"up": {"uv": [0, 0, 9, 9.01], "rotation": 90, "texture": "#clay"},
				"down": {"uv": [9, 0, 0, 9.01], "rotation": 90, "texture": "#clay"}
			}
		},
		{
			"name": "shingle_middle_N2",
			"from": [2, 4.05, -2.1333],
			"to": [7, 7.07, 3.8667],
			"rotation": {"angle": -22.5, "axis": "x", "origin": [24, 6.1667, 12.66667]},
			"faces": {
				"north": {"uv": [12.98, 9, 16, 14], "rotation": 270, "texture": "#clay"},
				"up": {"uv": [0, 9, 6, 14], "rotation": 90, "texture": "#clay"},
				"down": {"uv": [6, 9, 0, 14], "rotation": 90, "texture": "#clay"}
			}
		},
		{
			"name": "shingle_middle_N3",
			"from": [0, 4.05, -2.1333],
			"to": [2, 7.07, 0.8667],
			"rotation": {"angle": -22.5, "axis": "x", "origin": [24, 6.1667, 12.66667]},
			"faces": {
				"north": {"uv": [12.98, 14, 16, 16], "rotation": 270, "texture": "#clay"},
				"west": {"uv": [3, 8, 0, 11.02], "texture": "#clay"},
				"up": {"uv": [0, 14, 3, 16], "rotation": 90, "texture": "#clay"},
				"down": {"uv": [3, 14, 0, 16], "rotation": 90, "texture": "#clay"}
			}
		},
		{
			"name": "shingle_middle_W1",
			"from": [-2.1333, 4.05, 7],
			"to": [6.8667, 7.07, 16.01],
			"rotation": {"angle": 22.5, "axis": "z", "origin": [12.66667, 6.1667, 24]},
			"faces": {
				"south": {"uv": [0, 8, 9, 11], "texture": "#clay"},
				"west": {"uv": [13.11, 7, 16, 16], "rotation": 270, "texture": "#clay"},
				"up": {"uv": [0, 7, 9, 16], "texture": "#clay"},
				"down": {"uv": [0, 16, 9, 7], "texture": "#clay"}
			}
		},
		{
			"name": "shingle_middle_W2",
			"from": [-2.1333, 4.05, 2],
			"to": [3.8667, 7.07, 7],
			"rotation": {"angle": 22.5, "axis": "z", "origin": [12.66667, 6.1667, 24]},
			"faces": {
				"west": {"uv": [13, 2, 16, 7], "rotation": 270, "texture": "#clay"},
				"up": {"uv": [0, 2, 6, 7], "texture": "#clay"},
				"down": {"uv": [0, 7, 6, 2], "texture": "#clay"}
			}
		},
		{
			"name": "shingle_middle_W3",
			"from": [-2.1333, 4.05, 0],
			"to": [0.8667, 7.07, 2],
			"rotation": {"angle": 22.5, "axis": "z", "origin": [12.66667, 6.1667, 24]},
			"faces": {
				"north": {"uv": [3, 8, 0, 11.02], "texture": "#clay"},
				"west": {"uv": [12.98, 0, 16, 2], "rotation": 270, "texture": "#clay"},
				"up": {"uv": [0, 0, 3, 2], "texture": "#clay"},
				"down": {"uv": [0, 2, 3, 0], "texture": "#clay"}
			}
		},
		{
			"name": "shingle_hip_middle",
			"from": [-8.1, 0.5, 3],
			"to": [4.9, 4.8, 7],
			"rotation": {"angle": -45, "axis": "y", "origin": [2.5, -2, 11]},
			"faces": {
				"north": {"uv": [0, 8, 13, 12], "rotation": 180, "texture": "#clay"},
				"east": {"uv": [10, 8, 14, 12], "rotation": 270, "texture": "#clay"},
				"south": {"uv": [0, 8, 13, 12], "texture": "#clay"},
				"west": {"uv": [12, 8, 16, 12], "rotation": 270, "texture": "#clay"},
				"up": {"uv": [0, 8, 13, 12], "texture": "#clay"},
				"down": {"uv": [0, 8, 13, 12], "texture": "#clay", "cullface": "down"}
			}
		},
		{
			"name": "shingle_hip_top",
			"from": [-1.1, 4.8, 7.9],
			"to": [10.9, 8.8, 11.9],
			"rotation": {"angle": -45, "axis": "y", "origin": [7.4, 10.75, 15.9]},
			"faces": {
				"north": {"uv": [0, 4, 12, 8], "rotation": 180, "texture": "#clay"},
				"south": {"uv": [0, 4, 12, 8], "texture": "#clay"},
				"west": {"uv": [12, 4, 16, 8], "rotation": 270, "texture": "#clay"},
				"up": {"uv": [0, 4, 12, 8], "texture": "#clay"}
			}
		},
		{
			"name": "top ending_NE",
			"from": [14, 6.8, 11.9],
			"to": [16.1, 9.8, 14],
			"rotation": {"angle": 0, "axis": "y", "origin": [8, 0.5, 8]},
			"faces": {
				"north": {"uv": [0, 0, 2, 3], "texture": "#clay"},
				"east": {"uv": [14, 0, 16, 3], "texture": "#clay"},
				"south": {"uv": [2, 9, 4, 12], "texture": "#clay"},
				"west": {"uv": [0, 9, 2, 12], "texture": "#clay"},
				"up": {"uv": [0, 14, 2, 16], "rotation": 180, "texture": "#clay"}
			}
		},
		{
			"name": "top ending_NW",
			"from": [11.9, 6.8, 11.9],
			"to": [14, 9.8, 14],
			"rotation": {"angle": 0, "axis": "y", "origin": [8, 0.5, 8]},
			"faces": {
				"north": {"uv": [14, 0, 16, 3], "texture": "#clay"},
				"east": {"uv": [2, 9, 4, 12], "texture": "#clay"},
				"south": {"uv": [2, 9, 4, 12], "texture": "#clay"},
				"west": {"uv": [0, 0, 2, 3], "texture": "#clay"},
				"up": {"uv": [14, 14, 16, 16], "rotation": 180, "texture": "#clay"}
			}
		},
		{
			"name": "top ending_SE",
			"from": [14, 6.8, 14],
			"to": [16.1, 9.8, 16.1],
			"rotation": {"angle": 0, "axis": "y", "origin": [8, 0.5, 8]},
			"faces": {
				"north": {"uv": [0, 9, 2, 12], "texture": "#clay"},
				"east": {"uv": [0, 0, 2, 3], "texture": "#clay"},
				"south": {"uv": [14, 0, 16, 3], "texture": "#clay"},
				"west": {"uv": [0, 9, 2, 12], "texture": "#clay"},
				"up": {"uv": [0, 0, 2, 2], "rotation": 180, "texture": "#clay"}
			}
		},
		{
			"name": "top ending_SW",
			"from": [11.9, 6.8, 14],
			"to": [14, 9.8, 16.1],
			"rotation": {"angle": 0, "axis": "y", "origin": [8, 0.5, 8]},
			"faces": {
				"north": {"uv": [0, 9, 2, 12], "texture": "#clay"},
				"east": {"uv": [2, 9, 4, 12], "texture": "#clay"},
				"south": {"uv": [0, 0, 2, 3], "texture": "#clay"},
				"west": {"uv": [14, 0, 16, 3], "texture": "#clay"},
				"up": {"uv": [14, 0, 16, 2], "rotation": 180, "texture": "#clay"}
			}
		},
		{
			"name": "shingle_middle_NX",
			"from": [16, 4.06, -2.31],
			"to": [20, 7.06, 6.69],
			"rotation": {"angle": -22.5, "axis": "x", "origin": [29, 6.6667, 12.66667]},
			"faces": {
				"north": {"uv": [13, 12, 16, 16], "rotation": 270, "texture": "#clay"},
				"east": {"uv": [9, 8, 0, 11], "texture": "#clay"},
				"west": {"uv": [9, 8, 0, 11], "texture": "#clay"},
				"up": {"uv": [0, 12, 9, 16], "rotation": 90, "texture": "#clay"},
				"down": {"uv": [9, 12, 0, 16], "rotation": 90, "texture": "#clay"}
			}
		},
		{
			"name": "shingle_up_NX",
			"from": [16, 6.51, 5.05],
			"to": [20, 9.51, 13.93],
			"rotation": {"angle": -22.5, "axis": "x", "origin": [28, 12, 18]},
			"faces": {
				"east": {"uv": [11, 4, 2, 7], "texture": "#clay"},
				"south": {"uv": [13, 0, 16, 4], "rotation": 270, "texture": "#clay"},
				"west": {"uv": [11, 4, 2, 7], "texture": "#clay"},
				"up": {"uv": [2, 12, 11, 16], "rotation": 90, "texture": "#clay"},
				"down": {"uv": [11, 12, 2, 16], "rotation": 90, "texture": "#clay"}
			}
		},
		{
			"name": "batten_up_NX",
			"from": [16, 1.54, 4.75842],
			"to": [20, 2.515, 6.70842],
			"rotation": {"angle": -22.5, "axis": "x", "origin": [0.87302, 5.43024, 8.86]},
			"faces": {
				"north": {"uv": [16, 0, 12, 1], "texture": "#planks", "cullface": "east"},
				"east": {"uv": [2, 0, 0, 1], "texture": "#planks", "cullface": "east"},
				"south": {"uv": [4, 0, 0, 1], "texture": "#planks", "cullface": "east"},
				"down": {"uv": [4, 1, 0, 3], "texture": "#planks", "cullface": "east"}
			}
		},
		{
			"name": "batten_up_NX",
			"from": [15, 1.54, 12.75842],
			"to": [20, 2.515, 14.70842],
			"rotation": {"angle": -22.5, "axis": "x", "origin": [0.87302, 5.43024, 8.86]},
			"faces": {
				"north": {"uv": [16, 0, 11, 0.975], "texture": "#planks", "cullface": "east"},
				"east": {"uv": [1.95, 0, 0, 0.975], "texture": "#planks", "cullface": "east"},
				"south": {"uv": [5, 0, 0, 0.975], "texture": "#planks", "cullface": "east"},
				"down": {"uv": [5, 1, 0, 2.95], "texture": "#planks", "cullface": "east"}
			}
		},
		{
			"name": "batten_up_SX",
			"from": [4.75842, 1.54, 16],
			"to": [6.70842, 2.515, 20],
			"rotation": {"angle": 22.5, "axis": "z", "origin": [8.86, 5.43024, 15.12698]},
			"faces": {
				"east": {"uv": [4, 0, 0, 1], "texture": "#planks", "cullface": "south"},
				"south": {"uv": [2, 0, 0, 1], "texture": "#planks", "cullface": "south"},
				"west": {"uv": [16, 0, 12, 1], "texture": "#planks", "cullface": "south"},
				"down": {"uv": [4, 1, 0, 3], "rotation": 90, "texture": "#planks", "cullface": "south"}
			}
		},
		{
			"name": "batten_up_SX",
			"from": [12.75842, 1.54, 15],
			"to": [14.70842, 2.515, 20],
			"rotation": {"angle": 22.5, "axis": "z", "origin": [8.86, 5.43024, 15.12698]},
			"faces": {
				"east": {"uv": [5, 0, 0, 0.975], "texture": "#planks", "cullface": "south"},
				"south": {"uv": [1.95, 0, 0, 0.975], "texture": "#planks", "cullface": "south"},
				"west": {"uv": [16, 0, 11, 0.975], "texture": "#planks", "cullface": "south"},
				"down": {"uv": [5, 1, 0, 2.95], "rotation": 90, "texture": "#planks", "cullface": "south"}
			}
		},
		{
			"name": "shingle_middle_SX",
			"from": [-2.31, 4.06, 16],
			"to": [6.69, 7.06, 20],
			"rotation": {"angle": 22.5, "axis": "z", "origin": [12.66667, 6.6667, 8]},
			"faces": {
				"north": {"uv": [0, 8, 9, 11], "texture": "#clay"},
				"south": {"uv": [0, 8, 9, 11], "texture": "#clay"},
				"west": {"uv": [13, 0, 16, 4], "rotation": 270, "texture": "#clay"},
				"up": {"uv": [0, 0, 9, 4], "texture": "#clay"},
				"down": {"uv": [0, 4, 9, 0], "texture": "#clay"}
			}
		},
		{
			"name": "shingle_up_SX",
			"from": [5.05, 6.51, 16],
			"to": [13.93, 9.51, 20],
			"rotation": {"angle": 22.5, "axis": "z", "origin": [18, 12, 8]},
			"faces": {
				"north": {"uv": [2, 4, 11, 7], "texture": "#clay"},
				"east": {"uv": [13, 12, 16, 16], "rotation": 270, "texture": "#clay"},
				"south": {"uv": [2, 4, 11, 7], "texture": "#clay"},
				"up": {"uv": [2, 0, 11, 4], "texture": "#clay"},
				"down": {"uv": [2, 4, 11, 0], "texture": "#clay"}
			}
		}
	],
	"display": {
		"thirdperson_righthand": {
			"rotation": [75, -135, 0],
			"translation": [0, 2.5, 2.5],
			"scale": [0.375, 0.375, 0.375]
		},
		"thirdperson_lefthand": {
			"rotation": [75, -135, 0],
			"translation": [0, 2.5, 2.5],
			"scale": [0.375, 0.375, 0.375]
		},
		"firstperson_righthand": {
			"rotation": [0, 135, 0],
			"translation": [0, 4, 0],
			"scale": [0.4, 0.4, 0.4]
		},
		"firstperson_lefthand": {
			"rotation": [0, -45, 0],
			"translation": [0, 4, 0],
			"scale": [0.4, 0.4, 0.4]
		},
		"ground": {
			"translation": [0, 3, 0],
			"scale": [0.25, 0.25, 0.25]
		},
		"gui": {
			"rotation": [30, 145, 0],
			"translation": [0, 1.5, 0],
			"scale": [0.54, 0.54, 0.54]
		},
		"head": {
			"rotation": [0, -90, 0]
		},
		"fixed": {
			"scale": [0.5, 0.5, 0.5]
		}
	},
	"groups": [
		{
			"name": "flat_lower_convex_spec",
			"origin": [8, 8, 8],
			"color": 0,
			"nbt": "{}",
			"children": [0, 1, 2, 3, 4, 5, 6, 7, 8, 9, 10, 11, 12, 13, 14, 15, 16, 17, 18, 19, 20, 21, 22, 23, 24, 25, 26, 27]
		}
	]
}