{
    "variants": {
		"facing=south": {
            "highlight": "minecolonies:town_hall_shape",
            "rotation": {
                "y": 90
            }
        },
        "facing=north": {
            "highlight": "minecolonies:town_hall_shape",
            "rotation": {
                "y": 270
            }
        },
        "facing=west": {
            "highlight": "minecolonies:town_hall_shape",
            "rotation": {
                "y": 180
            }
        },
        "facing=east": {
            "highlight": "minecolonies:town_hall_shape"
        }
    }
}