{
	"credit": "Made with Blockbench",
	"parent": "block/cube_all",
	"textures": {
		"particle": "block/oak_planks",
		"base": "block/oak_planks"
	},
	"elements": [
		{
			"name": "Column",
			"from": [4, 0, 4],
			"to": [12, 14, 12],
			"rotation": {"angle": -45, "axis": "y", "origin": [8, 7, 8]},
			"faces": {
				"north": {"uv": [4, 2, 12, 16], "texture": "#base"},
				"east": {"uv": [4, 2, 12, 16], "texture": "#base"},
				"south": {"uv": [4, 2, 12, 16], "texture": "#base"},
				"west": {"uv": [4, 2, 12, 16], "texture": "#base"}
			}
		},
		{
			"name": "Top",
			"from": [2, 14, 2],
			"to": [14, 16, 14],
			"faces": {
				"north": {"uv": [2, 0, 14, 2], "texture": "#base"},
				"east": {"uv": [2, 0, 14, 2], "texture": "#base"},
				"south": {"uv": [2, 0, 14, 2], "texture": "#base"},
				"west": {"uv": [2, 0, 14, 2], "texture": "#base"},
				"up": {"uv": [2, 2, 14, 14], "texture": "#base", "cullface": "up"},
				"down": {"uv": [2, 2, 14, 14], "texture": "#base"}
			}
		}
	]
}