{
	"credit": "Made with Blockbench",
	"parent": "block/cube_all",
	"textures": {
		"particle": "block/oak_planks",
		"column": "block/oak_planks"
	},
	"elements": [
		{
			"name": "Column",
			"from": [4, 0, 4],
			"to": [12, 16, 12],
			"faces": {
				"north": {"uv": [4, 0, 12, 16], "texture": "#column"},
				"east": {"uv": [4, 0, 12, 16], "texture": "#column"},
				"south": {"uv": [4, 0, 12, 16], "texture": "#column"},
				"west": {"uv": [4, 0, 12, 16], "texture": "#column"}
			}
		}
	]
}