{
	"credit": "Made with Blockbench",
	"parent": "forge:item/default",
	"texture_size": [16, 32],
	"textures": {
		"particle": "minecolonies:entity/spear",
		"spear": "minecolonies:entity/spear"
	},
	"elements": [
		{
			"name": "handle",
			"from": [7.5, 0, 7.5],
			"to": [8.5, 25, 8.5],
			"faces": {
				"north": {"uv": [7, 3.5, 8, 16], "texture": "#spear"},
				"east": {"uv": [7, 3.5, 8, 16], "texture": "#spear"},
				"south": {"uv": [7, 3.5, 8, 16], "texture": "#spear"},
				"west": {"uv": [7, 3.5, 8, 16], "texture": "#spear"},
				"down": {"uv": [8, 15.5, 7, 16], "texture": "#spear", "cullface": "down"}
			}
		},
		{
			"name": "body",
			"from": [5.5, 25, 7.5],
			"to": [10.5, 27, 8.5],
			"faces": {
				"north": {"uv": [5, 2.5, 10, 3.5], "texture": "#spear", "cullface": "up"},
				"east": {"uv": [5, 2.5, 6, 3.5], "texture": "#spear", "cullface": "up"},
				"south": {"uv": [5, 2.5, 10, 3.5], "texture": "#spear", "cullface": "up"},
				"west": {"uv": [9, 2.5, 10, 3.5], "texture": "#spear", "cullface": "up"},
				"up": {"uv": [10, 3, 5, 2.5], "texture": "#spear", "cullface": "up"},
				"down": {"uv": [10, 3, 5, 3.5], "texture": "#spear", "cullface": "up"}
			}
		},
		{
			"name": "body",
			"from": [6.5, 27, 7.5],
			"to": [9.5, 30, 8.5],
			"faces": {
				"north": {"uv": [6, 1, 9, 2.5], "texture": "#spear", "cullface": "up"},
				"east": {"uv": [6, 1, 7, 2.5], "texture": "#spear", "cullface": "up"},
				"south": {"uv": [6, 1, 9, 2.5], "texture": "#spear", "cullface": "up"},
				"west": {"uv": [8, 1, 9, 2.5], "texture": "#spear", "cullface": "up"},
				"up": {"uv": [9, 1.5, 6, 1], "texture": "#spear", "cullface": "up"}
			}
		},
		{
			"name": "body",
			"from": [7.5, 30, 7.5],
			"to": [8.5, 32, 8.5],
			"faces": {
				"north": {"uv": [7, 0, 8, 1], "texture": "#spear", "cullface": "up"},
				"east": {"uv": [7, 0, 8, 1], "texture": "#spear", "cullface": "up"},
				"south": {"uv": [7, 0, 8, 1], "texture": "#spear", "cullface": "up"},
				"west": {"uv": [7, 0, 8, 1], "texture": "#spear", "cullface": "up"},
				"up": {"uv": [8, 0.5, 7, 0], "texture": "#spear", "cullface": "up"}
			}
		},
		{
			"name": "body",
			"from": [9.5, 24, 7.5],
			"to": [10.5, 25, 8.5],
			"faces": {
				"north": {"uv": [5, 3.5, 6, 4], "texture": "#spear", "cullface": "up"},
				"east": {"uv": [5, 3.5, 6, 4], "texture": "#spear", "cullface": "up"},
				"south": {"uv": [5, 3.5, 6, 4], "texture": "#spear", "cullface": "up"},
				"west": {"uv": [8, 1.5, 9, 2], "texture": "#spear", "cullface": "up"},
				"down": {"uv": [6, 3.5, 5, 4], "texture": "#spear", "cullface": "up"}
			}
		},
		{
			"name": "body",
			"from": [5.5, 24, 7.5],
			"to": [6.5, 25, 8.5],
			"faces": {
				"north": {"uv": [9, 3.5, 10, 4], "texture": "#spear", "cullface": "up"},
				"east": {"uv": [9, 3.5, 10, 4], "texture": "#spear", "cullface": "up"},
				"south": {"uv": [9, 3.5, 10, 4], "texture": "#spear", "cullface": "up"},
				"west": {"uv": [9, 3.5, 10, 4], "texture": "#spear", "cullface": "up"},
				"down": {"uv": [10, 3.5, 9, 4], "texture": "#spear", "cullface": "up"}
			}
		}
	],
	"overrides": [
		{
			"predicate": {
				"minecraft:throwing": 1
			}, 
			"model": "minecolonies:item/spear_throwing",
			"textures": {
				"spear": "minecolonies:item/spear"
			}
		}
	],
	"groups": [
		0,
		{
			"name": "spear",
			"origin": [0, 27, 0],
			"color": 0,
			"children": [1, 2, 3, 4, 5]
		}
	]
}