{
    "parent": "minecolonies:item/spear_model",
    "gui_light": "front",
    "textures": {
        "particle": "#spear"
    },
	"display": {
		"thirdperson_righthand": {
			"rotation": [0, 60, 0],
			"translation": [0, -6.5, 1]
		},
		"thirdperson_lefthand": {
			"rotation": [0, 60, 0],
			"translation": [0, -6.5, 1]
		},
		"firstperson_righthand": {
			"rotation": [0, -90, 25],
			"translation": [5, -10, 4.75]
		},
		"firstperson_lefthand": {
			"rotation": [0, -90, 25],
			"translation": [5, -10, 4.75]
		},
		"ground": {
			"scale": [0.25, 0.25, 0.25]
		},
		"gui": {
			"rotation": [15, -25, -5],
			"translation": [2, 3, 0],
			"scale": [0.65, 0.65, 0.65]
		},
		"head": {
			"rotation": [13, -45, -180],
			"translation": [0, 26.75, 3]
		},
		"fixed": {
			"rotation": [0, 180, 0],
			"translation": [-2, 4, -5],
			"scale": [0.5, 0.5, 0.5]
		}
	},
    "overrides": [
        {
            "predicate": {
                "minecraft:throwing": 1
            },
            "model": "minecolonies:item/spear_throwing"
        }
    ]
}
