{
  "parent":"forge:item/default",
  "loader":"forge:separate_transforms",
  "base": {
    "parent": "minecolonies:item/spear_in_hand",
    "textures": {
      "spear": "minecolonies:item/spear"
    }
  },
  "perspectives": {
    "firstperson_righthand": {
      "parent": "minecraft:item/handheld",
      "textures": {
        "layer0": "minecolonies:item/spear"
      }
    },
    "thirdperson_righthand": {
      "parent": "minecraft:item/handheld",
      "textures": {
        "layer0": "minecolonies:item/spear"
      }
    },
    "firstperson_lefthand": {
      "parent": "minecraft:item/handheld",
      "textures": {
        "layer0": "minecolonies:item/spear"
      }
    },
    "thirdperson_lefthand": {
      "parent": "minecraft:item/handheld",
      "textures": {
        "layer0": "minecolonies:item/spear"
      }
    },
    "fixed": {
      "parent": "minecraft:item/generated",
      "textures": {
        "layer0": "minecolonies:item/spear"
      }
    },
    "ground": {
      "parent": "minecraft:item/generated",
      "textures": {
        "layer0": "minecolonies:item/spear"
      }
    },
    "gui": {
      "parent": "minecraft:item/generated",
      "textures": {
        "layer0": "minecolonies:item/spear"
      }
    },
    "head": {
      "parent": "minecraft:item/handheld",
      "textures": {
        "layer0": "minecolonies:item/spear"
      }
    }
  }
}