{
	"credit": "Made with Blockbench",
	"parent": "block/block",
	"textures": {
		"0": "block/oak_planks",
		"particle": "block/oak_planks"
	},
	"elements": [
		{
			"from": [3, 0, 7],
			"to": [5, 16, 9],
			"faces": {
				"north": {"uv": [11, 0, 13, 16], "texture": "#0"},
				"east": {"uv": [7, 0, 9, 16], "texture": "#0"},
				"south": {"uv": [3, 0, 5, 16], "texture": "#0"},
				"west": {"uv": [7, 0, 9, 16], "texture": "#0"},
				"up": {"uv": [3, 7, 5, 9], "texture": "#0", "cullface": "up"},
				"down": {"uv": [3, 7, 5, 9], "texture": "#0", "cullface": "down"}
			}
		},
		{
			"from": [11, 0, 7],
			"to": [13, 16, 9],
			"faces": {
				"north": {"uv": [3, 0, 5, 16], "texture": "#0"},
				"east": {"uv": [7, 0, 9, 16], "texture": "#0"},
				"south": {"uv": [11, 0, 13, 16], "texture": "#0"},
				"west": {"uv": [7, 0, 9, 16], "texture": "#0"},
				"up": {"uv": [11, 7, 13, 9], "texture": "#0", "cullface": "up"},
				"down": {"uv": [11, 7, 13, 9], "texture": "#0", "cullface": "down"}
			}
		}
	],
	"groups": [
		{
			"name": "main",
			"origin": [8, 8, 8],
			"color": 0,
			"nbt": "{}",
			"children": [0, 1]
		}
	]
}