{
	"credit": "Made with Blockbench",
	"textures": {
		"0": "block/oak_planks",
		"particle": "block/oak_planks"
	},
	"elements": [
		{
			"from": [5, 13, 5],
			"to": [11, 16, 11],
			"faces": {
				"north": {"uv": [5, 0, 11, 3], "texture": "#0"},
				"east": {"uv": [5, 0, 11, 3], "texture": "#0"},
				"south": {"uv": [5, 0, 11, 3], "texture": "#0"},
				"west": {"uv": [5, 0, 11, 3], "texture": "#0"},
				"up": {"uv": [5, 5, 11, 11], "texture": "#0", "cullface": "up"},
				"down": {"uv": [5, 5, 11, 11], "texture": "#0"}
			}
		},
		{
			"from": [5, 0, 5],
			"to": [11, 3, 11],
			"faces": {
				"north": {"uv": [5, 13, 11, 16], "texture": "#0"},
				"east": {"uv": [5, 13, 11, 16], "texture": "#0"},
				"south": {"uv": [5, 13, 11, 16], "texture": "#0"},
				"west": {"uv": [5, 13, 11, 16], "texture": "#0"},
				"up": {"uv": [5, 5, 11, 11], "texture": "#0"},
				"down": {"uv": [5, 5, 11, 11], "texture": "#0", "cullface": "down"}
			}
		},
		{
			"from": [6, 3, 6],
			"to": [10, 13, 10],
			"faces": {
				"north": {"uv": [6, 3, 10, 13], "texture": "#0"},
				"east": {"uv": [6, 3, 10, 13], "texture": "#0"},
				"south": {"uv": [6, 3, 10, 13], "texture": "#0"},
				"west": {"uv": [6, 3, 10, 13], "texture": "#0"}
			}
		}
	],
	"groups": [
		{
			"name": "main",
			"origin": [8, 8, 8],
			"color": 0,
			"nbt": "{}",
			"children": [0, 1, 2]
		}
	]
}