{
	"credit": "Made with Blockbench",
	"parent": "block/thin_block",
	"textures": {
		"0": "block/oak_planks",
		"particle": "block/oak_planks"
	},
	"elements": [
		{
			"from": [6, 8, 6],
			"to": [10, 16, 10],
			"faces": {
				"north": {"uv": [6, 0, 10, 8], "texture": "#0"},
				"east": {"uv": [6, 0, 10, 8], "texture": "#0"},
				"south": {"uv": [6, 0, 10, 8], "texture": "#0"},
				"west": {"uv": [6, 0, 10, 8], "texture": "#0"},
				"up": {"uv": [6, 6, 10, 10], "texture": "#0", "cullface": "up"}
			}
		},
		{
			"from": [5, 0, 5],
			"to": [11, 8, 11],
			"faces": {
				"north": {"uv": [5, 8, 11, 16], "texture": "#0"},
				"east": {"uv": [5, 8, 11, 16], "texture": "#0"},
				"south": {"uv": [5, 8, 11, 16], "texture": "#0"},
				"west": {"uv": [5, 8, 11, 16], "texture": "#0"},
				"up": {"uv": [5, 5, 11, 11], "texture": "#0"},
				"down": {"uv": [5, 5, 11, 11], "texture": "#0"}
			}
		}
	],
	"groups": [
		{
			"name": "main",
			"origin": [8, 8, 8],
			"color": 0,
			"nbt": "{}",
			"children": [0, 1]
		}
	]
}