{
	"credit": "Made with Blockbench",
	"ambientocclusion": false,
	"textures": {
		"2": "block/oak_planks",
		"3": "block/acacia_planks",
		"particle": "block/oak_planks"
	},
	"elements": [
		{
			"name": "main",
			"from": [0, 16, 6.5],
			"to": [16, 32, 9.5],
			"rotation": {"angle": 0, "axis": "y", "origin": [8, 11, 8]},
			"faces": {
				"north": {"uv": [0, 0, 16, 16], "rotation": 90, "texture": "#3"},
				"east": {"uv": [0, 11, 16, 8], "rotation": 90, "texture": "#3"},
				"south": {"uv": [0, 0, 16, 16], "rotation": 270, "texture": "#3"},
				"west": {"uv": [0, 0, 16, 3], "rotation": 90, "texture": "#3"},
				"up": {"uv": [0, 16, 3, 0], "rotation": 90, "texture": "#3"}
			}
		},
		{
			"name": "door_handle",
			"from": [1, 18, 6.49],
			"to": [4, 19, 9.51],
			"rotation": {"angle": 0, "axis": "y", "origin": [8, 11, 8]},
			"faces": {
				"north": {"uv": [1, 13, 2, 16], "rotation": 90, "texture": "#2"},
				"south": {"uv": [14, 13, 15, 16], "rotation": 270, "texture": "#2"}
			}
		},
		{
			"name": "door_handle",
			"from": [1, 16, 6.49],
			"to": [4, 17, 9.51],
			"rotation": {"angle": 0, "axis": "y", "origin": [8, 11, 8]},
			"faces": {
				"north": {"uv": [3, 13, 4, 16], "rotation": 90, "texture": "#2"},
				"south": {"uv": [12, 13, 13, 16], "rotation": 270, "texture": "#2"}
			}
		},
		{
			"name": "door_handle",
			"from": [3, 17, 6.49],
			"to": [4, 18, 9.51],
			"rotation": {"angle": 0, "axis": "y", "origin": [8, 11, 8]},
			"faces": {
				"north": {"uv": [2, 15, 3, 16], "rotation": 270, "texture": "#2"},
				"south": {"uv": [13, 15, 14, 16], "texture": "#2"}
			}
		},
		{
			"name": "door_handle",
			"from": [1, 17, 6.49],
			"to": [2, 18, 9.51],
			"rotation": {"angle": 0, "axis": "y", "origin": [8, 11, 8]},
			"faces": {
				"north": {"uv": [2, 13, 3, 14], "rotation": 270, "texture": "#2"},
				"south": {"uv": [13, 13, 14, 14], "texture": "#2"}
			}
		},
		{
			"name": "bar",
			"from": [3.01, 23, 6.49],
			"to": [16.01, 25, 9.51],
			"rotation": {"angle": 0, "axis": "y", "origin": [8, 11, 8]},
			"faces": {
				"north": {"uv": [7, 3, 9, 16], "rotation": 90, "texture": "#2"},
				"east": {"uv": [7, 0, 9, 3.02], "rotation": 270, "texture": "#2"},
				"south": {"uv": [7, 3, 9, 16], "rotation": 270, "texture": "#2"}
			}
		},
		{
			"name": "bolt",
			"from": [13, 29, 6.49],
			"to": [14, 30, 9.51],
			"rotation": {"angle": 0, "axis": "y", "origin": [8, 11, 8]},
			"faces": {
				"north": {"uv": [2, 2, 3, 3], "texture": "#2"},
				"south": {"uv": [13, 2, 14, 3], "texture": "#2"}
			}
		},
		{
			"name": "bolt",
			"from": [9, 29, 6.49],
			"to": [10, 30, 9.51],
			"rotation": {"angle": 0, "axis": "y", "origin": [8, 11, 8]},
			"faces": {
				"north": {"uv": [6, 2, 7, 3], "texture": "#2"},
				"south": {"uv": [9, 2, 10, 3], "texture": "#2"}
			}
		},
		{
			"name": "bolt",
			"from": [5, 29, 6.49],
			"to": [6, 30, 9.51],
			"rotation": {"angle": 0, "axis": "y", "origin": [8, 11, 8]},
			"faces": {
				"north": {"uv": [10, 2, 11, 3], "texture": "#2"},
				"south": {"uv": [5, 2, 6, 3], "texture": "#2"}
			}
		},
		{
			"name": "bolt",
			"from": [1, 29, 6.49],
			"to": [2, 30, 9.51],
			"rotation": {"angle": 0, "axis": "y", "origin": [8, 11, 8]},
			"faces": {
				"north": {"uv": [14, 2, 15, 3], "texture": "#2"},
				"south": {"uv": [1, 2, 2, 3], "texture": "#2"}
			}
		},
		{
			"name": "main",
			"from": [0, 0, 6.5],
			"to": [16, 16, 9.5],
			"rotation": {"angle": 0, "axis": "y", "origin": [8, 11, 8]},
			"faces": {
				"north": {"uv": [0, 0, 16, 16], "rotation": 90, "texture": "#3"},
				"east": {"uv": [0, 11, 16, 8], "rotation": 90, "texture": "#3"},
				"south": {"uv": [0, 0, 16, 16], "rotation": 270, "texture": "#3"},
				"west": {"uv": [0, 0, 16, 3], "rotation": 90, "texture": "#3"},
				"down": {"uv": [0, 0, 3, 16], "rotation": 270, "texture": "#3"}
			}
		},
		{
			"name": "bar",
			"from": [3.01, 7, 6.49],
			"to": [16.01, 9, 9.51],
			"rotation": {"angle": 0, "axis": "y", "origin": [8, 11, 8]},
			"faces": {
				"north": {"uv": [7, 3, 9, 16], "rotation": 90, "texture": "#2"},
				"east": {"uv": [7, 0, 9, 3.02], "rotation": 270, "texture": "#2"},
				"south": {"uv": [7, 3, 9, 16], "rotation": 270, "texture": "#2"}
			}
		},
		{
			"name": "bolt",
			"from": [13, 2, 6.49],
			"to": [14, 3, 9.51],
			"rotation": {"angle": 0, "axis": "y", "origin": [8, 11, 8]},
			"faces": {
				"north": {"uv": [2, 13, 3, 14], "texture": "#2"},
				"south": {"uv": [13, 13, 14, 14], "texture": "#2"}
			}
		},
		{
			"name": "bolt",
			"from": [9, 2, 6.49],
			"to": [10, 3, 9.51],
			"rotation": {"angle": 0, "axis": "y", "origin": [8, 11, 8]},
			"faces": {
				"north": {"uv": [6, 13, 7, 14], "texture": "#2"},
				"south": {"uv": [9, 13, 10, 14], "texture": "#2"}
			}
		},
		{
			"name": "bolt",
			"from": [5, 2, 6.49],
			"to": [6, 3, 9.51],
			"rotation": {"angle": 0, "axis": "y", "origin": [8, 11, 8]},
			"faces": {
				"north": {"uv": [10, 13, 11, 14], "texture": "#2"},
				"south": {"uv": [5, 13, 6, 14], "texture": "#2"}
			}
		},
		{
			"name": "bolt",
			"from": [1, 2, 6.49],
			"to": [2, 3, 9.51],
			"rotation": {"angle": 0, "axis": "y", "origin": [8, 11, 8]},
			"faces": {
				"north": {"uv": [14, 13, 15, 14], "texture": "#2"},
				"south": {"uv": [1, 13, 2, 14], "texture": "#2"}
			}
		}
	],
	"gui_light": "front",
	"display": {
		"thirdperson_righthand": {
			"translation": [0, 0, 1],
			"scale": [0.22, 0.22, 0.22]
		},
		"thirdperson_lefthand": {
			"translation": [0, 0, 1],
			"scale": [0.22, 0.22, 0.22]
		},
		"firstperson_righthand": {
			"rotation": [0, -90, 25],
			"translation": [1.25, -0.5, 1],
			"scale": [0.34, 0.34, 0.34]
		},
		"firstperson_lefthand": {
			"rotation": [0, -90, 25],
			"translation": [1.25, -0.5, 1],
			"scale": [0.34, 0.34, 0.34]
		},
		"ground": {
			"translation": [0, 3, 0],
			"scale": [0.25, 0.25, 0.25]
		},
		"gui": {
			"translation": [0, -3.5, 0],
			"scale": [0.45, 0.45, 0.45]
		},
		"head": {
			"rotation": [0, 180, 0],
			"translation": [0, 1.5, -5.5]
		},
		"fixed": {
			"translation": [0, -4, 0],
			"scale": [0.5, 0.5, 0.5]
		}
	},
	"groups": [
		0,
		{
			"name": "decor",
			"origin": [8, 8, 8],
			"color": 0,
			"children": [1, 2, 3, 4, 5, 6, 7, 8, 9]
		},
		10,
		{
			"name": "decor",
			"origin": [8, 8, 8],
			"color": 0,
			"children": [11, 12, 13, 14, 15]
		}
	]
}