{
	"credit": "Made with Blockbench",
	"ambientocclusion": false,
	"textures": {
		"2": "block/acacia_planks",
		"3": "block/oak_planks",
		"particle": "block/acacia_planks"
	},
	"elements": [
		{
			"name": "door_lower_inner_0",
			"from": [2, 3, 6.5],
			"to": [14, 16, 9.5],
			"rotation": {"angle": 0, "axis": "y", "origin": [0, 0, 16]},
			"faces": {
				"north": {"uv": [2, 0, 14, 13], "texture": "#2", "cullface": "west"},
				"east": {"uv": [0, 0, 3, 13], "texture": "#2"},
				"south": {"uv": [2, 0, 14, 13], "texture": "#2"},
				"west": {"uv": [13, 0, 16, 13], "texture": "#2"},
				"down": {"uv": [2, 13, 14, 16], "rotation": 180, "texture": "#2"}
			}
		},
		{
			"name": "door_lower_outer_0",
			"from": [14, 0, 6.5],
			"to": [16, 16, 9.5],
			"rotation": {"angle": 0, "axis": "y", "origin": [0, 0, 16]},
			"faces": {
				"north": {"uv": [0, 0, 2, 16], "texture": "#3", "cullface": "west"},
				"east": {"uv": [13, 0, 16, 16], "texture": "#3", "cullface": "north"},
				"south": {"uv": [0, 0, 2, 16], "texture": "#3"},
				"west": {"uv": [13, 0, 16, 16], "texture": "#3"},
				"down": {"uv": [0, 13, 2, 16], "rotation": 180, "texture": "#3", "cullface": "down"}
			}
		},
		{
			"name": "door_lower_outer_1",
			"from": [0, 0, 6.5],
			"to": [2, 16, 9.5],
			"rotation": {"angle": 0, "axis": "y", "origin": [0, 0, 16]},
			"faces": {
				"north": {"uv": [14, 0, 16, 16], "texture": "#3", "cullface": "west"},
				"east": {"uv": [0, 0, 3, 16], "texture": "#3"},
				"south": {"uv": [14, 0, 16, 16], "texture": "#3"},
				"west": {"uv": [0, 0, 3, 16], "texture": "#3", "cullface": "south"},
				"down": {"uv": [14, 13, 16, 16], "rotation": 180, "texture": "#3", "cullface": "down"}
			}
		},
		{
			"name": "door_lower_outer_2",
			"from": [2, 0, 6.5],
			"to": [14, 3, 9.5],
			"rotation": {"angle": 0, "axis": "y", "origin": [0, 0, 16]},
			"faces": {
				"north": {"uv": [2, 13, 14, 16], "texture": "#3", "cullface": "west"},
				"south": {"uv": [2, 13, 14, 16], "texture": "#3"},
				"up": {"uv": [0, 2, 3, 14], "rotation": 90, "texture": "#3"},
				"down": {"uv": [2, 13, 14, 16], "rotation": 180, "texture": "#3", "cullface": "down"}
			}
		},
		{
			"name": "door_upper_inner_1",
			"from": [2, 26, 6.5],
			"to": [14, 29, 9.5],
			"rotation": {"angle": 0, "axis": "y", "origin": [0, 0, 16]},
			"faces": {
				"north": {"uv": [2, 3, 14, 6], "texture": "#2", "cullface": "west"},
				"east": {"uv": [0, 3, 3, 6], "texture": "#2"},
				"south": {"uv": [2, 3, 14, 6], "texture": "#2"},
				"west": {"uv": [13, 3, 16, 6], "texture": "#2"},
				"up": {"uv": [2, 0, 14, 3], "rotation": 180, "texture": "#2"}
			}
		},
		{
			"name": "door_upper_inner_2",
			"from": [11, 16, 6.5],
			"to": [14, 26, 9.5],
			"rotation": {"angle": 0, "axis": "y", "origin": [0, 0, 16]},
			"faces": {
				"north": {"uv": [2, 6, 5, 16], "texture": "#2", "cullface": "west"},
				"east": {"uv": [13, 6, 16, 16], "texture": "#2"},
				"south": {"uv": [11, 6, 14, 16], "texture": "#2"}
			}
		},
		{
			"name": "door_upper_inner_3",
			"from": [7, 24, 6.5],
			"to": [9, 26, 9.5],
			"rotation": {"angle": 0, "axis": "y", "origin": [0, 0, 16]},
			"faces": {
				"north": {"uv": [7, 6, 9, 8], "texture": "#2", "cullface": "west"},
				"south": {"uv": [7, 6, 9, 8], "texture": "#2"}
			}
		},
		{
			"name": "door_upper_inner_4",
			"from": [2, 16, 6.5],
			"to": [5, 26, 9.5],
			"rotation": {"angle": 0, "axis": "y", "origin": [0, 0, 16]},
			"faces": {
				"north": {"uv": [11, 6, 14, 16], "texture": "#2", "cullface": "west"},
				"south": {"uv": [2, 6, 5, 16], "texture": "#2"},
				"west": {"uv": [0, 6, 3, 16], "texture": "#2"}
			}
		},
		{
			"name": "door_upper_inner_5",
			"from": [5, 23, 6.5],
			"to": [7, 24, 9.5],
			"rotation": {"angle": 0, "axis": "y", "origin": [0, 0, 16]},
			"faces": {
				"north": {"uv": [9, 8, 11, 9], "texture": "#2", "cullface": "west"},
				"south": {"uv": [5, 9, 7, 8], "texture": "#2"}
			}
		},
		{
			"name": "door_upper_inner_6",
			"from": [9, 23, 6.5],
			"to": [11, 24, 9.5],
			"rotation": {"angle": 0, "axis": "y", "origin": [0, 0, 16]},
			"faces": {
				"north": {"uv": [5, 8, 7, 9], "texture": "#2", "cullface": "west"},
				"south": {"uv": [9, 8, 11, 9], "texture": "#2"}
			}
		},
		{
			"name": "door_upper_inner_7",
			"from": [5, 16, 6.5],
			"to": [6, 23, 9.5],
			"rotation": {"angle": 0, "axis": "y", "origin": [0, 0, 16]},
			"faces": {
				"north": {"uv": [10, 9, 11, 16], "texture": "#2", "cullface": "west"},
				"south": {"uv": [5, 9, 6, 16], "texture": "#2"}
			}
		},
		{
			"name": "door_upper_inner_8",
			"from": [10, 16, 6.5],
			"to": [11, 23, 9.5],
			"rotation": {"angle": 0, "axis": "y", "origin": [0, 0, 16]},
			"faces": {
				"north": {"uv": [5, 9, 6, 16], "texture": "#2", "cullface": "west"},
				"south": {"uv": [10, 9, 11, 16], "texture": "#2"}
			}
		},
		{
			"name": "door_upper_inner_9",
			"from": [7, 20, 6.5],
			"to": [9, 21, 9.5],
			"rotation": {"angle": 0, "axis": "y", "origin": [0, 0, 16]},
			"faces": {
				"north": {"uv": [7, 11, 9, 12], "texture": "#2", "cullface": "west"},
				"south": {"uv": [7, 11, 9, 12], "texture": "#2"}
			}
		},
		{
			"name": "door_upper_inner_10",
			"from": [6, 16, 6.5],
			"to": [10, 20, 9.5],
			"rotation": {"angle": 0, "axis": "y", "origin": [0, 0, 16]},
			"faces": {
				"north": {"uv": [6, 12, 10, 16], "texture": "#2", "cullface": "west"},
				"south": {"uv": [6, 12, 10, 16], "texture": "#2"}
			}
		},
		{
			"name": "door_upper_outer_1",
			"from": [0, 29, 6.5],
			"to": [16, 32, 9.5],
			"rotation": {"angle": 0, "axis": "y", "origin": [0, 0, 16]},
			"faces": {
				"north": {"uv": [0, 0, 16, 3], "texture": "#3"},
				"east": {"uv": [13, 0, 16, 3], "texture": "#3"},
				"south": {"uv": [0, 0, 16, 3], "texture": "#3"},
				"west": {"uv": [0, 0, 3, 3], "texture": "#3"},
				"up": {"uv": [0, 0, 16, 3], "rotation": 180, "texture": "#3"},
				"down": {"uv": [16, 0, 0, 3], "rotation": 180, "texture": "#3"}
			}
		},
		{
			"name": "door_upper_outer_10",
			"from": [0, 16, 6.5],
			"to": [2, 29, 9.5],
			"rotation": {"angle": 0, "axis": "y", "origin": [0, 0, 16]},
			"faces": {
				"north": {"uv": [14, 3, 16, 16], "texture": "#3"},
				"east": {"uv": [16, 3, 13, 16], "texture": "#3"},
				"south": {"uv": [0, 3, 2, 16], "texture": "#3"},
				"west": {"uv": [0, 3, 3, 16], "texture": "#3"}
			}
		},
		{
			"name": "door_upper_outer_15",
			"from": [14, 16, 6.5],
			"to": [16, 29, 9.5],
			"rotation": {"angle": 0, "axis": "y", "origin": [0, 0, 16]},
			"faces": {
				"north": {"uv": [0, 3, 2, 16], "texture": "#3"},
				"east": {"uv": [13, 3, 16, 16], "texture": "#3"},
				"south": {"uv": [14, 3, 16, 16], "texture": "#3"},
				"west": {"uv": [3, 3, 0, 16], "texture": "#3"}
			}
		},
		{
			"name": "door_handle",
			"from": [3, 17, 6.49],
			"to": [6, 18, 9.51],
			"rotation": {"angle": 0, "axis": "y", "origin": [0, 0, 16]},
			"faces": {
				"north": {"uv": [10, 14, 13, 15], "texture": "#3"},
				"south": {"uv": [3, 14, 6, 15], "texture": "#3"}
			}
		},
		{
			"name": "door_handle",
			"from": [3, 16, 6.49],
			"to": [4, 17, 9.51],
			"rotation": {"angle": 0, "axis": "y", "origin": [0, 0, 16]},
			"faces": {
				"north": {"uv": [12, 15, 13, 16], "texture": "#3"},
				"south": {"uv": [3, 15, 4, 16], "texture": "#3"}
			}
		}
	],
	"gui_light": "front",
	"display": {
		"thirdperson_righthand": {
			"translation": [0, 0, 1],
			"scale": [0.22, 0.22, 0.22]
		},
		"thirdperson_lefthand": {
			"translation": [0, 0, 1],
			"scale": [0.22, 0.22, 0.22]
		},
		"firstperson_righthand": {
			"rotation": [0, -90, 25],
			"translation": [1.25, -0.5, 1],
			"scale": [0.34, 0.34, 0.34]
		},
		"firstperson_lefthand": {
			"rotation": [0, -90, 25],
			"translation": [1.25, -0.5, 1],
			"scale": [0.34, 0.34, 0.34]
		},
		"ground": {
			"translation": [0, 3, 0],
			"scale": [0.25, 0.25, 0.25]
		},
		"gui": {
			"translation": [0, -3.5, 0],
			"scale": [0.45, 0.45, 0.45]
		},
		"head": {
			"rotation": [0, 180, 0],
			"translation": [0, 1.5, -5.5]
		},
		"fixed": {
			"translation": [0, -4, 0],
			"scale": [0.5, 0.5, 0.5]
		}
	},
	"groups": [
		{
			"name": "door_lower",
			"origin": [8, 8, 8],
			"color": 0,
			"children": [
				{
					"name": "door_lower_inner",
					"origin": [8, 8, 8],
					"color": 0,
					"children": [0]
				},
				{
					"name": "door_lower_outer",
					"origin": [8, 8, 8],
					"color": 0,
					"children": [1, 2, 3]
				}
			]
		},
		{
			"name": "door_upper_inner",
			"origin": [8, 8, 8],
			"color": 0,
			"children": [4, 5, 6, 7, 8, 9, 10, 11, 12, 13]
		},
		{
			"name": "door_upper_outer",
			"origin": [8, 8, 8],
			"color": 0,
			"children": [14, 15, 16]
		},
		17,
		18
	]
}