{
	"credit": "Made with Blockbench",
	"ambientocclusion": false,
	"parent": "block/block",
	"textures": {
		"bricks": "block/bricks",
		"sand": "block/sand",
		"orange_wool": "block/orange_wool",
		"dirt": "block/dirt",
		"label_oak": "block/oak_log",
		"label_spruce": "block/spruce_log",
		"label_birch": "block/birch_log",
		"label_jungle": "block/jungle_log",
		"particle": "minecolonies:block/hut_base_side",
		"shelf": "minecolonies:block/hut_base_side",
		"legs": "minecolonies:block/rack_legs"
	},
	"elements": [
		{
			"from": [10.995, 16, 4.995],
			"to": [13.995, 19, 7.995],
			"rotation": {"angle": -22.5, "axis": "y", "origin": [10.9425, 19, 3.995]},
			"faces": {
				"east": {"uv": [0, 10, 6, 16], "texture": "#bricks"},
				"south": {"uv": [10, 10, 16, 16], "texture": "#bricks"}
			}
		},
		{
			"from": [7.995, 16, 1.995],
			"to": [10.995, 19, 4.995],
			"rotation": {"angle": -22.5, "axis": "y", "origin": [10.9425, 19, 3.995]},
			"faces": {
				"north": {"uv": [10, 10, 16, 16], "texture": "#bricks"},
				"west": {"uv": [0, 10, 6, 16], "texture": "#bricks"}
			}
		},
		{
			"from": [7.995, 16, 4.995],
			"to": [10.995, 19, 7.995],
			"rotation": {"angle": -22.5, "axis": "y", "origin": [10.9425, 19, 3.995]},
			"faces": {
				"south": {"uv": [0, 10, 6, 16], "texture": "#bricks"},
				"west": {"uv": [10, 10, 16, 16], "texture": "#bricks"}
			}
		},
		{
			"from": [10.995, 16, 1.995],
			"to": [13.995, 19, 4.995],
			"rotation": {"angle": -22.5, "axis": "y", "origin": [10.9425, 19, 3.995]},
			"faces": {
				"north": {"uv": [0, 10, 6, 16], "texture": "#bricks"},
				"east": {"uv": [10, 10, 16, 16], "texture": "#bricks"}
			}
		},
		{
			"from": [10.995, 19, 1.995],
			"to": [13.995, 22, 4.995],
			"rotation": {"angle": -22.5, "axis": "y", "origin": [10.9425, 19, 3.995]},
			"faces": {
				"north": {"uv": [0, 0, 6, 6], "texture": "#bricks"},
				"east": {"uv": [10, 0, 16, 6], "texture": "#bricks"},
				"up": {"uv": [0, 0, 6, 6], "rotation": 90, "texture": "#bricks"}
			}
		},
		{
			"from": [10.995, 19, 4.995],
			"to": [13.995, 22, 7.995],
			"rotation": {"angle": -22.5, "axis": "y", "origin": [10.9425, 19, 3.995]},
			"faces": {
				"east": {"uv": [0, 0, 6, 6], "texture": "#bricks"},
				"south": {"uv": [10, 0, 16, 6], "texture": "#bricks"},
				"up": {"uv": [10, 0, 16, 6], "rotation": 90, "texture": "#bricks"}
			}
		},
		{
			"from": [7.995, 19, 1.995],
			"to": [10.995, 22, 4.995],
			"rotation": {"angle": -22.5, "axis": "y", "origin": [10.9425, 19, 3.995]},
			"faces": {
				"north": {"uv": [10, 0, 16, 6], "texture": "#bricks"},
				"west": {"uv": [0, 0, 6, 6], "texture": "#bricks"},
				"up": {"uv": [0, 10, 6, 16], "rotation": 90, "texture": "#bricks"}
			}
		},
		{
			"from": [7.995, 19, 4.995],
			"to": [10.995, 22, 7.995],
			"rotation": {"angle": -22.5, "axis": "y", "origin": [10.9425, 19, 3.995]},
			"faces": {
				"south": {"uv": [0, 0, 6, 6], "texture": "#bricks"},
				"west": {"uv": [10, 0, 16, 6], "texture": "#bricks"},
				"up": {"uv": [10, 10, 16, 16], "rotation": 90, "texture": "#bricks"}
			}
		},
		{
			"name": "label",
			"from": [14.01, 16.5, 2.5],
			"to": [14.01, 21.5, 7.5],
			"rotation": {"angle": -22.5, "axis": "y", "origin": [11, 19, 4]},
			"faces": {
				"east": {"uv": [0, 0, 16, 16], "texture": "#label_oak"}
			}
		},
		{
			"name": "label",
			"from": [7.88, 16.5, 2.5],
			"to": [7.88, 21.5, 7.5],
			"rotation": {"angle": -22.5, "axis": "y", "origin": [11, 19, 4]},
			"faces": {
				"west": {"uv": [0, 0, 16, 16], "texture": "#label_oak"}
			}
		},
		{
			"from": [5, 16, 9],
			"to": [8, 19, 12],
			"rotation": {"angle": 22.5, "axis": "y", "origin": [5, 19, 11]},
			"faces": {
				"north": {"uv": [0, 10, 6, 16], "texture": "#sand"},
				"east": {"uv": [10, 10, 16, 16], "texture": "#sand"}
			}
		},
		{
			"from": [2, 16, 12],
			"to": [5, 19, 15],
			"rotation": {"angle": 22.5, "axis": "y", "origin": [5, 19, 11]},
			"faces": {
				"south": {"uv": [0, 10, 6, 16], "texture": "#sand"},
				"west": {"uv": [10, 10, 16, 16], "texture": "#sand"}
			}
		},
		{
			"from": [5, 16, 12],
			"to": [8, 19, 15],
			"rotation": {"angle": 22.5, "axis": "y", "origin": [5, 19, 11]},
			"faces": {
				"east": {"uv": [0, 10, 6, 16], "texture": "#sand"},
				"south": {"uv": [10, 10, 16, 16], "texture": "#sand"}
			}
		},
		{
			"from": [2, 16, 9],
			"to": [5, 19, 12],
			"rotation": {"angle": 22.5, "axis": "y", "origin": [5, 19, 11]},
			"faces": {
				"north": {"uv": [10, 10, 16, 16], "texture": "#sand"},
				"west": {"uv": [0, 10, 6, 16], "texture": "#sand"}
			}
		},
		{
			"from": [2, 19, 9],
			"to": [5, 22, 12],
			"rotation": {"angle": 22.5, "axis": "y", "origin": [5, 19, 11]},
			"faces": {
				"north": {"uv": [10, 0, 16, 6], "texture": "#sand"},
				"west": {"uv": [0, 0, 6, 6], "texture": "#sand"},
				"up": {"uv": [0, 0, 6, 6], "texture": "#sand"}
			}
		},
		{
			"from": [5, 19, 9],
			"to": [8, 22, 12],
			"rotation": {"angle": 22.5, "axis": "y", "origin": [5, 19, 11]},
			"faces": {
				"north": {"uv": [0, 0, 6, 6], "texture": "#sand"},
				"east": {"uv": [10, 0, 16, 6], "texture": "#sand"},
				"up": {"uv": [10, 0, 16, 6], "texture": "#sand"}
			}
		},
		{
			"from": [2, 19, 12],
			"to": [5, 22, 15],
			"rotation": {"angle": 22.5, "axis": "y", "origin": [5, 19, 11]},
			"faces": {
				"south": {"uv": [0, 0, 6, 6], "texture": "#sand"},
				"west": {"uv": [10, 0, 16, 6], "texture": "#sand"},
				"up": {"uv": [0, 10, 6, 16], "texture": "#sand"}
			}
		},
		{
			"from": [5, 19, 12],
			"to": [8, 22, 15],
			"rotation": {"angle": 22.5, "axis": "y", "origin": [5, 19, 11]},
			"faces": {
				"east": {"uv": [0, 0, 6, 6], "texture": "#sand"},
				"south": {"uv": [10, 0, 16, 6], "texture": "#sand"},
				"up": {"uv": [10, 10, 16, 16], "texture": "#sand"}
			}
		},
		{
			"name": "label",
			"from": [1.99, 16.5, 9.5],
			"to": [1.99, 21.5, 14.5],
			"rotation": {"angle": 22.5, "axis": "y", "origin": [5, 19, 11]},
			"faces": {
				"west": {"uv": [0, 0, 16, 16], "texture": "#label_spruce"}
			}
		},
		{
			"name": "label",
			"from": [8.01, 16.5, 9.5],
			"to": [8.01, 21.5, 14.5],
			"rotation": {"angle": 22.5, "axis": "y", "origin": [5, 19, 11]},
			"faces": {
				"east": {"uv": [0, 0, 16, 16], "texture": "#label_spruce"}
			}
		},
		{
			"from": [12, 8, 8],
			"to": [15, 11, 11],
			"rotation": {"angle": 22.5, "axis": "y", "origin": [12, 11, 11]},
			"faces": {
				"north": {"uv": [0, 10, 6, 16], "texture": "#orange_wool"},
				"east": {"uv": [10, 10, 16, 16], "texture": "#orange_wool"}
			}
		},
		{
			"from": [9, 8, 11],
			"to": [12, 11, 14],
			"rotation": {"angle": 22.5, "axis": "y", "origin": [12, 11, 11]},
			"faces": {
				"south": {"uv": [0, 10, 6, 16], "texture": "#orange_wool"},
				"west": {"uv": [10, 10, 16, 16], "texture": "#orange_wool"}
			}
		},
		{
			"from": [12, 8, 11],
			"to": [15, 11, 14],
			"rotation": {"angle": 22.5, "axis": "y", "origin": [12, 11, 11]},
			"faces": {
				"east": {"uv": [0, 10, 6, 16], "texture": "#orange_wool"},
				"south": {"uv": [10, 10, 16, 16], "texture": "#orange_wool"}
			}
		},
		{
			"from": [9, 8, 8],
			"to": [12, 11, 11],
			"rotation": {"angle": 22.5, "axis": "y", "origin": [12, 11, 11]},
			"faces": {
				"north": {"uv": [10, 10, 16, 16], "texture": "#orange_wool"},
				"west": {"uv": [0, 10, 6, 16], "texture": "#orange_wool"}
			}
		},
		{
			"from": [9, 11, 8],
			"to": [12, 14, 11],
			"rotation": {"angle": 22.5, "axis": "y", "origin": [12, 11, 11]},
			"faces": {
				"north": {"uv": [10, 0, 16, 6], "texture": "#orange_wool"},
				"west": {"uv": [0, 0, 6, 6], "texture": "#orange_wool"},
				"up": {"uv": [0, 0, 6, 6], "texture": "#orange_wool"}
			}
		},
		{
			"from": [12, 11, 8],
			"to": [15, 14, 11],
			"rotation": {"angle": 22.5, "axis": "y", "origin": [12, 11, 11]},
			"faces": {
				"north": {"uv": [0, 0, 6, 6], "texture": "#orange_wool"},
				"east": {"uv": [10, 0, 16, 6], "texture": "#orange_wool"},
				"up": {"uv": [10, 0, 16, 6], "texture": "#orange_wool"}
			}
		},
		{
			"from": [9, 11, 11],
			"to": [12, 14, 14],
			"rotation": {"angle": 22.5, "axis": "y", "origin": [12, 11, 11]},
			"faces": {
				"south": {"uv": [0, 0, 6, 6], "texture": "#orange_wool"},
				"west": {"uv": [10, 0, 16, 6], "texture": "#orange_wool"},
				"up": {"uv": [0, 10, 6, 16], "texture": "#orange_wool"}
			}
		},
		{
			"from": [12, 11, 11],
			"to": [15, 14, 14],
			"rotation": {"angle": 22.5, "axis": "y", "origin": [12, 11, 11]},
			"faces": {
				"east": {"uv": [0, 0, 6, 6], "texture": "#orange_wool"},
				"south": {"uv": [10, 0, 16, 6], "texture": "#orange_wool"},
				"up": {"uv": [10, 10, 16, 16], "texture": "#orange_wool"}
			}
		},
		{
			"name": "label",
			"from": [15.01, 8.5, 8.5],
			"to": [15.01, 13.5, 13.5],
			"rotation": {"angle": 22.5, "axis": "y", "origin": [12, 11, 11]},
			"faces": {
				"east": {"uv": [0, 0, 16, 16], "texture": "#label_birch"}
			}
		},
		{
			"name": "label",
			"from": [8.99, 8.5, 8.5],
			"to": [8.99, 13.5, 13.5],
			"rotation": {"angle": 22.5, "axis": "y", "origin": [12, 11, 11]},
			"faces": {
				"west": {"uv": [0, 0, 16, 16], "texture": "#label_birch"}
			}
		},
		{
			"from": [4.995, 8, 4.995],
			"to": [7.995, 11, 7.995],
			"rotation": {"angle": 0, "axis": "y", "origin": [5, 19, 3.995]},
			"faces": {
				"east": {"uv": [0, 10, 6, 16], "texture": "#dirt"},
				"south": {"uv": [10, 10, 16, 16], "texture": "#dirt"}
			}
		},
		{
			"from": [1.995, 8, 1.995],
			"to": [4.995, 11, 4.995],
			"rotation": {"angle": 0, "axis": "y", "origin": [5, 19, 3.995]},
			"faces": {
				"north": {"uv": [10, 10, 16, 16], "texture": "#dirt"},
				"west": {"uv": [0, 10, 6, 16], "texture": "#dirt"}
			}
		},
		{
			"from": [1.995, 8, 4.995],
			"to": [4.995, 11, 7.995],
			"rotation": {"angle": 0, "axis": "y", "origin": [5, 19, 3.995]},
			"faces": {
				"south": {"uv": [0, 10, 6, 16], "texture": "#dirt"},
				"west": {"uv": [10, 10, 16, 16], "texture": "#dirt"}
			}
		},
		{
			"from": [4.995, 8, 1.995],
			"to": [7.995, 11, 4.995],
			"rotation": {"angle": 0, "axis": "y", "origin": [5, 19, 3.995]},
			"faces": {
				"north": {"uv": [0, 10, 6, 16], "texture": "#dirt"},
				"east": {"uv": [10, 10, 16, 16], "texture": "#dirt"}
			}
		},
		{
			"from": [4.995, 11, 1.995],
			"to": [7.995, 14, 4.995],
			"rotation": {"angle": 0, "axis": "y", "origin": [5, 19, 3.995]},
			"faces": {
				"north": {"uv": [0, 0, 6, 6], "texture": "#dirt"},
				"east": {"uv": [10, 0, 16, 6], "texture": "#dirt"},
				"up": {"uv": [0, 0, 6, 6], "rotation": 90, "texture": "#dirt"}
			}
		},
		{
			"from": [4.995, 11, 4.995],
			"to": [7.995, 14, 7.995],
			"rotation": {"angle": 0, "axis": "y", "origin": [5, 19, 3.995]},
			"faces": {
				"east": {"uv": [0, 0, 6, 6], "texture": "#dirt"},
				"south": {"uv": [10, 0, 16, 6], "texture": "#dirt"},
				"up": {"uv": [10, 0, 16, 6], "rotation": 90, "texture": "#dirt"}
			}
		},
		{
			"from": [1.995, 11, 1.995],
			"to": [4.995, 14, 4.995],
			"rotation": {"angle": 0, "axis": "y", "origin": [5, 19, 3.995]},
			"faces": {
				"north": {"uv": [10, 0, 16, 6], "texture": "#dirt"},
				"west": {"uv": [0, 0, 6, 6], "texture": "#dirt"},
				"up": {"uv": [0, 10, 6, 16], "rotation": 90, "texture": "#dirt"}
			}
		},
		{
			"from": [1.995, 11, 4.995],
			"to": [4.995, 14, 7.995],
			"rotation": {"angle": 0, "axis": "y", "origin": [5, 19, 3.995]},
			"faces": {
				"south": {"uv": [0, 0, 6, 6], "texture": "#dirt"},
				"west": {"uv": [10, 0, 16, 6], "texture": "#dirt"},
				"up": {"uv": [10, 10, 16, 16], "rotation": 90, "texture": "#dirt"}
			}
		},
		{
			"name": "label",
			"from": [8.01, 8.5, 2.5],
			"to": [8.01, 13.5, 7.5],
			"rotation": {"angle": 0, "axis": "y", "origin": [5, 19, 3.995]},
			"faces": {
				"east": {"uv": [0, 0, 16, 16], "texture": "#label_jungle"}
			}
		},
		{
			"name": "label",
			"from": [1.88, 8.5, 2.5],
			"to": [1.88, 13.5, 7.5],
			"rotation": {"angle": 0, "axis": "y", "origin": [5, 19, 3.995]},
			"faces": {
				"west": {"uv": [0, 0, 16, 16], "texture": "#label_jungle"}
			}
		},
		{
			"name": "top_shelf",
			"from": [0, 15, 0],
			"to": [16, 16, 16],
			"faces": {
				"north": {"uv": [0, 0, 16, 1], "rotation": 180, "texture": "#shelf", "cullface": "north"},
				"east": {"uv": [15, 0, 16, 16], "rotation": 90, "texture": "#shelf", "cullface": "east"},
				"south": {"uv": [0, 15, 16, 16], "texture": "#shelf", "cullface": "south"},
				"west": {"uv": [0, 0, 1, 16], "rotation": 270, "texture": "#shelf", "cullface": "west"},
				"up": {"uv": [0, 0, 16, 16], "texture": "#shelf", "cullface": "up"},
				"down": {"uv": [16, 0, 0, 16], "rotation": 180, "texture": "#shelf"}
			}
		},
		{
			"name": "bottom_shelf",
			"from": [0, 7, 0],
			"to": [16, 8, 16],
			"faces": {
				"north": {"uv": [0, 0, 16, 1], "rotation": 180, "texture": "#shelf", "cullface": "north"},
				"east": {"uv": [15, 0, 16, 16], "rotation": 90, "texture": "#shelf", "cullface": "east"},
				"south": {"uv": [0, 15, 16, 16], "texture": "#shelf", "cullface": "south"},
				"west": {"uv": [0, 0, 1, 16], "rotation": 270, "texture": "#shelf", "cullface": "west"},
				"up": {"uv": [0, 0, 16, 16], "texture": "#shelf"},
				"down": {"uv": [16, 0, 0, 16], "rotation": 180, "texture": "#shelf"}
			}
		},
		{
			"name": "leg_ne",
			"from": [14, 0, 1],
			"to": [15, 15, 1],
			"faces": {
				"north": {"uv": [0, 1, 1, 16], "texture": "#legs"},
				"south": {"uv": [0, 1, 1, 16], "texture": "#legs"}
			}
		},
		{
			"name": "leg_ne",
			"from": [15, 0, 1],
			"to": [15, 15, 2],
			"faces": {
				"east": {"uv": [0, 1, 1, 16], "texture": "#legs"},
				"west": {"uv": [0, 1, 1, 16], "texture": "#legs"}
			}
		},
		{
			"name": "leg_nw",
			"from": [1, 0, 1],
			"to": [2, 15, 1],
			"faces": {
				"north": {"uv": [0, 1, 1, 16], "texture": "#legs"},
				"south": {"uv": [0, 1, 1, 16], "texture": "#legs"}
			}
		},
		{
			"name": "leg_nw",
			"from": [1, 0, 1],
			"to": [1, 15, 2],
			"faces": {
				"east": {"uv": [0, 1, 1, 16], "texture": "#legs"},
				"west": {"uv": [0, 1, 1, 16], "texture": "#legs"}
			}
		},
		{
			"name": "leg_se",
			"from": [14, 0, 15],
			"to": [15, 15, 15],
			"faces": {
				"north": {"uv": [0, 1, 1, 16], "texture": "#legs"},
				"south": {"uv": [0, 1, 1, 16], "texture": "#legs"}
			}
		},
		{
			"name": "leg_se",
			"from": [15, 0, 14],
			"to": [15, 15, 15],
			"faces": {
				"east": {"uv": [0, 1, 1, 16], "texture": "#legs"},
				"west": {"uv": [0, 1, 1, 16], "texture": "#legs"}
			}
		},
		{
			"name": "leg_sw",
			"from": [1, 0, 15],
			"to": [2, 15, 15],
			"faces": {
				"north": {"uv": [0, 1, 1, 16], "texture": "#legs"},
				"south": {"uv": [0, 1, 1, 16], "texture": "#legs"}
			}
		},
		{
			"name": "leg_sw",
			"from": [1, 0, 14],
			"to": [1, 15, 15],
			"faces": {
				"east": {"uv": [0, 1, 1, 16], "texture": "#legs"},
				"west": {"uv": [0, 1, 1, 16], "texture": "#legs"}
			}
		}
	],
	"display": {
		"thirdperson_righthand": {
			"rotation": [75, 45, 0],
			"translation": [0, 2.5, 0],
			"scale": [0.375, 0.375, 0.375]
		},
		"thirdperson_lefthand": {
			"rotation": [75, 45, 0],
			"translation": [0, 2.5, 0],
			"scale": [0.375, 0.375, 0.375]
		},
		"firstperson_righthand": {
			"rotation": [0, 45, 0],
			"scale": [0.4, 0.4, 0.4]
		},
		"firstperson_lefthand": {
			"rotation": [0, 225, 0],
			"scale": [0.4, 0.4, 0.4]
		},
		"ground": {
			"translation": [0, 3, 0],
			"scale": [0.25, 0.25, 0.25]
		},
		"gui": {
			"rotation": [30, 225, 0],
			"scale": [0.625, 0.625, 0.625]
		},
		"fixed": {
			"scale": [0.5, 0.5, 0.5]
		}
	},
	"groups": [
		{
			"name": "bricks",
			"origin": [14.5, 8, 10],
			"color": 0,
			"nbt": "{}",
			"children": [0, 1, 2, 3, 4, 5, 6, 7, 8, 9]
		},
		{
			"name": "sand",
			"origin": [13, 16, 8],
			"color": 0,
			"nbt": "{}",
			"children": [10, 11, 12, 13, 14, 15, 16, 17, 18, 19]
		},
		{
			"name": "orange_wool",
			"origin": [7, 16, 3],
			"color": 0,
			"nbt": "{}",
			"children": [20, 21, 22, 23, 24, 25, 26, 27, 28, 29]
		},
		{
			"name": "dirt",
			"origin": [8, 8, 4],
			"color": 0,
			"nbt": "{}",
			"children": [30, 31, 32, 33, 34, 35, 36, 37, 38, 39]
		},
		{
			"name": "rack",
			"origin": [8, 8, 8],
			"color": 0,
			"nbt": "{}",
			"children": [40, 41, 42, 43, 44, 45, 46, 47, 48, 49]
		}
	]
}