{
	"format_version": "1.21.11",
	"credit": "Made with Blockbench",
	"textures": {
		"1": "waystones:block/end_stone_waystone",
		"2": "waystones:block/end_stone_waystone_top_side",
		"3": "waystones:block/end_stone_waystone_top_side_pillar",
		"4": "waystones:block/end_stone_waystone_top_bottom",
		"particle": "waystones:block/end_stone_waystone"
	},
	"elements": [
		{
			"name": "pillarTop",
			"from": [3, 0, 3],
			"to": [13, 10, 13],
			"faces": {
				"north": {"uv": [3, 6, 13, 16], "texture": "#3"},
				"east": {"uv": [3, 6, 13, 16], "texture": "#3"},
				"south": {"uv": [3, 6, 13, 16], "texture": "#3"},
				"west": {"uv": [3, 6, 13, 16], "texture": "#3"},
				"up": {"uv": [3, 3, 13, 13], "texture": "#1"},
				"down": {"uv": [3, 3, 13, 13], "texture": "#1"}
			}
		},
		{
			"name": "pillarTop",
			"from": [1, 10, 1],
			"to": [15, 16, 15],
			"faces": {
				"north": {"uv": [1, 0, 15, 6], "texture": "#2"},
				"east": {"uv": [1, 0, 15, 6], "texture": "#2"},
				"south": {"uv": [1, 0, 15, 6], "texture": "#2"},
				"west": {"uv": [1, 0, 15, 6], "texture": "#2"},
				"up": {"uv": [1, 1, 15, 15], "texture": "#1"},
				"down": {"uv": [1, 1, 15, 15], "texture": "#4"}
			}
		},
		{
			"name": "pillarTop",
			"from": [1, 8, 1],
			"to": [4, 10, 4],
			"rotation": {"angle": 0, "axis": "y", "origin": [0, -6, 0]},
			"faces": {
				"north": {"uv": [12, 6, 15, 8], "texture": "#2"},
				"east": {"uv": [1, 6, 4, 8], "texture": "#2"},
				"south": {"uv": [12, 6, 15, 8], "texture": "#2"},
				"west": {"uv": [1, 6, 4, 8], "texture": "#2"},
				"up": {"uv": [1, 9, 4, 12], "texture": "#2"},
				"down": {"uv": [1, 9, 4, 12], "texture": "#2"}
			}
		},
		{
			"name": "pillarTop",
			"from": [12, 8, 12],
			"to": [15, 10, 15],
			"rotation": {"angle": 0, "axis": "y", "origin": [11, -6, 11]},
			"faces": {
				"north": {"uv": [12, 6, 15, 8], "texture": "#2"},
				"east": {"uv": [1, 6, 4, 8], "texture": "#2"},
				"south": {"uv": [12, 6, 15, 8], "texture": "#2"},
				"west": {"uv": [1, 6, 4, 8], "texture": "#2"},
				"up": {"uv": [1, 9, 4, 12], "texture": "#2"},
				"down": {"uv": [1, 9, 4, 12], "texture": "#2"}
			}
		},
		{
			"name": "pillarTop",
			"from": [1, 8, 12],
			"to": [4, 10, 15],
			"rotation": {"angle": 0, "axis": "y", "origin": [0, -6, 11]},
			"faces": {
				"north": {"uv": [1, 6, 4, 8], "texture": "#2"},
				"east": {"uv": [12, 6, 15, 8], "texture": "#2"},
				"south": {"uv": [1, 6, 4, 8], "texture": "#2"},
				"west": {"uv": [12, 6, 15, 8], "texture": "#2"},
				"up": {"uv": [1, 9, 4, 12], "texture": "#2"},
				"down": {"uv": [1, 9, 4, 12], "texture": "#2"}
			}
		},
		{
			"name": "pillarTop",
			"from": [12, 8, 1],
			"to": [15, 10, 4],
			"rotation": {"angle": 0, "axis": "y", "origin": [11, -6, 0]},
			"faces": {
				"north": {"uv": [1, 6, 4, 8], "texture": "#2"},
				"east": {"uv": [12, 6, 15, 8], "texture": "#2"},
				"south": {"uv": [1, 6, 4, 8], "texture": "#2"},
				"west": {"uv": [12, 6, 15, 8], "texture": "#2"},
				"up": {"uv": [1, 9, 4, 12], "texture": "#2"},
				"down": {"uv": [1, 9, 4, 12], "texture": "#2"}
			}
		}
	],
	"groups": [
		{
			"name": "top",
			"origin": [8, 8, 8],
			"color": 0,
			"children": [0, 1, 2, 3, 4, 5]
		}
	]
}