{
	"format_version": "1.21.11",
	"credit": "Made with Blockbench",
	"textures": {
		"3": "waystones:block/end_stone_waystone",
		"4": "waystones:block/end_stone_waystone_bottom",
		"particle": "waystones:block/end_stone_waystone"
	},
	"elements": [
		{
			"name": "pillarBottom",
			"from": [3, 9, 3],
			"to": [13, 16, 13],
			"faces": {
				"north": {"uv": [3, 0, 13, 7], "texture": "#4"},
				"east": {"uv": [3, 0, 13, 7], "texture": "#4"},
				"south": {"uv": [3, 0, 13, 7], "texture": "#4"},
				"west": {"uv": [3, 0, 13, 7], "texture": "#4"},
				"up": {"uv": [3, 3, 13, 13], "texture": "#3"},
				"down": {"uv": [3, 3, 13, 13], "texture": "#3"}
			}
		},
		{
			"name": "pillarBottom",
			"from": [1, 3, 1],
			"to": [15, 9, 15],
			"faces": {
				"north": {"uv": [1, 7, 15, 13], "texture": "#4"},
				"east": {"uv": [1, 7, 15, 13], "texture": "#4"},
				"south": {"uv": [1, 7, 15, 13], "texture": "#4"},
				"west": {"uv": [1, 7, 15, 13], "texture": "#4"},
				"up": {"uv": [1, 1, 15, 15], "texture": "#3"},
				"down": {"uv": [1, 1, 15, 15], "texture": "#3"}
			}
		},
		{
			"name": "pillarBottom",
			"from": [0, 0, 0],
			"to": [16, 3, 16],
			"faces": {
				"north": {"uv": [0, 13, 16, 16], "texture": "#4"},
				"east": {"uv": [0, 13, 16, 16], "texture": "#4"},
				"south": {"uv": [0, 13, 16, 16], "texture": "#4"},
				"west": {"uv": [0, 13, 16, 16], "texture": "#4"},
				"up": {"uv": [0, 0, 16, 16], "texture": "#3"},
				"down": {"uv": [0, 0, 16, 16], "texture": "#3"}
			}
		}
	],
	"groups": [
		{
			"name": "bottom",
			"origin": [8, 8, 8],
			"color": 0,
			"children": [0, 1, 2]
		}
	]
}