{
	"format_version": "1.21.11",
	"credit": "Made with Blockbench",
	"textures": {
		"2": "waystones:block/portstone_top_bottom",
		"3": "waystones:block/portstone_top",
		"4": "waystones:block/andesite_waystone_bottom_bottom",
		"5": "waystones:block/andesite_waystone_bottom_top",
		"6": "waystones:block/andesite_waystone_bottom_top_top",
		"7": "waystones:block/portstone_top_top",
		"particle": "waystones:block/andesite_waystone_bottom_bottom"
	},
	"elements": [
		{
			"name": "pillarBottom",
			"from": [3, 9, 3],
			"to": [13, 14, 13],
			"faces": {
				"north": {"uv": [3, 2, 13, 7], "texture": "#2"},
				"east": {"uv": [3, 2, 13, 7], "texture": "#2"},
				"south": {"uv": [3, 2, 13, 7], "texture": "#2"},
				"west": {"uv": [3, 2, 13, 7], "texture": "#2"},
				"up": {"uv": [3, 3, 13, 13], "texture": "#5"},
				"down": {"uv": [3, 3, 13, 13], "texture": "#6"}
			}
		},
		{
			"name": "pillarBottom",
			"from": [4, 14, 5],
			"to": [12, 20, 10],
			"rotation": {"angle": 22.5, "axis": "x", "origin": [8, 14, 5]},
			"faces": {
				"north": {"uv": [5, 10, 13, 16], "texture": "#7"},
				"east": {"uv": [0, 10, 5, 16], "texture": "#7"},
				"south": {"uv": [5, 10, 13, 16], "texture": "#7"},
				"west": {"uv": [0, 10, 5, 16], "texture": "#7"},
				"up": {"uv": [5, 5, 13, 10], "texture": "#7"},
				"down": {"uv": [5, 5, 13, 10], "texture": "#7"}
			}
		},
		{
			"name": "pillarBottom",
			"from": [1, 3, 1],
			"to": [15, 9, 15],
			"faces": {
				"north": {"uv": [1, 7, 15, 13], "texture": "#2"},
				"east": {"uv": [1, 7, 15, 13], "texture": "#2"},
				"south": {"uv": [1, 7, 15, 13], "texture": "#2"},
				"west": {"uv": [1, 7, 15, 13], "texture": "#2"},
				"up": {"uv": [1, 1, 15, 15], "texture": "#6"},
				"down": {"uv": [1, 1, 15, 15], "texture": "#3"}
			}
		},
		{
			"name": "pillarBottom",
			"from": [0, 0, 0],
			"to": [16, 3, 16],
			"faces": {
				"north": {"uv": [0, 13, 16, 16], "texture": "#2"},
				"east": {"uv": [0, 13, 16, 16], "texture": "#2"},
				"south": {"uv": [0, 13, 16, 16], "texture": "#2"},
				"west": {"uv": [0, 13, 16, 16], "texture": "#2"},
				"up": {"uv": [0, 0, 16, 16], "texture": "#5"},
				"down": {"uv": [0, 0, 16, 16], "texture": "#4"}
			}
		}
	],
	"groups": [
		{
			"name": "bottom",
			"origin": [8, 8, 8],
			"color": 0,
			"children": [0, 1, 2, 3]
		}
	]
}