{
	"credit": "Made with Blockbench",
	"overrides": [
		{
			"model": "domum_ornamentum:item/door/door_full_spec",
			"predicate": {
				"domum_ornamentum:door_type": 0
			}
		},
		{
			"model": "domum_ornamentum:item/door/door_port_manteau_spec",
			"predicate": {
				"domum_ornamentum:door_type": 1
			}
		},
		{
			"model": "domum_ornamentum:item/door/door_vertically_striped_spec",
			"predicate": {
				"domum_ornamentum:door_type": 2
			}
		},
		{
			"model": "domum_ornamentum:item/door/door_waffle_spec",
			"predicate": {
				"domum_ornamentum:door_type": 3
			}
		}
	],
	"display": {
		"thirdperson_righthand": {
			"rotation": [75, 45, 0],
			"translation": [0.5, 0.75, 0],
			"scale": [0.25, 0.25, 0.25]
		},
		"thirdperson_lefthand": {
			"rotation": [75, 45, 0],
			"translation": [0.5, 0.75, 0],
			"scale": [0.25, 0.25, 0.25]
		},
		"firstperson_righthand": {
			"rotation": [0, 135, 0],
			"scale": [0.35, 0.35, 0.35]
		},
		"firstperson_lefthand": {
			"rotation": [0, 135, 0],
			"scale": [0.35, 0.35, 0.35]
		},
		"ground": {
			"translation": [0, 3, 0],
			"scale": [0.25, 0.25, 0.25]
		},
		"gui": {
			"rotation": [30, 225, 0],
			"translation": [0, -3, 0],
			"scale": [0.45, 0.45, 0.45]
		},
		"head": {
			"rotation": [0, 180, 0],
			"translation": [0, 1.5, -5.5]
		},
		"fixed": {
			"translation": [0, -4, 0],
			"scale": [0.5, 0.5, 0.5]
		}
	}
}