{
  "variants": {
    "facing=east": [
      { "model": "minecolonies:block/blockhutdeliveryman", "y": 0 },
      { "model": "minecolonies:block/blockhutdeliveryman_east_asian", "y": 0 },
      { "model": "minecolonies:block/blockhutdeliveryman_medieval", "y": 0 }
	],
    "facing=south": [
      { "model": "minecolonies:block/blockhutdeliveryman", "y": 90 },
      { "model": "minecolonies:block/blockhutdeliveryman_east_asian", "y": 90 },
      { "model": "minecolonies:block/blockhutdeliveryman_medieval", "y": 90 }
	],
    "facing=west": [
      { "model": "minecolonies:block/blockhutdeliveryman", "y": 180 },
      { "model": "minecolonies:block/blockhutdeliveryman_east_asian", "y": 180 },
      { "model": "minecolonies:block/blockhutdeliveryman_medieval", "y": 180 }
	],
    "facing=north": [
      { "model": "minecolonies:block/blockhutdeliveryman", "y": 270 },
      { "model": "minecolonies:block/blockhutdeliveryman_east_asian", "y": 270 },
      { "model": "minecolonies:block/blockhutdeliveryman_medieval", "y": 270 }
	]
  }
}